40.8361147,14.2409794,Cinema Filangieri,,,cinema,,,,
40.8358978,14.2428999,Cinema Metropolitan,,,cinema,,,,
40.8375547,14.2392155,Cinema delle Palme,,,cinema,,,,
40.8451170,14.2316466,Plaza - ingresso Bernini,,,cinema,,,,
40.8451825,14.2324842,Plaza - ingresso Kerbaker,,,cinema,,,,
40.8291000,14.2199539,Lapide di Claudio Miccoli,,memorial,,,,,
40.8635280,14.2553690,Osservatorio Astronomico,,monument,,,,,
40.8487445,14.2562138,Statua del dio Nilo,artwork,memorial,,,,,
40.8341835,14.2418573,Monumento ai Martiri Napoletani,,memorial,,,,,
40.8326552,14.2374094,,,monument,,,,,
40.8331772,14.2343798,,,monument,,,,,
40.8332513,14.2357776,,,monument,,,,,
40.8408129,14.2728348,,,,,slipway,,,
40.8444679,14.2745492,,,,,slipway,,,
40.8433765,14.2702625,,,,,slipway,,,
40.8446165,14.2740559,,,,,slipway,,,
40.8433638,14.2701094,,,,,slipway,,,
40.8433507,14.2699510,,,,,slipway,,,
40.8584377,14.2522297,Casa di Antonio De Curtis in arte Totò,,memorial,,,,,
40.8314592,14.2412478,Monumento ai Caduti del Mare,,memorial,,,,,
40.8521702,14.2601793,Guglia di San Gennaro,,monument,,,,,
40.8318640,14.2509270,Umberto I,,memorial,,,,,
40.8565109,14.2821157,Uomo Vitruviano,,memorial,,,,,
40.8617828,14.2684818,Chiesa di Sant'Alfonso Maria de Liguori,,,place_of_worship,,christian,,
40.8414872,14.2494851,,,wind_turbine,,,,,
40.8381857,14.2511716,,,monument,,,,,
40.8381085,14.2514746,,,monument,,,,,
40.8443790,14.2492579,Salvo D'Acquisto,,monument,,,,,
40.8430606,14.2577067,Fontana della Maruzza,,,fountain,,,,
40.8447170,14.2574143,,,monument,,,,,
40.8454248,14.2597323,,,monument,,,,,
40.8329432,14.2375862,Fontana della Tazza di Porfido,,,fountain,,,,
40.8324606,14.2371273,Fontana di Santa Lucia,,,fountain,,,,
40.8541594,14.2525044,Fontana del Tritone,,,fountain,,,,
40.8440362,14.2079759,,,,fountain,,,,
40.8436877,14.2555344,Vittorio Emanuele II,,monument,,,,,
40.8442916,14.2550180,Chiesa di Sant'Aspreno al Porto,,,place_of_worship,,christian,,
40.8260002,14.2049947,,,monument,,,,,
40.8457630,14.2573642,,,monument,,,,,
40.8462433,14.2578431,San Pietro Apostolo,,,place_of_worship,,christian,,
40.8484853,14.2596177,Fontana della Sellaria,,,fountain,,,,
40.8487581,14.2578411,Monte dei Pietà,,,place_of_worship,,christian,,
40.8489426,14.2501080,Dante Alighieri,,monument,,,,,
40.8257239,14.2202847,Fontana del Marinaretto,,,fountain,,,,
40.8462900,14.2586955,Santa Caterina della Spina Corona,,,place_of_worship,,christian,,
40.8462776,14.2587381,Fontana della Spinacorona,,,fountain,,,,
40.8501158,14.2572680,,,,fountain,,,,
40.8453668,14.2507903,Fontana di Monteoliveto,,,fountain,,,,
40.8472735,14.2496480,Giuseppe Garibaldi,,memorial,,,,,
40.8483506,14.2505559,Immacolata degli Operatori Sanitari,,,place_of_worship,,christian,,
40.8484493,14.2549090,Guglia di San Domenico,,monument,,,,,
40.8523132,14.2565231,Teatro Greco-Romano,,archaeological_site,,,,,
40.8536829,14.2558905,Chiesa di Santa Maria dei Bianchi,,,place_of_worship,,christian,,
40.8534091,14.2527574,,,archaeological_site,,,,,
40.8493138,14.2516001,Cabaret Port'Alba,,,theatre,,,,
40.8547832,14.2562188,San Giovanni in Porta,,,place_of_worship,,christian,,
40.8507763,14.2563824,Sant'Antonio di Padova,,,place_of_worship,,christian,,
40.8598546,14.2488775,Catacombe di San Gaudiosio,yes,archaeological_site,,,,,
40.8505352,14.2645994,Fontana del Capone,,,fountain,,,,
40.8542689,14.2645830,,,,fountain,,,,
40.8511198,14.2603323,Area Archeologica di San Carminiello ai Mannesi,,archaeological_site,,,,,
40.8524264,14.2631835,Sacro Monte dei Poveri,,,place_of_worship,,christian,,
40.8538392,14.2646748,Fontana del Formello,,,fountain,,,,
40.8538027,14.2616839,Scavi di Santa Maria di Agnone,,archaeological_site,,,,,
40.8521714,14.2677910,Giuseppe Garibaldi,,monument,,,,,
40.8510085,14.2655874,,,,fountain,,,,
40.8297184,14.2500830,Fontana del Gigante (Immacolatella),,,fountain,,,,
40.8484263,14.2614562,Chiesa Evangelica Valdese,,,place_of_worship,,christian,,
40.8503090,14.2629037,Chiesa di Sant'Eligio dei Chiavettieri,,,place_of_worship,,christian,,
40.8490717,14.2576438,Cappella del Monte di Pietà,,,place_of_worship,,christian,,
40.8513912,14.2427695,Giuseppe Mazzini,,monument,,,,,
40.8266670,14.2714660,,,wreck,,,,,
40.8449679,14.2108175,,,,,pitch,,,
40.8498545,14.2501650,Domenico Martuscelli,,monument,,,,,
40.8370246,14.2316021,Paul P. Harris,,monument,,,,,
40.8382801,14.2053678,Associazione Sportiva 2000,,,,sports_centre,,,
40.8281042,14.2196070,Fontana del Leone,,,fountain,,,,
40.8232232,14.2192340,Fontana del Sebeto,attraction,,fountain,,,,
40.8536554,14.2703123,Chiesa di Santa Maria del Carmine,,,place_of_worship,,christian,,
40.8494339,14.2721841,Confraternita di Sant'Antonio e Madonna Santissima del Carmine,,,place_of_worship,,christian,,
40.8582755,14.2736292,,,,fountain,,,,
40.8564997,14.2772598,,,,fountain,,,,
40.8560759,14.2785454,,,,fountain,,,,
40.8565710,14.2737192,Chiesa dell'Immacolata e Sant'Anna al Vasto,,,place_of_worship,,christian,,
40.8289177,14.2200378,Fontana della Sirena,,,fountain,,,,
40.8286404,14.2489969,Porticciolo di Santa Lucia,,,,marina,,,
40.8335758,14.2517295,Ottaviano Augusto,,memorial,,,,,
40.8326655,14.2413215,Nicola Amore,,memorial,,,,,
40.8319593,14.2412102,Giovanni Nicotera,,memorial,,,,,
40.8340988,14.2363106,Carlo Poerio,,memorial,,,,,
40.8462147,14.2609623,Fontana della Pietra del Pesce,,,fountain,,,,
40.8505218,14.2644003,Fontana della Scapigliata,,,fountain,,,,
40.8358684,14.2432016,Arciconfraternita della Santissima Resurrezione,,,place_of_worship,,christian,,
40.8324531,14.2405849,Personaggi della mitologia greca,,monument,,,,,
40.8322720,14.2405604,Personaggi della mitologia greca,,monument,,,,,
40.8320941,14.2406735,Personaggi della mitologia greca,,monument,,,,,
40.8367444,14.2235321,,,memorial,,,,,
40.8316326,14.2463053,,,memorial,,,,,
40.8344257,14.2493688,,,,fountain,,,,
40.8357270,14.2479613,Carlo di Borbone,,memorial,,,,,
40.8354145,14.2482067,Ferdinando I,,memorial,,,,,
40.8556641,14.2710054,Chiesa della Santissima Annunziata,,,place_of_worship,,christian,,
40.8593137,14.2683773,Confraternita,,,place_of_worship,,christian,,
40.8469107,14.2653959,Fontane-obelischi,,,fountain,,,,
40.8319109,14.2406499,Personaggi della mitologia greca,,monument,,,,,
40.8331746,14.2370734,Character from Greek mythology .,,monument,,,,,
40.8326073,14.2407424,Personaggi della mitologia greca,,monument,,,,,
40.8328638,14.2407817,Personaggi della mitologia greca,,monument,,,,,
40.8327752,14.2407709,Personaggi della mitologia greca,,monument,,,,,
40.8329396,14.2407740,Personaggi della mitologia greca,,monument,,,,,
40.8329969,14.2377632,Character from Greek mythology .,,monument,,,,,
40.8328815,14.2377786,Character from Greek mythology .,,monument,,,,,
40.8328745,14.2374582,Character from Greek mythology .,,monument,,,,,
40.8329957,14.2374382,Character from Greek mythology .,,monument,,,,,
40.8331752,14.2372456,Flora Capitolina,,,fountain,,,,
40.8332183,14.2364461,Greek characters,,monument,,,,,
40.8332463,14.2362443,,,,fountain,,,,
40.8329362,14.2311884,Gruppo Europa,,,fountain,,,,
40.8328991,14.2300816,Torquato Tasso,,monument,,,,,
40.8323514,14.2270531,Sigismund Thalberg,,monument,,,,,
40.8324384,14.2277756,Greek characters,,monument,,,,,
40.8476877,14.2545146,Oratorio di Santa Maria della Fede,,,place_of_worship,,christian,,
40.8514998,14.2658840,Chiesa dei Santi Crispino e Crispiniano,,,place_of_worship,,christian,,
40.8404126,14.2477635,Chiesa di Santa Maria Francesca delle Cinque Piaghe,,,place_of_worship,,christian,,
40.8394020,14.2444747,,,memorial,,,,,
40.8544154,14.2176179,Garden Park Srl,,,,pitch,,,
40.8318889,14.2304472,"Lungomare di Napoli, Via Francesco Caracciolo",,,,park,,,
40.8379233,14.2146508,Chiesa Santo Stefano,,,place_of_worship,,christian,,
40.8426516,14.2117389,Sporting Club Musella,,,,pitch,,,
40.8430885,14.2284147,Teatro Diana,,,theatre,,,,
40.8401148,14.2162534,Teatro Cilea,,,theatre,,,,
40.8526108,14.2255180,Chiesa Santa Maria della Rotonda,,,place_of_worship,,christian,,
40.8539756,14.2306337,Santa Maria del Soccorso,,,place_of_worship,,christian,,
40.8512621,14.2342043,Immacolata,,,place_of_worship,,christian,,
40.8481402,14.2385879,Parrocchia Maria Santissima del Buon Consiglio,,,place_of_worship,,christian,,
40.8417204,14.2219808,Santa Maria della Libera,,,place_of_worship,,christian,,
40.8400100,14.2101708,Chiesa dello Spirito Santo e Nostra Signora di Fatima,,,place_of_worship,,christian,,
40.8369310,14.2135073,Chiesa dei Pallottini,,,place_of_worship,,christian,,
40.8600931,14.2336118,Neapolis Sporting Club,,,,sports_centre,,,
40.8341385,14.2335624,,,,fountain,,,,
40.8520810,14.2568818,,,wayside_shrine,,,,,
40.8256016,14.2163448,San Gioacchino,,,place_of_worship,,christian,,
40.8528709,14.2295177,Cinema Vittoria,,,cinema,,,,
40.8496170,14.2302077,Cinema Teatro Acacia,,,cinema,,,,
40.8460667,14.2268293,Cinema Arcobaleno 3.0,,,cinema,,,,
40.8454572,14.2379472,Cinema America Hall,,,cinema,,,,
40.8503982,14.2203910,Chiesa Addolorata della Pigna,,,place_of_worship,,christian,,
40.8561278,14.2378061,Istituto delle Ancelle del Sacro Cuore della Venerabile Caterina Volpicelli,,,place_of_worship,,christian,,
40.8568009,14.2430465,Teatro Bolivar,,,theatre,,,,
40.8364105,14.2243324,Chiesa Sacro Cuore,,,place_of_worship,,christian,,
40.8248804,14.2202045,Chiesa di Santa Maria del Parto a Mergellina,,,place_of_worship,,christian,,
40.8498045,14.2261722,Chiesa di Sant'Anna,,,place_of_worship,,christian,,
40.8351675,14.2114737,Teatro di Villa Patrizi,,,theatre,,,,
40.8323620,14.2121650,Centro Sportivo Oasi,,,,sports_centre,,,
40.8506671,14.2576704,Neapolis Sotterrata,attraction,archaeological_site,,,,,
40.8228576,14.2173307,Circolo Nautico Posillipo,,,,sports_centre,,,
40.8469456,14.2494677,Giuseppe Garibaldi,,memorial,,,,,
40.8443870,14.2486230,Targa a Luigi La Vista,,memorial,,,,,
40.8444562,14.2397965,Targa ai martiri della repubblica partenopea,,monument,,,,,
40.8437520,14.2407881,Targa a Benedetto XIV,,monument,,,,,
40.8437251,14.2409364,Targa ai popolani di Napoli,,monument,,,,,
40.8356000,14.2342195,Targa a Peppino De Filippo,,monument,,,,,
40.8576418,14.2613090,Arciconfraternita della Dottrina Cristiana,,,place_of_worship,,christian,,
40.8605684,14.2471314,Nuovo Teatro Sanità,,,theatre,,,,
40.8370251,14.2363215,Teatro Sancarluccio,,,theatre,,,,
40.8469682,14.2662537,Fontane-obelischi,,,fountain,,,,
40.8473224,14.2530849,,,,,playground,,,
40.8474572,14.2527384,,,,,dog_park,,,
40.8264349,14.2218431,Mergellina Sannazzaro Marina,,,,marina,,,
40.8222294,14.2177071,Posillipo Small Harbour,,,,marina,,,
40.8342363,14.2530079,Porticciolo del Molosiglio,,,,marina,,,
40.8510787,14.2568470,Napoli Sotterranea,attraction,archaelogical_site;mine;aqueduct,,,,,
40.8323593,14.2357452,Fontana di Lucio Papirio,,,fountain,,,,
40.8325211,14.2389156,Fontana di Lucio Papirio,,,fountain,,,,
40.8358595,14.2518734,Fontana delle Conchiglie,,monument,,,,,
40.8520801,14.2196454,Giardinetti,,,,park,,,
40.8389276,14.2506511,Slot-Ult,,,gambling,,,,
40.8393849,14.2515488,Escape Napoli,,,,escape_game,,,
40.8410636,14.2500627,Polisportiva Fulgor,,,,fitness_centre,,,
40.8411386,14.2503575,McFit,,,,fitness_centre,,,
40.8493942,14.2288700,,,monument,,,,,
40.8435647,14.2282904,Targa alla meomoria di Totò,,monument,,,,,
40.8457157,14.2315935,Plaza,,,cinema,,,,
40.8424152,14.2500308,Bingo Fiorentini,,,,adult_gaming_centre,,,
40.8423851,14.2475170,Teatro Nuovo,,,theatre,,,,
40.8355537,14.2510954,Monumento al Fante,,monument,,,,,
40.8353561,14.2506199,Fontana dei Leoni,,monument,,,,,
40.8349299,14.2516405,Fontana dei Papiri,,monument,,,,,
40.8585341,14.2482118,Monumento a Umberto I d'Italia,,monument,,,,,"realizzato dall'architetto Errichelli, inaugurato il 29 luglio 1901 in occasione del primo anniversario della sua morte. Viene ricordata la sua visita alla città colpita dal colera del 1884. "
40.8585341,14.2485914,monumento ai caduti del quartiere della prima guerra mondiale,,monument,,,,,presenta sulla sommità il busto di un soldato italiano.
40.8515481,14.2494031,,,,fountain,,,,
40.8361601,14.2296739,Institut Français Napoli,,,arts_centre,,,,
40.8567615,14.2437445,Rocky Bulls,,,,fitness_centre,,,
40.8634561,14.2197361,Teatro Paradiso,,,theatre,,,,
40.8433112,14.2352950,blues and blues,,,nightclub,,,,
40.8544988,14.2644589,lanificio25,,,nightclub,,,,
40.8483972,14.2528301,galleria19,,,nightclub,,,,
40.8589910,14.2621374,Moses club,,,nightclub,,,,
40.8305561,14.2455518,strip club:rose my club,,,nightclub,,,,
40.8315473,14.2507121,Strip club:club21,,,nightclub,,,,
40.8420356,14.2578871,Porto di Napoli,,,,marina,,,
40.8523827,14.2725736,Freccia Club,,,events_venue,,,,
40.8577189,14.2840625,The Wall,,,nightclub,,,,
40.8299609,14.2175410,Tomba di Giacomo Leopardi,,monument,,,,,
40.8519602,14.2726737,Lounge Italo Club,,,events_venue,,,,
40.8527822,14.2184114,,,,,playground,,,
40.8582168,14.2523453,Necropoli ellenistica e acquedotto del Serino,,archaeological_site,,,,,
40.8440087,14.2532265,Tomba del Conte Vlad,,tomb,,,,,
40.8167438,14.2086238,Chiesa di San Luigi Gonzaga,,,place_of_worship,,christian,,
40.8220606,14.2155023,Crossfit Posillipo,,,,fitness_centre,,,
40.8205197,14.2140308,Nereidi,,,events_venue,,,,
40.8220786,14.2159355,Ondina Club,,,events_venue,,,,
40.8242326,14.2198622,Bar fly,,,nightclub,,,,
40.8142782,14.2074367,,,monument,,,,,
40.8481802,14.2474405,Teatro Bracco,,,theatre,,,,
40.8491459,14.2546458,Boudoir,,,nightclub,,,,
40.8473903,14.2541179,Ecumano Space,,,,sports_centre,,,
40.8493384,14.2549002,Disinganno,,memorial,,,,,
40.8493511,14.2548412,Cristo velato,,memorial,,,,,
40.8493165,14.2548144,Pudicizia,,memorial,,,,,
40.8492511,14.2549512,Amor Divino,,memorial,,,,,
40.8493195,14.2549109,Sincerità,,memorial,,,,,
40.8470611,14.2534048,Domus Ars,,,community_centre,,,,
40.8473206,14.2550274,,,wayside_shrine,,,christian,,
40.8476016,14.2274608,Dogana borbonica,,memorial,,,,,
40.8217738,14.2157760,Bagno Elena,,,,beach_resort,,,
40.8188482,14.2131575,Bagno Sirena,,,,beach_resort,,,
40.8212920,14.2145630,Bagno Ideal,,,,beach_resort,,,
40.8213242,14.2145412,Bagno Ideal,,,,beach_resort,,,
40.8481285,14.2518464,Targa in memoria del Parlamento delle Due Sicilie,,memorial,,,,,
40.8351211,14.2393582,Targa commemorativa a Luciano De Crescenzo,,memorial,,,,,
40.8530787,14.2727194,Targa in ricordo delle vittime della Strage del Rapido 904,,memorial,,,,,
40.8333595,14.2344017,Villa comunale,,,,park,,,
40.8404096,14.2527528,Targa in ricordo delle vittime dell'attentato di Napoli del 1988,,memorial,,,,,
40.8497872,14.2548793,,,wayside_shrine,,,christian,,
40.8512837,14.2645958,,,wayside_shrine,,,christian,,
40.8510772,14.2604897,,,wayside_shrine,,,christian,,
40.8501115,14.2553749,,,wayside_shrine,,,christian,,
40.8328238,14.2289009,Obelisco - Meridiana,,monument,,,,,"L'obelisco unito alla linea Meridiana consente di conoscere l'istante del passaggio del sole al meridiano locale ovvero il Mezzogiorno Vero Locale.
Ciò avviene quando l'ombra dell'obelisco viene proiettata sulla linea Meridiana."
40.8540341,14.2738356,Stelle Hotel The Businest,,,events_venue,,,,
40.8581406,14.2839380,Tiempo Centro Congressi,,,events_venue,,,,
40.8536505,14.2445683,Ex OPG,,,social_centre,,,,
40.8473896,14.2542091,Santa Fede Liberata,,,social_centre,,,,
40.8335262,14.2297630,,,,gambling,,,,
40.8203100,14.2137854,,,,gambling,,,,
40.8463498,14.2282683,,,,,fitness_centre,,,
40.8157322,14.2088306,Villa Mazzarella,,,events_venue,,,,
40.8330555,14.2118243,Centro Sportivo,,,,sports_centre,,,
40.8290649,14.2194254,Goldbet,,,gambling,,,,
40.8419582,14.2298566,,,,,playground,,,
40.8347645,14.2527855,Barca Italia I-20,,monument,,,,,"L'otto metri Stazza Internazionale che nel 1936 conquistò l'oro alle olimpiadi disputate a Kiel. Dal 2002 viene dichiaratata dal Ministero dei Beni Culturali ""monumento nazionale""."
40.8402085,14.2279517,Cenacolo Belvedere,,,events_venue,,,,
40.8511416,14.2568034,Napoli Sotterana,,archaeological_site,,,,,
40.8543429,14.2529247,,,memorial,,,,,
40.8560808,14.2806219,Ifo,,,,fitness_centre,,,
40.8354092,14.2515905,Giardini del Molosiglio,,,,park,,,
40.8464347,14.2240943,Stadio Arturo Collana,,,,stadium,,,
40.8590686,14.2816848,Chiesa San Carlo Borromeo,,,place_of_worship,,christian,,
40.8355807,14.2477440,Basilica di San Francesco di Paola,,,place_of_worship,,christian,,
40.8373491,14.2498032,Teatro di San Carlo,attraction,,theatre,,,,
40.8436909,14.2392944,Castel Sant'Elmo,,castle,,,,,
40.8625477,14.2625066,Orto Botanico,,,,park,,,
40.8510455,14.2653258,Chiesa della Santissima Annunziata maggiore,,,place_of_worship,,christian,,
40.8405891,14.2306546,Parco Villa Floridiana,,,,park,,,
40.8464368,14.2240928,,,,,track,,,
40.8464306,14.2240958,,,,,pitch,,,
40.8476826,14.2364677,Area Ex Gasometro,,,,park,,,
40.8483793,14.2396038,Parco Viviani,,,,park,,,
40.8573608,14.2007202,Parco Urbano dei Camaldoli,,,,nature_reserve,,,
40.8465202,14.2252494,Piazza Quattro Giornate,,,,park,,,
40.8488701,14.2279782,San Giovanni Battista dei Fiorentini,,,place_of_worship,,christian,,
40.8495329,14.2239870,Nostra Signora del Sacro Cuore,,,place_of_worship,,christian,,
40.8608685,14.2745309,,,,,track,,,
40.8459716,14.2531866,,,,,park,,,
40.8438609,14.2531847,Chiostro Piccolo,,,,park,,,
40.8440198,14.2534978,Chiostro di San Francesco,,,,park,,,
40.8513841,14.2428200,Piazza Giuseppe Mazzini,,,,park,,,
40.8497231,14.2443805,Parco Ventaglieri,,,,park,,,
40.8391495,14.2427981,Chiesa di Santa Caterina da Siena,,,place_of_worship,,christian,,
40.8526506,14.2597725,Cattedrale di Santa Maria Assunta (Duomo),,,place_of_worship,,christian,,Duomo di Santa Maria Assunta - Cattedrale di Napoli
40.8520712,14.2583654,Chiesa dei Girolamini,,,place_of_worship,,christian,,
40.8509175,14.2580367,Basilica di San Lorenzo Maggiore,,,place_of_worship,,christian,,
40.8513388,14.2569726,Basilica di San Paolo Maggiore,,,place_of_worship,,christian,,
40.8510689,14.2573763,Guglia di San Gaetano,,monument,,,,,
40.8493047,14.2549190,Cappella Sansevero,museum,,,,christian,,
40.8294223,14.2173687,Parco Vergiliano - Tomba di Virgilio,,archaeological_site,,park,,,
40.8565902,14.2145534,,,,,pitch,,,
40.8605242,14.2126934,,,,,pitch,,,
40.8475132,14.2529941,Campanile di Santa Chiara,attraction,yes,,,,,
40.8488899,14.2543024,Basilica di San Domenico Maggiore,,,place_of_worship,,christian,,
40.8632585,14.2559563,Parco dell'Osservatorio Astronomico di Capodimonte,,,,park,,,
40.8543900,14.2654842,Porta Capuana,,city_gate,,,,,
40.8505646,14.2307961,Giardini Silvia Ruotolo,,,,park,,,
40.8504543,14.2308252,,,,,pitch,,,
40.8455359,14.2557606,Basilica di San Giovanni Maggiore,,,place_of_worship,,christian,,
40.8457843,14.2557248,Cappella di San Giovanni dei Pappacoda,,,place_of_worship,,christian,,
40.8501569,14.2544348,Cappella Pontano,museum,,,,christian,,
40.8483531,14.2556006,Chiesa di Sant'Angelo a Nilo,,,place_of_worship,,christian,,
40.8228196,14.2180360,,,,,swimming_pool,,,
40.8539758,14.2664216,,,castle,,,,,
40.8459431,14.2675031,Torre La Brava,,castle,,,,,
40.8460888,14.2686359,Torre Spinelli (Il Trono),,castle,,,,,
40.8564054,14.2619881,,,castle,,,,,
40.8557571,14.2636318,,,castle,,,,,
40.8459590,14.2668174,,,city_gate,,,,,
40.8459668,14.2669674,,,city_gate,,,,,
40.8551008,14.2561288,Porta San Gennaro,,castle,,,,,
40.8454560,14.2489041,Chiesa di San Nicola alla Carità,,,place_of_worship,,christian,,
40.8388750,14.2491285,Chiesa di Santa Brigida,,,place_of_worship,,christian,,
40.8353379,14.2444833,Chiesa di Santa Maria degli Angeli a Pizzofalcone,,,place_of_worship,,christian,,
40.8360043,14.2436567,Chiesa di Santa Maria della Mercede presso Sant'Orsola a Chiaia,,,place_of_worship,,christian,,
40.8445377,14.2486191,Santa Maria della Carità,,,place_of_worship,,christian,,
40.8361526,14.2509718,,,,,garden,,,
40.8352200,14.2419409,Chiesa di Santa Caterina a Chiaia,,,place_of_worship,,christian,,
40.8338307,14.2409300,Chiesa Luterana di Napoli,,,place_of_worship,,christian,,
40.8363212,14.2343092,Chiesa dell'Ascensione a Chiaia,,,place_of_worship,,christian,,
40.8305993,14.2190076,Chiesa di Santa Maria di Piedigrotta,,,place_of_worship,,christian,,
40.8341474,14.2470097,Chiesa di Santa Maria Egiziaca a Pizzofalcone,,,place_of_worship,,christian,,
40.8331435,14.2347694,Cassa Armonica,,monument,,bandstand,,,
40.8444309,14.2540365,Chiesa di Santa Maria dell'Aiuto,,,place_of_worship,,christian,,
40.8497038,14.2607277,Chiesa di San Giorgio Maggiore,,,place_of_worship,,christian,,
40.8491564,14.2605057,Chiesa di San Severo al Pendino,,,place_of_worship,,christian,,
40.8497848,14.2616184,Chiesa di Sant'Arcangelo a Baiano,,,place_of_worship,,christian,,
40.8522977,14.2619909,Santa Maria della Pace,,yes,place_of_worship,,christian,,
40.8519795,14.2623954,,,,,garden,,,
40.8492632,14.2631350,Chiesa di Sant'Agostino alla Zecca,,,place_of_worship,,christian,,
40.8504875,14.2635654,Porta Furcillensis,,archaeological_site,,,,,
40.8428019,14.2461581,Santa Maria della Concezione a Montecalvario,,,place_of_worship,,christian,,
40.8425790,14.2458462,Santa Maria della Mercede a Montecalvario,,,place_of_worship,,christian,,
40.8412714,14.2528013,Chiesa della Pietà dei Turchini,,,place_of_worship,,christian,,
40.8426847,14.2485446,Chiesa di Santa Maria delle Grazie a Toledo,,,place_of_worship,,christian,,
40.8415176,14.2517340,Chiesa di San Giorgio dei Genovesi,,,place_of_worship,,christian,,
40.8411821,14.2520404,Chiesa di Santa Maria Incoronata,,,place_of_worship,,christian,,
40.8505777,14.2621129,Chiesa di Sant'Agrippino a Forcella,,,place_of_worship,,christian,,
40.8561210,14.2601596,Chiesa di San Giovanni a Carbonara,,,place_of_worship,,christian,,
40.8528015,14.2510100,Chiesa di Santa Maria di Costantinopoli,,,place_of_worship,,christian,,
40.8522655,14.2542704,Chiesa di Santa Maria Regina Coeli,,,place_of_worship,,christian,,
40.8498548,14.2521283,Mura Greche,,archaeological_site,,,,,
40.8444975,14.2560633,Chiesa di Sant'Onofrio dei Vecchi,,,place_of_worship,,christian,,
40.8180650,14.2042656,,,,,pitch,,,
40.8581311,14.2271645,Santa Maria Antesaecula,,,place_of_worship,,christian,,
40.8430197,14.2161885,,,,,pitch,,,
40.8400934,14.2290178,Chiesa di San Francesco d'Assisi,,,place_of_worship,,christian,,
40.8382150,14.2424241,Chiesa di Santa Maria delle Grazie,,,place_of_worship,,christian,,
40.8512587,14.2413090,Basilica di Santa Maria della Pazienza,,,place_of_worship,,christian,,
40.8367062,14.2260313,,,,,park,,,
40.8568842,14.2579857,Chiesa di San Carlo all'Arena,,,place_of_worship,,christian,,
40.8448143,14.2579566,San Pietro Martire,,,place_of_worship,,christian,,
40.8265709,14.2031479,,,,,park,,,
40.8273928,14.2039180,,,,,park,,,
40.8263089,14.2044907,,,,,park,,,
40.8263090,14.2047187,,,,,park,,,
40.8263701,14.2049252,,,,,park,,,
40.8264509,14.2050270,,,,,park,,,
40.8261921,14.2050860,,,,,park,,,
40.8263363,14.2048097,,,,,park,,,
40.8261160,14.2049332,,,,,park,,,
40.8260774,14.2047763,,,,,park,,,
40.8269691,14.2050237,,,,,park,,,
40.8270118,14.2046433,,,,,park,,,
40.8267211,14.2044467,,,,,park,,,
40.8267516,14.2047380,,,,,park,,,
40.8265557,14.2046857,,,,,park,,,
40.8271178,14.2041822,,,,,park,,,
40.8271472,14.2044021,,,,,park,,,
40.8617681,14.2743740,Stadio Militare dell'Arenaccia (Velodromo A.Albricci),,,,pitch,,,
40.8472565,14.2233237,,,,,pitch,,,
40.8474125,14.2238065,,,,,pitch,,,
40.8269126,14.2068082,Buon Pastore,,,place_of_worship,,christian,,
40.8540301,14.2651065,,,,,park,,,
40.8513811,14.2668723,San Pietro ad Aram,,,place_of_worship,,christian,,
40.8542811,14.2651758,,,,,park,,,
40.8540402,14.2652559,,,,,park,,,
40.8542347,14.2650244,,,,,park,,,
40.8496475,14.2643919,Chiesa di Santa Maria Egiziaca a Forcella,,,place_of_worship,,christian,,
40.8541067,14.2648889,,,,,park,,,
40.8543839,14.2649791,,,,,park,,,
40.8461333,14.2681841,,,yes,,,,,
40.8338102,14.2039320,,,,,park,,,
40.8336216,14.2042483,,,,,park,,,
40.8294850,14.2058813,,,,,park,,,
40.8296596,14.2064635,,,,,pitch,,,
40.8312075,14.2064540,,,,place_of_worship,,christian,,
40.8319222,14.2049665,,,,,pitch,,,
40.8317178,14.2048017,,,,,pitch,,,
40.8321903,14.2043624,,,,,park,,,
40.8315762,14.2043129,,,,,park,,,
40.8311751,14.2044056,,,,,park,,,
40.8313718,14.2045865,,,,,park,,,
40.8308600,14.2041521,,,,,park,,,
40.8306843,14.2049248,,,,,park,,,
40.8305377,14.2047980,,,,,park,,,
40.8308367,14.2045863,,,,,park,,,
40.8278767,14.2070871,,,,,pitch,,,
40.8282806,14.2066979,,,,,park,,,
40.8280558,14.2064984,,,,,recreation_ground,,,
40.8281497,14.2071242,,,,,sports_centre,,,
40.8288546,14.2069037,,,,,park,,,
40.8306754,14.2072493,,,,,park,,,
40.8245687,14.2045774,,,,,pitch,,,
40.8246184,14.2047848,,,,,pitch,,,
40.8245659,14.2052186,,,,,pitch,,,
40.8234327,14.2052954,,,,,pitch,,,
40.8257978,14.2076301,,,,,pitch,,,
40.8257488,14.2081919,,,,,pitch,,,
40.8288903,14.2084000,,,,,park,,,
40.8290708,14.2086448,,,,,park,,,
40.8290482,14.2081769,,,,,park,,,
40.8444824,14.2579760,Chiostro di Porta di Massa,,,,park,,,
40.8430158,14.2559233,Santa Maria di Monserrato,,,place_of_worship,,christian,,
40.8320282,14.2399775,,,,,playground,,,
40.8321066,14.2292287,,,,,pitch,,,
40.8320314,14.2288329,,,,,pitch,,,
40.8318263,14.2278000,,,,,pitch,,,
40.8549961,14.2492955,Chiesa di Santa Teresa degli Scalzi,,,place_of_worship,,christian,,
40.8501137,14.2496350,Santa Maria di Caravaggio,,,place_of_worship,,christian,,
40.8411678,14.2544236,,,,,park,,,
40.8400860,14.2512871,Fontana del Nettuno,,,fountain,,,,
40.8423773,14.2529817,Chiesa di San Diego all'Ospedaletto,,,place_of_worship,,christian,,
40.8417677,14.2530705,Santa Maria della Graziella,,,place_of_worship,,christian,,
40.8411763,14.2534047,Chiesa di San Bartolomeo,,,place_of_worship,,christian,,
40.8425019,14.2539714,Chiesa di Santa Barbara dei Marinai,,,place_of_worship,,christian,,
40.8422981,14.2544396,Chiesa di San Giacomo degli Italiani,,,place_of_worship,,christian,,
40.8415146,14.2493633,,,,,park,,,
40.8417363,14.2508046,Chiesa dei Santi Pietro e Paolo dei Greci,,,place_of_worship,,christian,,
40.8406347,14.2501475,Chiesa di San Giacomo degli Spagnoli,,,place_of_worship,,christian,,
40.8395302,14.2497074,,,,,park,,,
40.8387751,14.2519741,,,,,park,,,
40.8381624,14.2536797,Cappella Palatina,,church,place_of_worship,,christian,,
40.8380217,14.2510764,Antico Maneggio,,,,sports_centre,,,
40.8376874,14.2487960,Chiesa di San Ferdinando,,,place_of_worship,,christian,,
40.8376171,14.2512227,Polisportiva Partenope,,,,sports_centre,,,
40.8375904,14.2502852,,,,,park,,,
40.8373838,14.2506878,,,,,park,,,
40.8377722,14.2500895,,,,,park,,,
40.8378261,14.2504483,,,,,park,,,
40.8375235,14.2510313,,,,,park,,,
40.8371274,14.2510604,,,,,park,,,
40.8369363,14.2503389,,,,,park,,,
40.8373196,14.2503751,,,,,park,,,
40.8379575,14.2515878,,,,,park,,,
40.8443748,14.2492575,,,,,park,,,
40.8446981,14.2507116,Chiesa di Sant'Anna dei Lombardi,,,place_of_worship,,christian,,
40.8430298,14.2513556,,,,,park,,,
40.8475030,14.2473626,Chiesa della Santissima Trinità dei Pellegrini,,,place_of_worship,,christian,,
40.8428016,14.2575829,Chiesa di Santa Maria di Portosalvo,,,place_of_worship,,christian,,
40.8433162,14.2580839,,,,,park,,,
40.8425371,14.2571119,,,,,park,,,
40.8426266,14.2574914,,,,,park,,,
40.8430489,14.2576989,,,,,park,,,
40.8368940,14.2494447,,,,,park,,,
40.8447519,14.2490103,,,,,garden,,,
40.8462610,14.2510885,,,,,garden,,,
40.8463904,14.2511218,,,,,garden,,,
40.8466366,14.2609588,Chiesa di San Giovanni in Corte,,,place_of_worship,,christian,,
40.8468594,14.2613012,Sant'Andrea Apostolo dei Gattoli,,,,,christian,,
40.8465727,14.2634101,Chiesa di San Giovanni a Mare,,,place_of_worship,,christian,,
40.8467541,14.2644596,Chiesa di Sant'Eligio Maggiore,,,place_of_worship,,christian,,
40.8477529,14.2658183,Chiesa della Santa Croce e Purgatorio al Mercato,,,place_of_worship,,christian,,
40.8492909,14.2658969,Chiesa di Santa Maria la Scala,,,place_of_worship,,christian,,
40.8503785,14.2679195,Porta Nolana,,castle,,,,,
40.8471649,14.2687792,,,,,park,,,
40.8466053,14.2678898,Chiostro del Carmine Maggiore,,,,park,,,
40.8461443,14.2646192,,,,,park,,,
40.8462377,14.2658730,,,,,park,,,
40.8460898,14.2641376,,,,,park,,,
40.8460241,14.2637341,,,,,park,,,
40.8464202,14.2658663,,,,,playground,,,
40.8496291,14.2473102,San Giuseppe delle Scalze a Pontecorvo,,,place_of_worship,,christian,,
40.8476596,14.2572260,Chiesa di Santa Maria di Monteverginella,,,place_of_worship,,christian,,
40.8546482,14.2539958,,,,,park,,,
40.8543418,14.2533631,,,,,park,,,
40.8594487,14.2231520,Parco Agricolo Salvatore Buglione,,,,park,,,
40.8444115,14.2079883,,,,,park,,,
40.8437907,14.2076692,,,,,park,,,
40.8441317,14.2075712,,,,,park,,,
40.8440960,14.2084671,,,,,park,,,
40.8401260,14.2038537,,,,,park,,,
40.8397304,14.2041506,,,,,park,,,
40.8395387,14.2046595,,,,,park,,,
40.8503879,14.2688226,Chiesa dei Santi Cosma e Damiano,,,place_of_worship,,christian,,
40.8487954,14.2682376,Confraternita dell'Immacolata Concezione e San Gioacchino,,,place_of_worship,,christian,,
40.8439405,14.2554742,,,,,park,,,
40.8440923,14.2557143,,,,,park,,,
40.8433814,14.2550680,,,,,park,,,
40.8459130,14.2555574,,,,,park,,,
40.8440393,14.2526847,,,,,park,,,
40.8460396,14.2550693,,,,,park,,,
40.8476108,14.2518447,Gesù Nuovo,,,place_of_worship,,christian,,Gothic Church
40.8467960,14.2529332,Santa Chiara,,,place_of_worship,,christian,,
40.8467429,14.2524777,,,,,park,,,
40.8453696,14.2534158,,,,,pitch,,,
40.8454769,14.2537972,,,,,park,,,
40.8464667,14.2535676,,,,place_of_worship,,christian,,
40.8463427,14.2523761,,,,,park,,,
40.8473231,14.2523100,,,,,park,,,
40.8472520,14.2529252,,,,,park,,,
40.8468330,14.2531764,,,,,park,,,
40.8468913,14.2533612,,,,,park,,,
40.8455575,14.2525117,,,,,park,,,
40.8476406,14.2528147,Santa Marta,,,place_of_worship,,christian,,
40.8472411,14.2535201,"San Francesco delle Monache (Centro Culturale ""Domus Ars"")",,,place_of_worship,,christian,,
40.8470111,14.2516092,Guglia dell'Immacolata,,monument,,,,,
40.8436672,14.2530612,Basilica di Santa Maria la Nova,,,place_of_worship,,christian,,
40.8446741,14.2525049,Chiesa di Santa Maria Donnalbina,,,place_of_worship,,christian,,
40.8443110,14.2527490,Chiesa dei Santi Alberto e Teresa,,,place_of_worship,,christian,,
40.8449689,14.2538861,Chiesa dell'Ecce Homo ai Banchi Nuovi,,,place_of_worship,,christian,,
40.8453168,14.2549715,Chiesa dei Santi Cosma e Damiano ai Banchi Nuovi,,,place_of_worship,,christian,,
40.8451835,14.2542710,Chiesa dei Santi Leonardo e Paolo,,,place_of_worship,,christian,,
40.8452235,14.2546480,Palazzo dei Duchi di Casamassima,,building,,,,,
40.8467107,14.2548890,Chiesa di San Bonaventura,,,place_of_worship,,christian,,
40.8472146,14.2555227,Chiesa di San Girolamo delle Monache,,,place_of_worship,,christian,,
40.8448164,14.2554146,Chiesa di San Geronimo dei Ciechi,,,place_of_worship,,christian,,
40.8439384,14.2540422,Chiesa dell'Ecce Homo al Cerriglio,,,place_of_worship,,christian,,
40.8481824,14.2676952,Chiesa di Sant'Alessio al Lavinaio,,,place_of_worship,,christian,,
40.8474627,14.2553019,Cinema Academy Astra,,,cinema,,,,
40.8384661,14.2038608,,,,,park,,,
40.8385929,14.2035698,,,,,park,,,
40.8256518,14.2043003,,,,,park,,,
40.8391251,14.2041089,,,,,park,,,
40.8611346,14.2465309,Parco San Gennaro,,,,park,,,
40.8482137,14.2666321,Moschea di Napoli,,,place_of_worship,,muslim,,
40.8447158,14.2547559,,,,,park,,,
40.8460743,14.2519431,,,,,park,,,
40.8453767,14.2523311,,,,,park,,,
40.8487855,14.2572246,Santi Filippo e Giacomo,,,place_of_worship,,christian,,
40.8480513,14.2562673,Chiesa di Santa Maria Donnaromita,,,place_of_worship,,christian,,
40.8467364,14.2569839,Gesù Vecchio dell'Immacolata di Don Placido,,,place_of_worship,,christian,,
40.8470630,14.2586413,Santi Marcellino e Festo,,,place_of_worship,,christian,,
40.8469476,14.2579704,Chiostro di San Marcellino,,,,park,,,
40.8458042,14.2577324,,,,,park,,,
40.8454981,14.2572274,,,,,park,,,
40.8455829,14.2573768,,,,,park,,,
40.8457265,14.2576075,,,,,park,,,
40.8458694,14.2570165,,,,,park,,,
40.8462792,14.2571068,,,,,park,,,
40.8462637,14.2570884,,,,,park,,,
40.8475499,14.2563669,,,,,park,,,
40.8468261,14.2597376,Chiesa di Santa Maria in Cosmedin,,,place_of_worship,,christian,,
40.8474484,14.2603871,San Biagio ai Taffettanari,,,place_of_worship,,christian,,
40.8401666,14.2050355,,,,,park,,,
40.8406968,14.2055347,,,,,park,,,
40.8407504,14.2054013,,,,,park,,,
40.8403501,14.2051619,,,,,park,,,
40.8415647,14.2044695,,,,,park,,,
40.8412182,14.2039924,,,,,park,,,
40.8413144,14.2042193,,,,,park,,,
40.8406959,14.2048946,,,,,park,,,
40.8408520,14.2045728,,,,,park,,,
40.8411344,14.2045975,,,,,park,,,
40.8411455,14.2057194,,,,,park,,,
40.8409701,14.2051874,,,,,park,,,
40.8403822,14.2046756,,,,,park,,,
40.8471327,14.2488203,Basilica dello Spirito Santo,,,place_of_worship,,christian,,
40.8510948,14.2522542,Chiesa di Santa Maria della Sapienza,,,place_of_worship,,christian,,
40.8504914,14.2524423,Sant'Antonio delle Monache a Port'Alba,,,place_of_worship,,christian,,
40.8506739,14.2523468,,,,,park,,,
40.8478822,14.2571547,,,,,park,,,
40.8479340,14.2582933,Santi Severino e Sossio,,,place_of_worship,,christian,,
40.8483935,14.2591123,Chiostro del Noviziato,,,,park,,,
40.8485301,14.2584426,Chiostro di Marmo,,,,park,,,
40.8482420,14.2585369,Chiostro del Platano,,,,park,,,
40.8479829,14.2591415,,,,,park,,,
40.8485131,14.2598252,Chiesa di Santa Maria Stella Maris,,,place_of_worship,,christian,,
40.8488772,14.2596906,Santa Maria la Palma,,,place_of_worship,,christian,,
40.8494671,14.2598919,Chiesa di Santa Maria del Divino Amore,,,place_of_worship,,christian,,
40.8493643,14.2593152,"Centro Sociale ""Banchi Nuovi""",,,social_centre,,,,
40.8494518,14.2594993,,,,,park,,,
40.8494002,14.2502376,,,,,garden,,,
40.8497709,14.2501710,,,,,park,,,
40.8484630,14.2501562,,,,,garden,,,
40.8494830,14.2531087,San Pietro a Majella,,,place_of_worship,,christian,,
40.8504281,14.2544294,Santa Maria Maggiore alla Pietrasanta,,,place_of_worship,,christian,,
40.8506404,14.2556873,Chiesa di Santa Maria delle Anime del Purgatorio ad Arco,,,place_of_worship,,christian,,
40.8496361,14.2576075,Chiesa di San Gregorio Armeno,,,place_of_worship,,christian,,
40.8351018,14.2311816,Chiesa di Santa Maria in Portico,,,place_of_worship,,christian,,
40.8373899,14.2443583,Chiesa di Santa Teresella degli Spagnoli,,,place_of_worship,,christian,,
40.8534866,14.2580528,Chiesa di San Giuseppe dei Ruffi,,,place_of_worship,,christian,,
40.8476653,14.2502815,Modernissimo,,,cinema,,,,
40.8490001,14.2516199,,,,,pitch,,,
40.8488057,14.2509010,,,,,park,,,
40.8490028,14.2509074,,,,,park,,,
40.8485727,14.2509126,,,,,park,,,
40.8481117,14.2514999,,,,,park,,,
40.8479478,14.2511912,,,,,park,,,
40.8509808,14.2513719,San Giovanni Battista delle Monache,,,place_of_worship,,christian,,
40.8507182,14.2514828,Palazzo Spinelli di Fuscaldo,,yes,,,,,
40.8479236,14.2522058,,,,,pitch,,,
40.8479890,14.2524807,,,,,pitch,,,
40.8526069,14.2513161,,,,,park,,,
40.8482979,14.2498868,San Michele Arcangelo,,,place_of_worship,,christian,,
40.8494437,14.2507804,Port'Alba,,castle,,,,,
40.8502925,14.2485285,Santa Maria dell'Avvocata,,,place_of_worship,,christian,,
40.8491419,14.2494182,San Domenico Soriano,,,place_of_worship,,christian,,
40.8383293,14.2460100,Chiesa di Sant'Anna in Rosario di Palazzo,,,place_of_worship,,christian,,
40.8382130,14.2466772,Chiesa di Santa Maria Maddalena delle Convertite Spagnole,,,place_of_worship,,christian,,
40.8400258,14.2463198,Chiesa della Santissima Trinità degli Spagnoli,,,place_of_worship,,christian,,
40.8396914,14.2474197,Chiesa di Santa Rita alla Speranzella,,,place_of_worship,,christian,,
40.8450344,14.2463606,Chiesa di Santa Maria dello Splendore,,,place_of_worship,,christian,,
40.8449714,14.2450123,Chiesa di Santa Maria ad Ogni Bene dei Sette Dolori,,,place_of_worship,,christian,,
40.8477229,14.2455024,Chiesa di Santa Maria di Montesanto,,,place_of_worship,,christian,,
40.8491157,14.2567940,San Nicola a Nilo,,,place_of_worship,,christian,,
40.8482715,14.2561469,Chiesa dei Santi Marco e Andrea a Nilo,,,place_of_worship,,christian,,
40.8495611,14.2583192,San Gennaro all'Olmo (Museo Vichiano),museum,,,,christian,,
40.8495189,14.2584286,San Biagio Maggiore,,,place_of_worship,,christian,,
40.8493020,14.2571068,Chiesa di Santa Luciella a San Biagio dei Librai,,,place_of_worship,,christian,,
40.8499818,14.2573417,,,,,park,,,
40.8493449,14.2602588,Chiesa di Santa Maria della Stella alle Paparelle,,,place_of_worship,,christian,,
40.8507920,14.2621151,Chiesa di Santa Maria a Piazza,,,place_of_worship,,christian,,
40.8504284,14.2633234,Teatro Trianon,,,theatre,,,,
40.8493517,14.2522167,Chiesa di Santa Maria della Mercede e Sant'Alfonso Maria de' Liguori,,,place_of_worship,,christian,,
40.8490894,14.2524751,Chiostro Minore,,,,park,,,
40.8493819,14.2527281,Chiostro Maggiore,,,,park,,,
40.8509564,14.2508794,Teatro Bellini,,,theatre,,,,
40.8500697,14.2511806,,,,,park,,,
40.8489135,14.2538550,Chiostro di San Tommaso,,,,recreation_ground,,,
40.8483878,14.2541301,,,,,park,,,
40.8485036,14.2538967,,,,,park,,,
40.8482253,14.2534082,,,,,park,,,
40.8507261,14.2560771,Sant'Angelo a Segno,,,theatre,,,,
40.8513324,14.2564102,Chiostro Piccolo,,,,park,,,
40.8508640,14.2584441,Scavi di San Lorenzo,,archaeological_site,,,,,
40.8498528,14.2594454,Chiesa di San Nicola a Pistaso,,,place_of_worship,,christian,,
40.8513718,14.2587532,Santa Maria della Colonna,,,place_of_worship,,christian,,
40.8521801,14.2586944,Oratorio dell'Assunta,,,place_of_worship,,christian,,
40.8526621,14.2583067,"Chiostro Grande (o ""degli Aranci"")",,,,park,,,
40.8523748,14.2586357,"Chiostro Piccolo (o ""Maiolicato"")",,,,park,,,
40.8531560,14.2524949,Chiesa di Sant'Aniello a Caponapoli,,,place_of_worship,,christian,,
40.8525972,14.2527865,Chiesa di Sant'Andrea delle Dame,,,place_of_worship,,christian,,
40.8530801,14.2540003,Chiesa di Santa Maria delle Grazie Maggiore a Caponapoli,,,place_of_worship,,christian,,
40.8533365,14.2538435,Chiostro della Maternità,,,,park,,,
40.8536895,14.2554042,Chiesa di Santa Maria del Popolo,,,place_of_worship,,christian,,
40.8524326,14.2551300,Chiesa di Santa Maria di Gerusalemme,,,place_of_worship,,christian,,
40.8535490,14.2555327,Chiesa di Santa Patrizia,,,place_of_worship,,christian,,
40.8547067,14.2566026,Chiesa del Gesù delle Monache,,,place_of_worship,,christian,,
40.8539079,14.2575295,Chiostro Grande,,,,park,,,
40.8534537,14.2576499,Chiostro Piccolo,,,,park,,,
40.8396204,14.2557667,,,,,garden,,,
40.8491726,14.2535057,Chiostro di San Domenico,,,,park,,,
40.8499523,14.2537511,Croce di Lucca,,,place_of_worship,,christian,,
40.8529161,14.2532190,,,,,garden,,,
40.8523965,14.2524424,,,,,garden,,,
40.8530679,14.2560709,Chiostro Maggiore,,,,park,,,
40.8534947,14.2559579,Chiostro Minore,,,,park,,,
40.8527560,14.2548421,,,,,pitch,,,
40.8528093,14.2543774,,,,,park,,,
40.8527160,14.2546433,,,,,park,,,
40.8529100,14.2547190,,,,,park,,,
40.8529595,14.2553767,,,,,park,,,
40.8534969,14.2543303,,,,,park,,,
40.8525120,14.2508228,,,,,park,,,
40.8517133,14.2528224,,,,,garden,,,
40.8518119,14.2523378,,,,,garden,,,
40.8499552,14.2527897,,,,,park,,,
40.8502692,14.2526268,,,,,park,,,
40.8524185,14.2548709,,,,,garden,,,
40.8498849,14.2534297,,,,,park,,,
40.8538662,14.2541779,,,,,park,,,
40.8541495,14.2535001,,,,,park,,,
40.8544886,14.2541915,,,,,park,,,
40.8548528,14.2551436,Chiesa di Santa Maria delle Grazie a Piazza Cavour,,,place_of_worship,,christian,,
40.8531721,14.2520909,,,,,park,,,
40.8527107,14.2520182,,,,,park,,,
40.8490196,14.2554473,,,,,park,,,
40.8384299,14.2066805,,,,,park,,,
40.8385265,14.2058084,,,,,park,,,
40.8384157,14.2058054,,,,,park,,,
40.8384400,14.2056529,,,,,park,,,
40.8507232,14.2548820,,,,,park,,,
40.8548521,14.2571381,,,,,garden,,,
40.8523151,14.2536937,,,,,garden,,,
40.8515920,14.2573055,Sacro Tempio della Scorziata,,,place_of_worship,,christian,,
40.8406408,14.2079286,,,,,park,,,
40.8402971,14.2080219,,,,,park,,,
40.8401413,14.2076587,,,,,park,,,
40.8543707,14.2573675,,,,,garden,,,
40.8402883,14.2096359,,,,,pitch,,,
40.8403067,14.2100111,,,,,park,,,
40.8501750,14.2586152,,,,,pitch,,,
40.8501021,14.2584156,,,,,park,,,
40.8503471,14.2585603,,,,,park,,,
40.8520444,14.2557033,,,,,park,,,
40.8515536,14.2556258,,,,,park,,,
40.8541958,14.2557512,Santa Maria della Consolazione,,,place_of_worship,,christian,,
40.8424166,14.2064988,,,,,park,,,
40.8426209,14.2060411,,,,,park,,,
40.8421613,14.2060775,,,,,park,,,
40.8422627,14.2057782,,,,,park,,,
40.8424122,14.2053803,,,,,park,,,
40.8418258,14.2057552,,,,,park,,,
40.8428042,14.2062703,,,,,park,,,
40.8427553,14.2049186,,,,,park,,,
40.8423519,14.2049027,,,,,park,,,
40.8420212,14.2051821,,,,,park,,,
40.8417441,14.2055624,,,,,park,,,
40.8418955,14.2048112,,,,,park,,,
40.8420118,14.2042579,,,,,park,,,
40.8423189,14.2043042,,,,,park,,,
40.8424935,14.2045404,,,,,park,,,
40.8414053,14.2059741,,,,,playground,,,
40.8357655,14.2064376,,,,,park,,,
40.8354319,14.2064346,,,,,park,,,
40.8357926,14.2054167,,,,,park,,,
40.8361472,14.2064716,,,,,park,,,
40.8362789,14.2065338,,,,,pitch,,,
40.8365850,14.2053799,,,,,pitch,,,
40.8364648,14.2049564,,,,,track,,,
40.8514900,14.2549769,,,,,park,,,
40.8538725,14.2567844,,,,,park,,,
40.8341720,14.2056062,,,,,park,,,
40.8342086,14.2047613,,,,,park,,,
40.8338593,14.2050686,,,,,park,,,
40.8337229,14.2055041,,,,,park,,,
40.8332954,14.2056981,,,,,park,,,
40.8332496,14.2068775,,,,,park,,,
40.8340956,14.2064382,,,,,park,,,
40.8345757,14.2058403,,,,,park,,,
40.8323555,14.2065623,,,,,park,,,
40.8347863,14.2064381,,,,,park,,,
40.8352974,14.2046386,,,,,park,,,
40.8536909,14.2593522,,,,,park,,,
40.8508132,14.2625548,,,,,park,,,
40.8535426,14.2655016,,,,,park,,,
40.8545147,14.2649132,Santa Caterina a Formiello,,,place_of_worship,,christian,,
40.8541245,14.2654345,,,,,park,,,
40.8528704,14.2593781,Basilica di Santa Restituta,,,place_of_worship,,christian,,
40.8518065,14.2603533,Pio Monte della Misericordia,,,place_of_worship,,christian,,
40.8523211,14.2622605,,,,,garden,,,
40.8526794,14.2628258,San Tommaso a Capuana,,,place_of_worship,,christian,,
40.8557537,14.2653095,Chiesa di Sant'Anna a Capuana,,,place_of_worship,,christian,,
40.8537611,14.2607140,Chiesa di Santa Maria Vertecoeli,,,place_of_worship,,christian,,
40.8523802,14.2612081,Chiesa di Sant'Andrea dei Cocchieri,,,place_of_worship,,christian,,
40.8536023,14.2630583,San Felice in Pincis,,,place_of_worship,,christian,,
40.8539860,14.2621356,Santa Maria del Monte dei Poveri,,,place_of_worship,,christian,,
40.8543032,14.2619246,Chiesa di Santa Sofia,,,place_of_worship,,christian,,
40.8540356,14.2628262,Chiesa di Sant'Antonio da Padova a Carbonara,,,place_of_worship,,christian,,
40.8546937,14.2603876,Chiesa dei Santi Apostoli,,,place_of_worship,,christian,,
40.8543581,14.2601085,,,,,park,,,
40.8541469,14.2602229,,,,,park,,,
40.8540535,14.2587306,Museo Diocesano (Santa Maria Donnaregina Nuova),museum,,,,christian,,
40.8542327,14.2645632,,,,,park,,,
40.8617166,14.2652290,,,,,park,,,
40.8611571,14.2650671,Chiesa di Sant'Antonio Abate,,,place_of_worship,,christian,,
40.8557476,14.2601685,Chiesa della Pietatella a Carbonara,,,place_of_worship,,christian,,
40.8560633,14.2604277,Chiesa di Santa Monica,,,place_of_worship,,christian,,
40.8559666,14.2600972,Chiesa della Consolazione a Carbonara,,,place_of_worship,,christian,,
40.8532475,14.2536753,Chiesa dei Santi Michele ed Omobono,,,place_of_worship,,christian,,
40.8566371,14.2637533,,,,,park,,,
40.8365655,14.2080540,,,,,park,,,
40.8381373,14.2098927,,,,,park,,,
40.8385770,14.2097616,,,,,park,,,
40.8382491,14.2092555,,,,,park,,,
40.8396728,14.2088019,,,,,park,,,
40.8396563,14.2089950,,,,,park,,,
40.8392613,14.2096233,,,,,park,,,
40.8391090,14.2095495,,,,,park,,,
40.8343500,14.2361122,Chiesa di San Pasquale a Chiaia,,,place_of_worship,,christian,,
40.8395285,14.2447502,Chiesa di Santa Maria della Concordia,,,place_of_worship,,christian,,
40.8407882,14.2466481,Chiesa dei Santi Francesco e Matteo,,,place_of_worship,,christian,,
40.8549972,14.2685599,Chiesa di Santa Maria del Buon Consiglio al Vasto,,,place_of_worship,,christian,,
40.8581525,14.2740624,,,,,playground,,,
40.8397278,14.2109064,,,,,park,,,
40.8392984,14.2123014,,,,,park,,,
40.8391499,14.2109146,,,,,park,,,
40.8413488,14.2082211,,,,,park,,,
40.8409343,14.2081799,,,,,park,,,
40.8410716,14.2090027,,,,,park,,,
40.8405927,14.2071608,,,,,park,,,
40.8468485,14.2612132,Sant'Andrea Apostolo dei Gattoli,,,place_of_worship,,christian,,
40.8496295,14.2631261,Arciconfraternita della Compagnia della Disciplina della Santa Croce,,,place_of_worship,,christian,,
40.8515706,14.2633025,Chiesa di San Nicola dei Caserti,,,place_of_worship,,christian,,
40.8509463,14.2650527,Casa Santa dell'Annunziata,,,place_of_worship,,christian,,
40.8437244,14.2444790,Complesso di Santa Lucia Vergine al Monte,,,place_of_worship,,christian,,
40.8421405,14.2434553,Chiesa del Santo Sepolcro di Gerusalemme,,,place_of_worship,,christian,,
40.8452785,14.2127748,,,,,pitch,,,
40.8457767,14.2128450,,,,,pitch,,,
40.8455663,14.2134726,,,,,pitch,,,
40.8567187,14.2155602,,,,,pitch,,,
40.8567544,14.2160386,,,,,pitch,,,
40.8561962,14.2148665,,,,,pitch,,,
40.8633984,14.2200293,Chiesa di Santa Maria di Costantinopoli,,,place_of_worship,,christian,,
40.8584638,14.2230462,,,,,pitch,,,
40.8545534,14.2258030,Campetto dedicato a Kobe Bryant,,,,pitch,,,
40.8493914,14.2283967,Parco Mascagna,,,,park,,,
40.8370466,14.2316092,,,,,park,,,
40.8548072,14.2580187,,,,,garden,,,
40.8504016,14.2603102,Chiesa delle Crocelle ai Mannesi,,,place_of_worship,,christian,,
40.8555488,14.2577314,,,,,park,,,
40.8555704,14.2579816,,,,,park,,,
40.8537877,14.2592243,Chiesa di Santa Maria Ancillarum,,,place_of_worship,,christian,,
40.8393931,14.2073205,,,,,park,,,
40.8392307,14.2073797,,,,,park,,,
40.8395629,14.2074987,,,,,park,,,
40.8393437,14.2076082,,,,,park,,,
40.8398315,14.2077039,,,,,park,,,
40.8398487,14.2079748,,,,,park,,,
40.8399378,14.2082012,,,,,park,,,
40.8393295,14.2080248,,,,,park,,,
40.8388721,14.2073647,,,,,park,,,
40.8388183,14.2072330,,,,,park,,,
40.8389340,14.2075404,,,,,park,,,
40.8387487,14.2073934,,,,,park,,,
40.8386089,14.2074161,,,,,park,,,
40.8384021,14.2073366,,,,,park,,,
40.8389430,14.2083198,,,,,park,,,
40.8387687,14.2080644,,,,,park,,,
40.8387628,14.2077136,,,,,park,,,
40.8383319,14.2074637,,,,,park,,,
40.8384940,14.2079340,,,,,park,,,
40.8415911,14.2068366,,,,,park,,,
40.8417240,14.2076396,,,,,park,,,
40.8411762,14.2071099,,,,,park,,,
40.8413253,14.2072440,,,,,park,,,
40.8417148,14.2073129,,,,,park,,,
40.8408890,14.2070925,,,,,park,,,
40.8408434,14.2068009,,,,,park,,,
40.8528866,14.2626085,Santa Maria del Rifugio,,,place_of_worship,,christian,,
40.8409237,14.2062901,,,,,park,,,
40.8412105,14.2066268,,,,,park,,,
40.8410872,14.2064984,,,,,park,,,
40.8412967,14.2063910,,,,,park,,,
40.8401272,14.2056217,,,,,park,,,
40.8401396,14.2061390,,,,,park,,,
40.8398744,14.2060990,,,,,park,,,
40.8396199,14.2062015,,,,,park,,,
40.8397295,14.2067100,,,,,park,,,
40.8397671,14.2065185,,,,,park,,,
40.8395375,14.2064510,,,,,park,,,
40.8392762,14.2067787,,,,,park,,,
40.8392070,14.2060112,,,,,park,,,
40.8397609,14.2055248,,,,,park,,,
40.8396776,14.2054789,,,,,park,,,
40.8396405,14.2055686,,,,,park,,,
40.8390775,14.2065993,,,,,park,,,
40.8391749,14.2063810,,,,,park,,,
40.8389130,14.2067641,,,,,park,,,
40.8390107,14.2063461,,,,,park,,,
40.8378912,14.2052132,,,,,pitch,,,
40.8377564,14.2055509,,,,,pitch,,,
40.8378900,14.2055688,,,,,pitch,,,
40.8380343,14.2055786,,,,,pitch,,,
40.8379003,14.2059313,,,,,pitch,,,
40.8377477,14.2063264,,,,,pitch,,,
40.8379677,14.2063471,,,,,pitch,,,
40.8377762,14.2072420,,,,,park,,,
40.8383505,14.2044330,,,,,park,,,
40.8533221,14.2624758,,,,,park,,,
40.8552283,14.2639104,Confraternita di Santa Maria Refugium Peccatorum,,,place_of_worship,,christian,,
40.8563407,14.2618210,Chiesa di San Gioacchino a Pontenuovo,,,place_of_worship,,christian,,
40.8563709,14.2609380,Parco Re Ladislao,,,,park,,,
40.8457489,14.2525847,,,archaeological_site,,,,,
40.8504107,14.2731848,,,,,park,,,
40.8496220,14.2738714,,,,,park,,,
40.8496865,14.2737188,,,,,park,,,
40.8469090,14.2754757,,,,,park,,,
40.8463259,14.2671253,,,,,park,,,
40.8463392,14.2673081,,,,,park,,,
40.8423524,14.2569370,,,,,park,,,
40.8461697,14.2691038,,,,,park,,,
40.8355564,14.2502607,,,,,park,,,
40.8476791,14.2733932,,,,,park,,,
40.8472725,14.2765928,,,,,park,,,
40.8482966,14.2694484,Antica Stazione di Napoli Bayard,,building,,,,,
40.8479753,14.2693330,,,,,park,,,
40.8480627,14.2693629,,,,,park,,,
40.8488449,14.2708365,,,,,park,,,
40.8495556,14.2708950,,,,,park,,,
40.8496807,14.2714440,,,,,park,,,
40.8487330,14.2722560,,,,,park,,,
40.8485613,14.2720475,,,,,pitch,,,
40.8482877,14.2699433,,,,,park,,,
40.8481864,14.2704349,,,,,playground,,,
40.8480668,14.2706419,,,,,park,,,
40.8482888,14.2701865,,,,,pitch,,,
40.8482329,14.2730350,,,,,pitch,,,
40.8478329,14.2729527,,,,,park,,,
40.8483634,14.2726173,,,,,park,,,
40.8481070,14.2716947,,,,,park,,,
40.8557348,14.2620578,,,,,park,,,
40.8438356,14.2561494,,,,,park,,,
40.8579725,14.2677155,,,,,park,,,
40.8581101,14.2680111,,,,,park,,,
40.8582909,14.2678384,,,,,park,,,
40.8501673,14.2735444,,,,,park,,,
40.8498701,14.2741919,Chiesa di Sant'Anna alle Paludi,,,place_of_worship,,christian,,
40.8582315,14.2685729,Chiesa di Santa Maria della Fede,,,place_of_worship,,christian,,
40.8577358,14.2684080,,,,,pitch,,,
40.8608759,14.2674389,Chiesa Cristiana Evangelica,,,place_of_worship,,christian,,
40.8566033,14.2691758,,,,,park,,,
40.8568090,14.2695834,,,,,park,,,
40.8573535,14.2631876,,,,,garden,,,
40.8579431,14.2622661,Teatro Totò,,,theatre,,,,
40.8570062,14.2633347,Teatro San Ferdinando,,,theatre,,,,
40.8569342,14.2629386,,,,,park,,,
40.8552531,14.2653337,,,castle,,,,,
40.8553955,14.2643511,,,castle,,,,,
40.8623842,14.2667567,,,,,park,,,
40.8626284,14.2670230,,,,,park,,,
40.8638338,14.2675521,,,,,park,,,
40.8579856,14.2734953,,,,,pitch,,,
40.8581389,14.2735399,,,,,pitch,,,
40.8587828,14.2739192,,,,,park,,,
40.8586297,14.2732357,,,,,park,,,
40.8586894,14.2741486,,,,,park,,,
40.8585677,14.2734730,,,,,park,,,
40.8583528,14.2741851,,,,,park,,,
40.8584480,14.2736420,,,,,park,,,
40.8579470,14.2732791,,,,,park,,,
40.8581174,14.2730663,,,,,park,,,
40.8583417,14.2730492,,,,,park,,,
40.8582777,14.2733400,,,,,park,,,
40.8580566,14.2738968,,,,,park,,,
40.8580484,14.2742616,,,,,park,,,
40.8567642,14.2769308,,,,,park,,,
40.8567072,14.2765905,,,,,pitch,,,
40.8562217,14.2769571,,,,,park,,,
40.8565039,14.2762240,,,,,park,,,
40.8566737,14.2763248,,,,,park,,,
40.8447015,14.2831797,,,,,park,,,
40.8445609,14.2835153,Chiesa di Sant'Erasmo ai Granili,,,place_of_worship,,christian,,
40.8554294,14.2823041,,,,,park,,,
40.8566479,14.2770031,,,,,park,,,
40.8563377,14.2770687,,,,,park,,,
40.8564565,14.2763815,,,,,park,,,
40.8563759,14.2763963,,,,,park,,,
40.8566117,14.2784332,,,,,park,,,
40.8565538,14.2778184,,,,,park,,,
40.8556648,14.2794192,,,,,park,,,
40.8559357,14.2795094,,,,,park,,,
40.8556992,14.2796905,,,,,park,,,
40.8561703,14.2794675,,,,,park,,,
40.8573032,14.2792856,,,,,park,,,
40.8576657,14.2793431,,,,,park,,,
40.8580915,14.2792711,,,,,park,,,
40.8580662,14.2790077,,,,,park,,,
40.8576365,14.2790770,,,,,park,,,
40.8593812,14.2811393,,,,,park,,,
40.8596637,14.2822010,,,,,park,,,
40.8574459,14.2822064,,,,,park,,,
40.8574026,14.2816934,,,,,park,,,
40.8568027,14.2802664,,,,,park,,,
40.8568364,14.2806682,,,,,park,,,
40.8565119,14.2821120,,,monument,,,,,
40.8563121,14.2821498,,,,,park,,,
40.8563117,14.2818311,,,,,park,,,
40.8563672,14.2824510,,,,,park,,,
40.8565494,14.2824435,,,,,park,,,
40.8564964,14.2817707,,,,,park,,,
40.8569720,14.2812304,,,,,park,,,
40.8568181,14.2812493,,,,,park,,,
40.8571340,14.2827882,,,,,park,,,
40.8569690,14.2827846,,,,,park,,,
40.8572437,14.2847256,,,,,park,,,
40.8554644,14.2789294,,,,,park,,,
40.8556333,14.2787076,,,,,park,,,
40.8552425,14.2789091,,,,,park,,,
40.8553392,14.2786493,,,,,pitch,,,
40.8553602,14.2789342,,,,,park,,,
40.8554506,14.2788029,,,,,park,,,
40.8553535,14.2788365,,,,,park,,,
40.8552873,14.2793288,,,,,park,,,
40.8552459,14.2790898,,,,,park,,,
40.8554780,14.2790158,,,,,park,,,
40.8571865,14.2786466,,,,,park,,,
40.8578973,14.2774978,,,,,park,,,
40.8576931,14.2775332,,,,,park,,,
40.8571599,14.2783995,,,,,park,,,
40.8573403,14.2772621,,,,,park,,,
40.8558229,14.2800162,,,,,park,,,
40.8554497,14.2804603,,,,,park,,,
40.8558698,14.2806762,,,,,park,,,
40.8557900,14.2808950,,,,,park,,,
40.8553428,14.2802718,,,,,park,,,
40.8556722,14.2804224,,,,,park,,,
40.8553608,14.2799557,,,,,park,,,
40.8553846,14.2806217,,,,,park,,,
40.8558120,14.2799041,,,,,park,,,
40.8554641,14.2809146,,,,,park,,,
40.8563748,14.2808993,,,,,park,,,
40.8573104,14.2804366,,,,,park,,,
40.8582404,14.2807086,,,,,park,,,
40.8582480,14.2808072,,,,,park,,,
40.8583731,14.2806830,,,,,park,,,
40.8583818,14.2807768,,,,,park,,,
40.8577856,14.2810558,,,,,park,,,
40.8583101,14.2807412,,,,,park,,,
40.8561320,14.2845556,,,,,park,,,
40.8557681,14.2843475,,,,,park,,,
40.8561146,14.2847943,,,,,park,,,
40.8558817,14.2852617,,,,,park,,,
40.8557264,14.2840073,,,,,park,,,
40.8557549,14.2836664,,,,,park,,,
40.8559898,14.2836123,,,,,park,,,
40.8558399,14.2841535,,,,,park,,,
40.8558979,14.2848046,,,,,park,,,
40.8560494,14.2840578,,,,,park,,,
40.8563235,14.2847818,,,,,park,,,
40.8564248,14.2847916,,,,,park,,,
40.8563787,14.2843852,,,,,park,,,
40.8562928,14.2844636,,,,,park,,,
40.8546901,14.2818184,,,,,park,,,
40.8548379,14.2816898,,,,,park,,,
40.8551431,14.2817371,,,,,park,,,
40.8512179,14.2724208,,,,,park,,,
40.8575929,14.2836211,,,,,park,,,
40.8578338,14.2835759,,,,,park,,,
40.8578650,14.2838339,,,,,park,,,
40.8583125,14.2828225,,,,,park,,,
40.8584130,14.2841933,,,,,park,,,
40.8583082,14.2831859,,,,,park,,,
40.8583840,14.2839313,,,,,park,,,
40.8584934,14.2845472,,,,,park,,,
40.8583383,14.2834473,,,,,park,,,
40.8586875,14.2844149,,,,,park,,,
40.8585276,14.2828731,,,,,park,,,
40.8587202,14.2831160,,,,,park,,,
40.8584678,14.2839111,,,,,park,,,
40.8583893,14.2831694,,,,,park,,,
40.8583869,14.2829448,,,,,park,,,
40.8588010,14.2838507,,,,,park,,,
40.8587495,14.2833786,,,,,park,,,
40.8584182,14.2834296,,,,,park,,,
40.8584966,14.2841745,,,,,park,,,
40.8585367,14.2844052,,,,,park,,,
40.8588310,14.2841163,,,,,park,,,
40.8588288,14.2843446,,,,,park,,,
40.8588876,14.2843227,,,,,park,,,
40.8588160,14.2833724,,,,,park,,,
40.8587166,14.2828891,,,,,park,,,
40.8588622,14.2838277,,,,,park,,,
40.8586785,14.2828951,,,,,park,,,
40.8594473,14.2845381,,,,,park,,,
40.8606237,14.2822740,,,,,park,,,
40.8593270,14.2842903,,,,,park,,,
40.8600467,14.2821285,,,,,park,,,
40.8318598,14.2509293,,,,,park,,,
40.8571629,14.2722702,,,,,pitch,,,
40.8578088,14.2757132,Santa Maria del Buon Cammino,,,place_of_worship,,christian,,
40.8573735,14.2758192,,,,,pitch,,,
40.8335145,14.2505568,Basilica di Santa Lucia a Mare,,,place_of_worship,,christian,,
40.8277503,14.2480525,Castel dell'Ovo,,castle,,,,,
40.8286505,14.2477587,,,,,park,,,
40.8297209,14.2500836,,,,,park,,,
40.8297818,14.2500090,,,,,park,,,
40.8334826,14.2517251,,,,,park,,,
40.8336472,14.2517312,,,,,park,,,
40.8335627,14.2518081,,,,,park,,,
40.8338432,14.2513642,,,,,park,,,
40.8337110,14.2516387,,,,,park,,,
40.8336542,14.2515616,,,,,park,,,
40.8338410,14.2515041,,,,,park,,,
40.8337639,14.2514646,,,,,park,,,
40.8335821,14.2516271,,,,,park,,,
40.8588884,14.2632493,Chiesa di Santa Maria Avvocata dei Peccatori,,,place_of_worship,,christian,,
40.8556394,14.2655111,,,,,park,,,
40.8557145,14.2648672,,,,place_of_worship,,christian,,
40.8327855,14.2409767,,,,,park,,,
40.8323329,14.2409350,,,,,park,,,
40.8327685,14.2415039,,,,,park,,,
40.8324237,14.2413069,,,,,park,,,
40.8325302,14.2414468,,,,,park,,,
40.8328043,14.2413219,,,,,park,,,
40.8325253,14.2412389,,,,,park,,,
40.8317464,14.2414412,,,,,park,,,
40.8321063,14.2412355,,,,,park,,,
40.8320891,14.2414094,,,,,park,,,
40.8317185,14.2412792,,,,,park,,,
40.8320240,14.2415035,,,,,park,,,
40.8317999,14.2413538,,,,,park,,,
40.8321038,14.2411448,,,,,park,,,
40.8319332,14.2414090,,,,,park,,,
40.8318209,14.2411917,,,,,park,,,
40.8318576,14.2414774,,,,,park,,,
40.8318192,14.2411208,,,,,park,,,
40.8321762,14.2413696,,,,,park,,,
40.8315876,14.2484044,Chiesa di Santa Maria della Catena,,,place_of_worship,,christian,,
40.8356658,14.2370782,,,,,park,,,
40.8356699,14.2372355,,,,,park,,,
40.8355607,14.2370824,,,,,park,,,
40.8354578,14.2372418,,,,,park,,,
40.8354533,14.2370861,,,,,park,,,
40.8328824,14.2484160,,,,,park,,,
40.8328915,14.2420387,Chiesa di Santa Maria della Vittoria,,,place_of_worship,,christian,,
40.8324858,14.2425485,,,,,park,,,
40.8326925,14.2425096,,,,,park,,,
40.8593088,14.2653146,Chiesa di Santa Maria di Tutti i Santi,,,place_of_worship,,christian,,
40.8611040,14.2656612,Chiesa della Stella Mattutina,,,place_of_worship,,christian,,
40.8612605,14.2658539,Arciconfraternita del Santissimo Salvatore a Marconiglio,,,place_of_worship,,christian,,
40.8360558,14.2433462,Teatro Sannazaro,,,theatre,,,,
40.8359088,14.2426519,,,,,park,,,
40.8335991,14.2427331,Chiesa di Palazzo Nunziante,,,place_of_worship,,christian,,
40.8395572,14.2426868,,,,,park,,,
40.8369719,14.2358159,Chiesa di Santa Teresa a Chiaia,,,place_of_worship,,christian,,
40.8598972,14.2661052,,,,,park,,,
40.8326950,14.2336811,Villa Comunale,,,,park,,,
40.8277598,14.2074197,,,,,park,,,
40.8596999,14.2653880,,,,,park,,,
40.8611841,14.2648602,,,,,park,,,
40.8594030,14.2629520,,,,,park,,,
40.8593325,14.2640720,,,,,pitch,,,
40.8525818,14.2608145,Chiesa di San Gennaro a Sedil Capuano,,,place_of_worship,,christian,,
40.8559734,14.2660127,,,,,park,,,
40.8567112,14.2648327,,,,,park,,,
40.8566197,14.2651937,,,,,park,,,
40.8350526,14.2272701,,,,,park,,,
40.8370783,14.2337998,,,,,park,,,
40.8581641,14.2649075,,,,,park,,,
40.8367274,14.2235860,,,,,park,,,
40.8442000,14.2043002,,,,,park,,,
40.8350899,14.2446773,,,,,park,,,
40.8347232,14.2443455,Teatro Politeama,,,theatre,,,,
40.8346251,14.2446596,,,,,park,,,
40.8339754,14.2442079,,,,,park,,,
40.8315825,14.2473244,Chiesa dell'Immacolatella a Pizzofalcone,,,place_of_worship,,christian,,
40.8328922,14.2443871,,,,,park,,,
40.8317722,14.2451453,,,,,park,,,
40.8322294,14.2441862,,,,,park,,,
40.8319876,14.2445878,,,,,park,,,
40.8326380,14.2454779,,,,,park,,,
40.8345461,14.2441182,,,,,park,,,
40.8337663,14.2487604,,,,,park,,,
40.8344515,14.2483457,,,,,park,,,
40.8344138,14.2481737,,,,,park,,,
40.8339974,14.2495409,,,,,swimming_pool,,,
40.8341635,14.2495547,,,,,pitch,,,
40.8357255,14.2479600,,,memorial,,,,,
40.8354150,14.2482054,,,memorial,,,,,
40.8336222,14.2446526,,,,,garden,,,
40.8307406,14.2459808,Chiesa della Concezione al Chiatamone,,,place_of_worship,,christian,,
40.8348803,14.2255326,Chiesa dei Santi Giovanni e Teresa,,,place_of_worship,,christian,,
40.8436992,14.2440848,,,,,garden,,,
40.8524977,14.2410254,,,,,park,,,
40.8512310,14.2342401,Ciesa dell'Immacolata,,,place_of_worship,,christian,,
40.8533462,14.2354270,,,,place_of_worship,,christian,,
40.8612472,14.2674087,Arciconfraternita di Santa Maria Auxilium Christianorum,,,place_of_worship,,christian,,
40.8582804,14.2716386,,,,,park,,,
40.8595632,14.2711949,Chiesa di Sant'Anna al Trivio,,,place_of_worship,,christian,,
40.8596296,14.2729242,,,,,park,,,
40.8635213,14.2731701,,,,,park,,,
40.8632164,14.2727472,,,,,park,,,
40.8546261,14.2503329,,,,,pitch,,,
40.8386076,14.2413551,Chiesa di San Carlo alle Mortelle,,,place_of_worship,,christian,,
40.8388221,14.2302795,,,,fountain,,,,
40.8413992,14.2213696,ASC Alberto Fenderico,,,,pitch,,,
40.8407418,14.2202370,,,,,pitch,,,
40.8409286,14.2199382,,,,,pitch,,,
40.8430123,14.2167745,,,,,pitch,,,
40.8383634,14.2189995,Chiesa della Santissima Trinità,,,place_of_worship,,christian,,
40.8382892,14.2189319,,,,place_of_worship,,christian,,
40.8617572,14.2600659,Chiesa di Santa Maria degli Angeli alle Croci,,,place_of_worship,,christian,,
40.8584953,14.2557350,,,,,park,,,
40.8601182,14.2577194,,,,,garden,,,
40.8601996,14.2582406,,,,,garden,,,
40.8424869,14.2464885,,,,,park,,,
40.8423535,14.2465256,,,,,park,,,
40.8450499,14.2469224,,,,,park,,,
40.8450860,14.2467095,,,,,park,,,
40.8474205,14.2441438,,,,,garden,,,
40.8475866,14.2444686,,,,,park,,,
40.8476008,14.2443968,,,,,park,,,
40.8474473,14.2443607,,,,,park,,,
40.8474015,14.2442706,,,,,park,,,
40.8475719,14.2445414,,,,,park,,,
40.8475102,14.2444829,,,,,park,,,
40.8475284,14.2443433,,,,,park,,,
40.8390151,14.2479440,Teatro Augusteo,,,theatre,,,,
40.8384413,14.2477873,,,,,park,,,
40.8394016,14.2444746,,,,,park,,,
40.8392476,14.2441634,,,,,park,,,
40.8382389,14.2456765,,,,,park,,,
40.8447290,14.2050639,,,,,park,,,
40.8388215,14.2451529,,,,,park,,,
40.8417902,14.2223009,Piazzetta Andrea Belvedere,,,,garden,,,
40.8546824,14.2176034,,,,,pitch,,,
40.8543658,14.2179019,,,,,pitch,,,
40.8362470,14.2314651,,,,,garden,,,
40.8363980,14.2319020,,,,,garden,,,
40.8348494,14.2387477,,,,,garden,,,
40.8383157,14.2440645,Chiesa di San Pantaleone,,,place_of_worship,,christian,,
40.8408147,14.2274226,Piazzetta Aniello Falcone,,,,garden,,,
40.8426514,14.2121180,,,,,pitch,,,
40.8427049,14.2118997,,,,,pitch,,,
40.8426047,14.2123336,,,,,pitch,,,
40.8455081,14.2234748,,,,,pitch,,,
40.8400887,14.2266448,,,,,park,,,
40.8399589,14.2267572,,,,,park,,,
40.8402132,14.2268598,,,,,park,,,
40.8400893,14.2269792,,,,,park,,,
40.8414253,14.2210897,,,,,park,,,
40.8410286,14.2209849,,,,,park,,,
40.8468086,14.2230725,,,,,pitch,,,
40.8496021,14.2287607,Campo di Bocce,,,,pitch,,,
40.8510171,14.2277820,,,,,garden,,,
40.8511616,14.2285411,,,,,garden,,,
40.8560264,14.2318770,Parco La Pineta,,,,park,,,
40.8550660,14.2313939,,,,,park,,,
40.8555376,14.2319635,,,,,park,,,
40.8554838,14.2322766,,,,,park,,,
40.8552448,14.2319851,,,,,park,,,
40.8391568,14.2168499,,,,,garden,,,
40.8448953,14.2311996,San Gennaro al Vomero,,,place_of_worship,,christian,,
40.8533985,14.2315600,Chiesa di Santa Maria del Soccorso all'Arenella,,,place_of_worship,,christian,,
40.8478998,14.2285421,,,,,garden,,,
40.8438919,14.2317651,,,,,garden,,,
40.8356871,14.2117147,,,,,garden,,,
40.8519308,14.2389449,,,,,garden,,,
40.8544563,14.2262626,,,,,playground,,,
40.8474509,14.2312345,,,,,garden,,,
40.8457227,14.2116528,,,,,pitch,,,
40.8457090,14.2118938,,,,,pitch,,,
40.8456977,14.2114339,,,,,pitch,,,
40.8373470,14.2119893,,,,,pitch,,,
40.8371140,14.2118608,,,,,pitch,,,
40.8369426,14.2117713,,,,,pitch,,,
40.8659885,14.2576217,,,,,park,,,
40.8322229,14.2470707,,,,,park,,,
40.8323944,14.2469636,,,,,park,,,
40.8323035,14.2470171,,,,,park,,,
40.8546931,14.2457613,Suore Francescane Elisabettine Bigie,,,place_of_worship,,christian,,
40.8549534,14.2454503,,,,,pitch,,,
40.8570689,14.2447556,,,,,garden,,,
40.8566611,14.2450288,,,,,pitch,,,
40.8545518,14.2479565,,,,,garden,,,
40.8381174,14.2442283,,,,,park,,,
40.8390305,14.2434608,,,,,park,,,
40.8480596,14.2385361,,,,place_of_worship,,christian,,
40.8431038,14.2416687,,,,,garden,,,
40.8579935,14.2394917,Cimitero delle Fontanelle,,archaeological_site,,,christian,,
40.8586788,14.2389767,Chiesa di Maria Santissima del Carmine,,,place_of_worship,,christian,,
40.8596508,14.2299781,,,,,pitch,,,
40.8321874,14.2298056,,,,fountain,,,,
40.8324236,14.2123336,,,,,pitch,,,
40.8328586,14.2120238,,,,,pitch,,,
40.8142728,14.2074356,,,,,garden,,,
40.8218547,14.2113612,Parco Cafiero,,,,garden,,,
40.8185423,14.2064358,Parco Miranapoli,,,,park,,,
40.8568380,14.2430908,Bolivar,,,theatre,,,,
40.8377409,14.2180381,,,,,garden,,,
40.8400810,14.2240277,,,,,garden,,,
40.8400769,14.2242061,,,,,garden,,,
40.8400044,14.2244039,,,,,garden,,,
40.8400420,14.2238287,,,,,garden,,,
40.8507346,14.2336935,,,,,garden,,,
40.8609369,14.2515722,Chiesa di San Severo fuori le mura,,,place_of_worship,,christian,,
40.8374024,14.2309314,Parrocchia Santa Maria Apparente,,,place_of_worship,,christian,,
40.8524874,14.2296025,Giardini della Dichiarazione Universale dei Diritti dell'Uomo,,,,park,,,
40.8408185,14.2229196,,,,,garden,,,
40.8617561,14.2737760,,,,,track,,,
40.8603777,14.2736785,,,,,pitch,,,
40.8616912,14.2749897,,,,,track,,,
40.8630471,14.2747003,,,,,pitch,,,
40.8476651,14.2250673,,,,,garden,,,
40.8600765,14.2338151,,,,,swimming_pool,,,
40.8600560,14.2338902,,,,,swimming_pool,,,
40.8205533,14.2069986,Chiesa di Santa Maria della Consolazione,,,place_of_worship,,christian,,
40.8230320,14.2181352,,,,,park,,,
40.8613783,14.2755913,,,,,park,,,
40.8456229,14.2326372,,,,,garden,,,
40.8143596,14.2070532,,,,,garden,,,
40.8145659,14.2073230,,,,,garden,,,
40.8528301,14.2297203,,,,,garden,,,
40.8271158,14.2176801,,,,,garden,,,
40.8277926,14.2176067,,,,,garden,,,
40.8232181,14.2192384,,,,,garden,,,
40.8235014,14.2106427,,,,,garden,,,
40.8245014,14.2114801,,,,,garden,,,
40.8226506,14.2173653,,,,,pitch,,,
40.8365780,14.2458100,,,,,park,,,
40.8632468,14.2419241,,,,,pitch,,,
40.8380486,14.2426043,,,,,pitch,,,
40.8386235,14.2430590,,,,,park,,,
40.8387192,14.2432225,,,,,park,,,
40.8385282,14.2422585,,,,,park,,,
40.8389243,14.2416292,,,,,park,,,
40.8418207,14.2469073,,,,,,christian,,
40.8564880,14.2561116,Chiesa di Sant'Aspreno ai Crociferi,,,place_of_worship,,christian,,
40.8555930,14.2478047,Chiesa di Santa Maria della Verità,,,place_of_worship,,christian,,
40.8454434,14.2471416,,,,,garden,,,
40.8583758,14.2498047,,,,,garden,,,
40.8515802,14.2441799,Chiesa di Gesù e Maria,,,place_of_worship,,christian,,
40.8552279,14.2440850,Chiesa di San Raffele Arcangelo,,,place_of_worship,,christian,,
40.8560570,14.2454603,Chiesa di Santa Maria a Materdei,,,place_of_worship,,christian,,
40.8489517,14.2461384,Chiesa di Sant'Antonio a Tarsia,,,place_of_worship,,christian,,
40.8561483,14.2552200,Chiesa della Misericordiella,,,place_of_worship,,christian,,
40.8563549,14.2549550,Chiesa di Santa Maria Succurre Miseris,,,place_of_worship,,christian,,
40.8571146,14.2548909,Chiesa dei Padri della Missione ai Vergini,,,place_of_worship,,christian,,
40.8572514,14.2547334,Chiesa di Santa Maria dei Vergini,,,place_of_worship,,christian,,
40.8593657,14.2458228,Chiesa di Santa Maria della Vita,,,place_of_worship,,christian,,
40.8588161,14.2561217,Chiesa di Santa Maria dei Miracoli,,,place_of_worship,,christian,,
40.8609993,14.2503909,Chiesa della Sacra Famiglia dei Cinesi,,,place_of_worship,,christian,,
40.8543996,14.2438551,Chiesa dell'Addolorata,,,place_of_worship,,christian,,
40.8487403,14.2560006,Chiesa di Santa Maria Assunta dei Pignatelli,,,place_of_worship,,christian,,
40.8615087,14.2487129,Chiesa di Maria Santissima del Socorso,,,place_of_worship,,christian,,
40.8611841,14.2517789,Giardino degli Aranci,,,,garden,,,
40.8474651,14.2244361,Piscina Collana,,,,sports_centre,,,
40.8317502,14.2274448,,,,,pitch,,,
40.8545348,14.2502130,,,,,garden,,,
40.8422263,14.2189969,,,,,park,,,
40.8423845,14.2191968,,,,,park,,,
40.8585772,14.2555977,aiuola sinistra di Piazza Miracoli,,,,park,,,
40.8632651,14.2468415,,,,,garden,,,
40.8641766,14.2074686,,,,,park,,,
40.8425867,14.2413362,,,,,garden,,,
40.8581274,14.2193816,,,,,pitch,,,
40.8577088,14.2192076,,,,,pitch,,,
40.8577040,14.2193948,,,,,pitch,,,
40.8475015,14.2295518,Basilica Pontificia di San Gennaro ad Antignano,,,place_of_worship,,christian,,
40.8616813,14.2408396,,,,,pitch,,,
40.8617963,14.2605159,,,,,pitch,,,
40.8620704,14.2601970,,,,,pitch,,,
40.8457808,14.2449483,,,,,pitch,,,
40.8461987,14.2458333,Chiesa di Santa Maria del Rosario a Portamedina,,,place_of_worship,,christian,,
40.8408088,14.2415019,,,,,pitch,,,
40.8400256,14.2384723,Chiesa di Santa Maria Apparente,,,place_of_worship,,christian,,
40.8550731,14.2536048,Chiesa di Santa Maria del Rosario alle Pigne,,,place_of_worship,,christian,,
40.8579402,14.2291537,,,,,pitch,,,
40.8537384,14.2471673,,,,,park,,,
40.8494855,14.2443043,,,,,pitch,,,
40.8528556,14.2480594,Chiesa di San Giuseppe dei Nudi,,,place_of_worship,,christian,,
40.8520961,14.2194655,,,,,park,,,
40.8556029,14.2238639,Giardini Della Metropolitana,,,,playground,,,
40.8526528,14.2185556,,,,,park,,,
40.8465853,14.2782143,,,railway,,,,,
40.8466882,14.2894467,,,railway,,,,,
40.8456096,14.2836194,,,railway,,,,,
40.8475868,14.2811031,,,railway,,,,,
40.8532187,14.2489389,,,,,park,,,
40.8515989,14.2512324,Giardino dell'Accademia,,,,park,,,
40.8530130,14.2195621,,,,,park,,,
40.8500513,14.2222357,Giardinetti Statua della Madonna,,,,park,,,
40.8505292,14.2197476,,,,,garden,,,
40.8519846,14.2196637,,,,,pitch,,,
40.8529858,14.2190327,,,,,garden,,,
40.8535732,14.2191284,,,,,garden,,,
40.8531108,14.2470102,,,,,park,,,
40.8529042,14.2469396,Chiesa dei Santi Bernardo e Margherita,,,place_of_worship,,christian,,
40.8524427,14.2482321,,,,,park,,,
40.8542609,14.2207201,,,,,garden,,,
40.8544393,14.2197769,,,,,garden,,,
40.8544411,14.2260049,Giardinetti di Via Dell'Erba,,,,park,,,
40.8556556,14.2266820,,,,,pitch,,,
40.8556603,14.2268652,,,,,pitch,,,
40.8472587,14.2323835,,,,,garden,,,
40.8524892,14.2218099,,,,,garden,,,
40.8495510,14.2865944,San Bartolomeo alle Brecce,,,place_of_worship,,christian,,
40.8522545,14.2467186,,,,,park,,,
40.8368779,14.2422223,Parco di Villa Cellamare,,,,park,,,
40.8326419,14.2346115,Gruppo Pattinatori di Napoli,,,,pitch,,,
40.8323450,14.2273810,,,,,playground,,,
40.8323578,14.2320243,Giardini di Viale Dohrn,,,,park,,,
40.8321792,14.2294919,,,,,swimming_pool,,,
40.8344300,14.2516689,,,,,pitch,,,
40.8343240,14.2515063,,,,,pitch,,,
40.8349229,14.2516425,,,,fountain,,,,
40.8358624,14.2518746,,,,fountain,,,,
40.8353647,14.2506206,,,,fountain,,,,
40.8533562,14.2239531,,,,,garden,,,
40.8613101,14.2463491,,,,,pitch,,,
40.8610840,14.2467873,,,,,pitch,,,
40.8482554,14.2397734,,,,,playground,,,
40.8506792,14.2306717,,,,,pitch,,,
40.8496147,14.2278484,,,,,playground,,,
40.8494343,14.2277639,,,,fountain,,,,
40.8493455,14.2279030,,,,,playground,,,
40.8518880,14.2467149,Chiesa di San Giuseppe dei Vecchi e Immacolata di Lourdes,,,place_of_worship,,christian,,
40.8520614,14.2491500,Chiesa di San Potito,,,place_of_worship,,christian,,
40.8460164,14.2448260,,,,,pitch,,,
40.8459666,14.2445017,Parco dei Quartieri Spagnoli,,,,park,,,
40.8548200,14.2536748,Giardini di Piazza Cavour,,,,park,,,
40.8522287,14.2191639,,,,,playground,,,
40.8547157,14.2254581,,,,,garden,,,
40.8548116,14.2258477,,,,,garden,,,
40.8594501,14.2225945,,,,theatre,,,,
40.8598735,14.2226858,Giardinetti di Tina Pica,,,,park,,,
40.8592183,14.2226107,,,,,playground,,,
40.8461495,14.2768851,,,,,park,,,
40.8515136,14.2478441,,,,,park,,,
40.8513094,14.2481254,,,,,park,,,
40.8515226,14.2474532,,,,,park,,,
40.8515342,14.2487002,,,,,park,,,
40.8515546,14.2482213,,,,,park,,,
40.8585384,14.2483875,,,,,park,,,
40.8462579,14.2448504,,,,,park,,,
40.8515491,14.2493955,,,,,park,,,
40.8524019,14.2297436,,,,,playground,,,
40.8520861,14.2487021,,,,,park,,,
40.8520778,14.2485655,,,,,park,,,
40.8395663,14.2350978,,,,,park,,,
40.8585365,14.2288805,,,,,park,,,
40.8521184,14.2382762,,,,place_of_worship,,christian,,
40.8438134,14.2346528,Parrocchia Santo Cuore di Gesu,,,place_of_worship,,christian,,
40.8146979,14.2084895,Parrocchia Maria del Buon Consiglio,,,place_of_worship,,christian,,
40.8545005,14.2241570,,,,place_of_worship,,christian,,
40.8566064,14.2232166,Monastero delle Passioniste,,,place_of_worship,,christian,,
40.8590937,14.2218791,Congregazione Suore dell'Addolorata e della Santa Croce,,,place_of_worship,,christian,,
40.8529664,14.2444190,,,,place_of_worship,,christian,,
40.8522299,14.2404883,Chiesa della Santissima Trinità alla Cesarea,,,place_of_worship,,christian,,
40.8510668,14.2401222,,,,,sports_centre,,,
40.8586539,14.2216939,Monumento ai caduti Prima e Seconda Guerra Mondiale,,monument,,,,,
40.8636470,14.2200992,Polisportiva Pro Cangiani,,,,sports_centre,,,
40.8487114,14.2048322,,,,,pitch,,,
40.8490487,14.2050063,,,,,pitch,,,
40.8490722,14.2048002,,,,,pitch,,,
40.8491029,14.2045908,,,,,pitch,,,
40.8510886,14.2395713,,,,,sports_centre,,,
40.8601587,14.2226136,Giardinetti di Tina Pica,,,,park,,,
40.8479121,14.2058087,Madonna delle Grazie,,,place_of_worship,,christian,,
40.8211649,14.2133151,,,,,swimming_pool,,,
40.8182900,14.2090364,,,,,swimming_pool,,,
40.8551913,14.2720416,,,,,garden,,,
40.8526787,14.2685444,,,,,pitch,,,
40.8527215,14.2688787,,,,,pitch,,,
40.8463523,14.2537538,,,,,park,,,
40.8467137,14.2535042,,,,,park,,,
40.8713050,14.2705911,Tracciato Vecchia Alifana Bassa (Napoli-Capua),,railway,,,,,
40.8436894,14.2555362,,,monument,,,,,
40.8376259,14.2537404,,,,,park,,,
40.8376588,14.2536170,,,,,park,,,
40.8376393,14.2536946,,,,,park,,,
40.8323418,14.2309050,,,,fountain,,,,
40.8322656,14.2303556,Monumento ad Armando Diaz,,monument,,,,,
40.8459014,14.2669017,Fontana della Marinella al Carmine,,,fountain,,,,
40.8383011,14.2533036,,,castle_wall,,,,,
40.8474114,14.2240122,,,,,pitch,,,
40.8460174,14.2104741,Via Pigna columbarium,,archaeological_site,,,,,
40.8388552,14.2549801,,,memorial,,,,,
40.8525294,14.2683980,,,,,pitch,,,
40.8632049,14.2562294,,,,planetarium,,,,
40.8430502,14.2578167,,,,,park,,,
40.8338289,14.2338832,,,,,park,,,
40.8336975,14.2339918,,,,,park,,,
40.8337664,14.2342031,,,,,park,,,
40.8336603,14.2344250,,,,,park,,,
40.8337741,14.2346539,,,,,park,,,
40.8336644,14.2348221,,,,,park,,,
40.8336478,14.2350659,,,,,park,,,
40.8337575,14.2352416,,,,,park,,,
40.8336936,14.2354793,,,,,park,,,
40.8115773,14.2042777,,,,,swimming_pool,,,
40.8224096,14.2175073,,,,,swimming_pool,,,
40.8197652,14.2120913,,,,,swimming_pool,,,
40.8318058,14.2263350,Monumento alle Quattro Giornate,,monument,,,,,
