46.0678354,11.1275834,Monumento ad Alcide De Gasperi,,monument,,,,,
46.0457872,11.1330899,Teatro Sanbàpolis,,,theatre,,,,
46.0637641,11.1287302,Teatro San Marco,,,theatre,,,,
46.0677293,11.1215698,Fontana dell'Aquila,,yes,drinking_water,,,,
46.0673832,11.1239728,Fontana dei do castradi,,yes,fountain,,,,
46.0660656,11.1255091,Monumento ai Martiri delle Foibe,,memorial,,,,,
46.0670658,11.1269374,Convento di San Francesco,,,place_of_worship,,christian,,
46.0698347,11.1240549,Supercinema Vittoria,,,cinema,,,,
46.0473370,11.1331187,Centro Musica Trento,,,arts_centre,,,,
46.0629480,11.1239090,Fontana dei Delfini,,,fountain,,,,
46.0176738,11.1050694,,,,,pitch,,,
46.1154205,11.1527655,Canopa delle Sette Colonne,,mine,,,,,
46.0621495,11.2371640,Chiesa dei Padri Francescani,,church,place_of_worship,,christian,,
46.0613578,11.1501795,,,,,playground,,,
46.0864848,11.1210680,,,,,playground,,,
46.0494421,11.2188127,Calcara,,ruins,,,,,
46.0483083,11.1239178,,,,,pitch,,,
46.0482103,11.1241188,,,,,playground,,,
46.0506182,11.1401167,Torretta Circolare,,ruins,,,,,
46.0410200,11.1333695,,,,fountain,,,,
46.0425264,11.1475844,,,,fountain,,,,
46.0205649,11.0422601,Centro Fondo alle Viote sul Monte Bondone,,,,sports_centre,,,
46.0485245,11.1450388,,,,fountain,,,,
46.0510294,11.1854155,,,ruins,,,,,
46.0569228,11.2445796,Cros del Tegaz,,wayside_cross,,,,,
46.0542905,11.1330226,Palestra Trim,,,,fitness_centre,,,
46.0618488,11.1709577,,,,fountain,,,,
46.0673135,11.1659799,,,,,playground,,,
46.0678804,11.1231491,,,,,playground,,,
46.0753701,11.2436242,Area archeologica Montesei di Serso,,archaeological_site,,,,,
46.0407002,11.1473417,,,,fountain,,,,
46.0521127,11.1455718,Cappella,,,place_of_worship,,christian,,
46.0492721,11.1439881,Monumento ai caduti,,memorial,,,,,
46.0617679,11.1502192,,,,fountain,,,,
46.0426890,11.2257193,,,wayside_shrine,,,,,
46.0718919,11.1623280,,,,,playground,,,
46.0760281,11.1233448,,,,,playground,,,
46.0795005,11.1146753,,,,,playground,,,
46.0636451,11.0988180,,,wayside_shrine,,,christian,,
46.0616427,11.0913669,,,wayside_cross,,,,,
46.0585507,11.1001560,,,wayside_cross,,,,,
46.0638713,11.1234120,Arco dei Tre Portoni,attraction,yes,,,,,
46.0384565,11.2386087,Lavatoio antico,,,fountain,,,,
46.0658703,11.1319097,Centro Relife,,,,fitness_centre,,,
46.0677131,11.1256533,Juta Wellness Center,,,,fitness_centre,,,
46.0678785,11.1221392,Fontana del Bacchino,,,fountain,,,,
46.0666528,11.1218315,Statua di San Vigilio,,monument,,,,,
46.0820079,11.0454380,,,,fountain,,,,
46.0985348,11.2070236,,,wayside_shrine,,,,,
46.0855668,11.1188142,Monumento ai Caduti di Nassirya,,memorial,,,,,
46.0690872,11.1220564,,,yes,fountain,,,,
46.0749985,11.1236872,,,,fountain,,,,
46.0689007,11.1246282,L'Arsenale,,,community_centre,,,,
46.0574187,11.1263592,,,,,playground,,,
46.0726484,11.1380716,Circolo Pensionati e Anziani San Donà,,,,club,,,
46.0710450,11.1387310,,,wayside_shrine,,,christian,,
46.0734593,11.1336958,,,wayside_shrine,,,,,
46.0720889,11.1325407,X Gesu Spogliato,,wayside_shrine,,,,,
46.0727748,11.1328881,,,wayside_shrine,,,,,
46.0740891,11.1361390,,,wayside_shrine,,,,,
46.0729693,11.1329690,XII Gesù Muore,,wayside_shrine,,,,,
46.0731811,11.1329986,XIII Gesù Deposto dalla T,,wayside_shrine,,,,,
46.0720905,11.1318981,VIII,,wayside_shrine,,,,,
46.0719103,11.1319847,IX Gesù Cade,,wayside_shrine,,,,,
46.0724208,11.1326979,XI Gesù Inchiodato,,wayside_shrine,,,,,
46.0720921,11.1315905,VII,,wayside_shrine,,,,,
46.0693732,11.1300292,,,wayside_shrine,,,christian,,
46.0609178,11.1243456,Giovanna Menegari,,,,dance,,,Scuola di danza classica e moderna
46.0552469,11.1259228,,,,,playground,,,
46.0719915,11.1206692,,,,,playground,,,
46.0721582,11.1201432,Giacomo Bresadola,,monument,,,,,
46.0720474,11.1201807,Giosuè Carducci,,monument,,,,,
46.0722490,11.1203507,Antonio Gazzoletti,,monument,,,,,
46.0717375,11.1198398,Giuseppe Verdi,,monument,,,,,
46.0406025,11.1349846,,,,,playground,,,
46.0634146,11.1259106,,,,,playground,,,
46.0705337,11.1213277,Giovanni Canestrini,,monument,,,,,
46.0694783,11.1185762,,,memorial,,,,,
46.0586491,11.1180305,,,,,playground,,,
46.0723408,11.1208743,,,,fountain,,,,
46.0723782,11.1207609,,,,fountain,,,,
46.0723389,11.1208411,Enrico Conci,,monument,,,,,
46.0712885,11.1207020,Guglielmo Ranzi,,monument,,,,,
46.0703897,11.1204920,Famiglia Trentina,,monument,,,,,
46.0709486,11.1206321,Eusebio Chini,,monument,,,,,
46.0717862,11.1211571,Giovanni Prati,,monument,,,,,
46.0609814,11.1251935,Antonio Rosmini,,monument,,,,,
46.0730684,11.1197430,,,memorial,,,,,
46.0730331,11.1197147,,,memorial,,,,,
46.0719648,11.1209339,Luigi Negrelli,,monument,,,,,
46.0658740,11.1249940,,,memorial,,,,,
46.0770972,11.1195700,,,monument,,,,,
46.0630917,11.1239357,Martino Martini,,monument,,,,,
46.0675519,11.1200759,,,monument,,,,,
46.0671392,11.1200153,Centro Sportivo Life,,,,sports_centre,,,
46.0731456,11.1286653,Chiesa del Convento Padri Cappuccini,,,place_of_worship,,christian,,
46.0637118,11.1262363,,,,,playground,,,
46.0617001,11.1244367,Centri Abbronzatura Impero del Sole,,,,tanning_salon,,,
46.1340869,11.1106879,Gatto e la Volpe,,,stripclub,,,,
46.0203994,11.1270321,,,monument,,,,,
46.0201459,11.1270479,F-104,,monument,,,,,
46.1083407,11.1122181,,,,fountain,,,,
46.1010745,11.1182189,,,,,playground,,,
46.1126228,11.1110712,,,wayside_cross,,,,,
46.0888831,11.1615398,,,wayside_cross,,,,,
46.1154714,11.1640129,Calcara,,ruins,,,,,
46.0658495,11.1238452,Associazione Contrada di Borgo Nuovo,,,,club,,,
46.0680535,11.1184332,Villa Romana di Orfeo,,archaeological_site,,,,,
46.0976156,11.1444094,,,wayside_cross,,,,,
46.0865873,11.1212957,,,,,pitch,,,
46.0402446,11.1368510,,,,,playground,,,
46.1082602,11.1114517,,,memorial,,,,,
46.0720439,11.1124920,,,monument,,,,,
46.0729287,11.1132622,Cannone della Batteria Battisti,,memorial,,,,,
46.1222002,11.1812540,Canopa di Santa Colomba,,mine,,,,,
46.1208015,11.1860869,Canopa dell'Uccello,,mine,,,,,
46.1236269,11.1826889,Canopa Dos del lago,,mine,,,,,
46.1177389,11.1856260,Canopa delle Acque,,mine,,,,,
46.0577667,11.1327771,Santa Chiara,,monument,,,,,
46.0694095,11.1287969,Spazio OFF,,,,club,,,
46.0646001,11.1204659,Punto D'Incontro Trento - Società Cooperativa Sociale Onlus,,,community_centre,,,,
46.0210827,11.1497506,,,,,playground,,,
46.0211500,11.1498537,,,,fountain,,,,
46.0212517,11.1496746,Discoteca Rosalpina,,,nightclub,,,,
46.0233444,11.0384599,,,,,playground,,,
46.0688712,11.0515492,,,wayside_shrine,,,,,
46.0705533,11.0581771,,,wayside_shrine,,,christian,,
46.0714371,11.0601754,,,monument,,,,,
46.0716983,11.0602893,,,,fountain,,,,
46.0718726,11.0607764,,,wayside_shrine,,,christian,,
46.0757233,11.0587138,,,wayside_cross,,,,,
46.0933711,11.0469735,,,wayside_cross,,,,,
46.0522989,11.0755402,Cros del Segata,,wayside_cross,,,,,
46.0696878,11.1262725,,,,,playground,,,
46.0699661,11.1262034,,,,,playground,,,
46.0701086,11.1281203,,,wayside_shrine,,,,,
46.0702942,11.1286883,,,wayside_shrine,,,christian,,
46.0716399,11.1306745,,,wayside_shrine,,,christian,,
46.0724152,11.1280235,,,wayside_shrine,,,,,
46.0730365,11.1281401,,,wayside_cross,,,,,
46.0739463,11.1353088,,,wayside_cross,,,,,
46.1217991,11.1210976,,,wayside_shrine,,,christian,,
46.0670339,11.1260520,Diamond,,,stripclub,,,,
46.0497369,11.0812624,,,wayside_cross,,,,,
46.0506059,11.0730819,,,,,playground,,,
46.0521326,11.1173482,,,,fountain,,,,
46.0644389,11.0798700,,,,,playground,,,
46.0717035,11.1259564,,,tomb,,,,,
46.0983645,11.1126543,,,wayside_cross,,,,,
46.0237292,11.0390014,,,,,playground,,,
46.0509921,11.1246170,,,,,pitch,,,
46.0510223,11.1248691,,,,,playground,,,
46.0575853,11.1253754,,,,,playground,,,
46.0938003,11.1201631,,,,,playground,,,
46.1029618,11.1161946,,,,,playground,,,
46.1019916,11.1002789,,,,,playground,,,
46.1139783,11.1073457,,,wayside_shrine,,,christian,,
46.0688895,11.1287722,FitPark,,,,fitness_centre,,,
46.0652136,11.1220384,,,,,playground,,,
46.0889201,11.1341026,,,,,playground,,,
46.0923488,11.1372115,,,wayside_cross,,,,,
46.0694289,11.1260054,,,,fountain,,,,
46.0636515,11.1248753,teatro Cuminetti,,,theatre,,,,
46.0650693,11.1252674,,,,fountain,,,,
46.0384377,11.1078272,Teatro Demattè,,,theatre,,,,
46.0700855,11.1253878,Circolo Culturale Ricreativo Sardo G. Dessi,,,,club,,,
46.0790218,11.0599900,,,,,playground,,,
46.0993820,11.1191464,,,wayside_shrine,,,,,
46.0994553,11.1196209,,,wayside_cross,,,,,
46.1009545,11.1023434,,,wayside_shrine,,,christian,,
46.0427938,11.1124351,,,wayside_cross,,,,,
46.0944120,11.1099472,,,,,fitness_centre,,,
46.0946367,11.1100770,Star Club,,,,fitness_centre,,,
46.0549631,11.1363291,,,,,playground,,,
46.0568348,11.1369025,,,,,pitch,,,
46.0194048,11.0400930,,picnic_site,,,picnic_table,,,
46.0755782,11.1437153,,,wayside_shrine,,,,,
46.0752191,11.1366148,,,wayside_cross,,,,,
46.0843132,11.2177027,,,wayside_shrine,,,,,
46.0850798,11.2139660,Monumento ai Caduti,,monument,,,,,
46.0832129,11.2207094,,,wayside_shrine,,,,,
46.0843146,11.2228095,,,wayside_shrine,,,,,
46.0853618,11.2131242,,,wayside_cross,,,,,
46.0856136,11.2170415,,,wayside_cross,,,,,
46.0699229,11.1280902,Fontana di Port'Aquila,,,fountain,,,,
46.0546003,11.1295991,,,wayside_shrine,,,,,
46.0654670,11.1216597,,,wayside_shrine,,,christian,,
46.0763349,11.0505846,Monte Croce,,wayside_cross,,,,peak,
46.0688930,11.0522783,IV,,wayside_cross,,,,,
46.0691474,11.0507712,V,,wayside_cross,,,,,
46.0697125,11.0531031,III,,wayside_cross,,,,,
46.0702650,11.0548809,II,,wayside_cross,,,,,
46.0707989,11.0515779,VI,,wayside_cross,,,,,
46.0717949,11.0519336,VII,,wayside_cross,,,,,
46.0734613,11.0518975,VIII,,wayside_cross,,,,,
46.0734736,11.0501405,IX,,wayside_cross,,,,,
46.0736731,11.0494077,X,,wayside_cross,,,,,
46.0738639,11.0483637,XI,,wayside_cross,,,,,
46.0749388,11.0492896,XII,,wayside_cross,,,,,
46.0757020,11.0501335,XIII,,wayside_cross,,,,,
46.0949596,11.1104524,,,wayside_shrine,,,christian,,
46.0988053,11.1099563,,,,fountain,,,,
46.0210539,11.1114779,,,wayside_cross,,,,,
46.0381202,11.1087382,,,wayside_shrine,,,christian,,
46.0775280,11.1366633,,,,,playground,,,
46.0782969,11.1341521,,,,,playground,,,
46.1180354,11.2074109,Fornace ai Caduti,,monument,,,,,
46.1170663,11.2075613,,,,community_centre,,,,
46.0658311,11.1232954,,,wayside_shrine,,,,,
46.0812864,11.0839893,,,wayside_shrine,,,,,
46.0686876,11.0569021,,,wayside_cross,,,,,
46.0862048,11.1597423,,,memorial,,,,,
46.0865046,11.1598209,,,,,playground,,,
46.1201891,11.1178851,,,wayside_shrine,,,christian,,
46.1226059,11.1193757,,,wayside_shrine,,,christian,,
46.1265155,11.1161267,Centro Civico di Meano,,,community_centre,,,,
46.0293142,11.0563910,Osservatorio Militare,,ruins,,,,,
46.0693887,11.2061361,,,memorial,,,,,
46.0707713,11.2051417,,,,,playground,,,
46.0741534,11.2346343,,,wayside_shrine,,,,,
46.0644825,11.1538520,Teatro Concordia,,,theatre,,,,
46.0611141,11.1543906,,,wayside_cross,,,,,
46.0631871,11.1566073,,,wayside_shrine,,,,,
46.0670092,11.1606496,,,wayside_shrine,,,christian,,
46.0675546,11.1603423,,,wayside_shrine,,,,,
46.0685148,11.1606597,,,wayside_shrine,,,,,
46.0507424,11.1219543,,,,,sports_centre,,,
46.0810883,11.0432458,CottonClub,,,stripclub,,,,
46.0816862,11.0466796,,,,,playground,,,
46.0524330,11.1482362,,,wayside_shrine,,,,,
46.0364287,11.1109052,,,,,playground,,,
46.0382946,11.1073087,,,wayside_shrine,,,christian,,
46.0578946,11.1085248,,,wayside_shrine,,,,,
46.0862949,11.1326467,,,,,pitch,,,
46.0185682,11.1042827,Statua S.Rocco,,wayside_shrine,,,christian,,
46.1089381,11.0412527,,,ruins,,,,,
46.0840476,11.2208185,,,,,playground,,,
46.0882116,11.1304230,,,monument,,,,,
46.0895776,11.1313632,,,wayside_cross,,,,,
46.0726798,11.1123490,,,,,picnic_table,,,
46.0729106,11.1117482,,,,,picnic_table,,,
46.0726501,11.1132503,,,,,picnic_table,,,
46.0724268,11.1131430,,,,,picnic_table,,,
46.0476138,11.1317606,,,,,picnic_table,,,
46.1016073,11.0675562,,,ruins,,,,,
46.1012075,11.0680123,Fontana Filia,,,fountain,,,,
46.0996347,11.0850228,Stol,,ruins,,,,,
46.0995291,11.0845307,,,ruins,,,,,
46.0876161,11.0659263,Giardino dalle Mele d'Oro,,,,playground,,,
46.0712423,11.1411131,,,,,pitch,,,
46.0609510,11.1137503,,,,,playground,,,
46.0607811,11.1131301,,,,,playground,,,
46.0510178,11.1853835,,,,,picnic_table,,,
46.0679235,11.1191718,,,wayside_shrine,,,,,
46.1302458,11.2042428,,,,,playground,,,
46.0650719,11.1142161,Scuola di Ballo,,,,dance,,,
46.0750039,11.1147832,giardino Caio Valerio Mariano,,,,playground,,,
46.0177577,11.1052850,,,,,playground,,,
46.0932396,11.1178172,Max Village Wellness Club,,,,fitness_centre,,,
46.0809903,11.1003615,,,,fountain,,,,
46.0824979,11.1018878,,,,fountain,,,,
46.0597894,11.1157196,Palestra Defant's Club,,,,fitness_centre,,,
46.1007329,11.1188091,,,wayside_shrine,,,,,
46.0924584,11.1329175,,,,,playground,,,
46.0675006,11.1187012,,,wayside_shrine,,,christian,,
46.0615351,11.1147003,Laboratorio Sociale,,,community_centre,,,,
46.0465305,11.1332036,Palestra di roccia San Bartolameo,,,,sports_centre,,,
46.0710678,11.1248008,,,wayside_shrine,,,christian,,
46.0962389,11.0465598,Parco giochi,,,,playground,,,
46.0997393,11.0847543,,,ruins,,,,,
46.0607989,11.1140915,,,,,playground,,,
46.0664114,11.1531737,,,wayside_shrine,,,christian,,
46.0643035,11.2353456,,,,,playground,,,
46.0645276,11.2358264,,,,,playground,,,
46.0622048,11.2391965,Cinema Teatro Pergine Valsugana,,,cinema,,,,
46.0753401,11.1221426,Federazione Trentina della Cooperazione,,,social_centre,,,,
46.0612383,11.1203715,,,,,picnic_table,,,
46.0611875,11.1201117,,,,,picnic_table,,,
46.1318722,11.2434276,,,,fountain,,,,
46.0852755,11.1114056,,,wayside_shrine,,,christian,,
46.0854174,11.1114018,,,wayside_shrine,,,christian,,
46.0901718,11.0847115,Fuciliera austriaca,information,ruins,,,,,
46.0901720,11.0847078,Fuciliera AustroUngarica,,ruins,,,,,
46.0690401,11.1133814,Centro Sociale Bruno,,,community_centre,,,,
46.0772177,11.1197080,,,,,playground,,,
46.0664992,11.1295044,Lega Navale Italiana - Sezione di Trento,,,,social_club,,,
46.0409865,11.1227560,BLM Group Arena,,,,sports_centre,,,
46.0417056,11.1227962,PalaGhiaccio,,,,sports_centre,,,
46.0525680,11.1201624,Trento Rocks,,monument,,,,,
46.0404950,11.1117871,JutaSpa,,,,sports_centre,,,"Centro benessere, palestra, sauna ed estetica"
46.0709644,11.1126825,Circolo Alpini ANA Piedicastello-Vela,,,community_centre,,,,
46.0502648,11.1476400,,,wayside_shrine,,,christian,,
46.0557053,11.1490643,,,wayside_cross,,,christian,,
46.0537989,11.1697845,,,wayside_shrine,,,christian,,
46.0907811,11.0694789,Croce in Pietra,,wayside_cross,,,christian,,
46.1004846,11.1487397,Forte Casara,,ruins,,,,,
46.0437468,11.1550342,,,,fountain,,,,
46.0384803,11.2378149,Centro Nautico Ekon A.S.D.,,,,sports_centre,,,
46.0422690,11.2275026,Sala musicale ACS Canale,,,theatre,,,,
46.0227681,11.0663046,,,wayside_cross,,,christian,,
46.0146680,11.0727825,,,wayside_cross,,,christian,,
46.0687470,11.1232909,Centro storico Trento,,district,,,,,
46.0548464,11.1199590,,,,,playground,,,
46.1047364,11.1103931,,,,,playground,,,
46.0162446,11.0455750,,,wayside_cross,,,christian,,
46.1187209,11.1258441,Busa del Pomar,,mine,,,,,Ingresso Inferiore della Canopa Busa del Pomar
46.1183985,11.1267016,Busa del Pomar,,mine,,,,,Ingresso principale della Canopa Busa del Pomar
46.1182651,11.1267839,Busa del Pomar,,mine,,,,,Ingresso Superiore della Canopa Busa del Pomar
46.1179177,11.1231412,Calcara,,yes,,,,,
46.1232786,11.1865255,Canopa dei Bamponi,,mine,,,,,
46.0923488,11.1740719,Canopa di Magnago,,mine,,,,,
46.1238535,11.1865969,,,mine,,,,,
46.1240482,11.1867420,,,mine,,,,,
46.1249124,11.1867442,,,mine,,,,,
46.1254904,11.1861398,,,mine,,,,,
46.1255693,11.1866836,,,mine,,,,,
46.0856211,11.2187745,biotopo Lago di Madrano,,,,park,,,
46.0758259,11.2376172,biotopo Lago Costa,,,,park,,,
46.0917223,11.1121574,Arté,,,nightclub,,,,
46.0949742,11.1095829,Elysee Club,,,nightclub,,,,
46.1178123,11.1508156,Busa del parol,,mine,,,,,
46.1307408,11.1405851,,,mine,,,,,Canopa piena di immondizie
46.1307923,11.1406702,Canopa chiusa,,mine,,,,,Canopa quasi completamente chiusa
46.0994692,11.2368923,,,,,playground,,,
46.0664478,11.1476939,,,wayside_cross,,,,,
46.1313949,11.1419478,Calcara,,yes,,,,,Calcara
46.1288559,11.1423616,Canopa 075,,mine,,,,,
46.1277535,11.1407324,Cadino 059,,mine,,,,,
46.1269200,11.1402700,,,mine,,,,,Piccolo cadino
46.1214371,11.1623964,Cadino 16,,mine,,,,,Cadino recintato sulla sommita del Monte Galina
46.1228547,11.1626208,Cadino recintato,,mine,,,,,Cadino profondo recintato
46.1231499,11.1624749,Cadino recintato,,mine,,,,,Cadino profondo recintato
46.1268353,11.1400281,,,mine,,,,,Cadino profondo circa 2 - 3 metri
46.1077500,11.1500400,069,,mine,,,,,
46.1135845,11.1528067,Cadino 070,,mine,,,,,
46.1133080,11.1526140,canopa 078,,mine,,,,,
46.1138500,11.1526700,Canopa Tana Zalda,,mine,,,,,
46.0627758,11.2426814,,,highwater_mark,,,,,Fin qui arrivò la Fersina al 13 agosto 1748
46.0850468,11.1587791,,,,,pitch,,,
46.0173404,11.2265030,,,,fountain,,,,
46.1220810,11.1698440,Canopa 028 - Doss delle Grave 01,,mine,,,,,
46.1153669,11.1211397,,,mine,,,,,Canopa con accesso completamente ostruito da rifiuti
46.1187556,11.1249299,,,mine,,,,,Canopa posta su una paretina a circa 4 - 5 metri dalla base
46.0128374,11.2284640,,,wayside_cross,,,,,
46.1137159,11.1934983,Canopa 06 - del Raita,,mine,,,,,
46.1210998,11.1708446,,,mine,,,,,
46.1220461,11.1706159,,,mine,,,,,
46.1220466,11.1705991,,,mine,,,,,
46.1207500,11.1708000,,,mine,,,,,
46.1208374,11.1708111,,,mine,,,,,
46.1209292,11.1713722,,,mine,,,,,
46.1195413,11.1796226,Canopa 025,,mine,,,,,
46.1263554,11.1727526,Canopa 027 (?),,mine,,,,,
46.1266239,11.1716947,Canopa 027 bis,,mine,,,,,
46.1260013,11.1727731,Micro Canopa,,mine,,,,,Piccolo ingresso a canopa attualmente troppo stretto per il passaggio di una persona
46.1212700,11.1725700,,,mine,,,,,
46.0185503,11.2222109,,,wayside_cross,,,,,
46.0213399,11.2177660,,,wayside_shrine,,,christian,,
46.0240714,11.2164974,,,wayside_cross,,,,,
46.1151122,11.1524753,Canopa bassa,,mine,,,,,Canopa bassa e stretta
46.1147384,11.1522668,Canopa squadrata,,mine,,,,,
46.1157157,11.1510202,Canopa impronte,,mine,,,,,Canopa con molte impronte di animali
46.0194046,11.2230204,,,wayside_cross,,,,,
46.0208546,11.2289834,,,wayside_cross,,,,,
46.1227125,11.1621009,Cadino del tasso,,mine,,,,,
46.1218662,11.1741300,09,,mine,,,,,
46.1221246,11.1747255,10,,mine,,,,,
46.0204925,11.2188954,,,wayside_cross,,,,,
46.1178974,11.1855778,,,mine,,,,,
46.1198889,11.1836195,,,mine,,,,,
46.1200015,11.1834334,,,mine,,,,,
46.1167375,11.1533160,,,mine,,,,,
46.1148793,11.1570805,,,mine,,,,,Canopa ampia e con un discreto sviluppo
46.1151035,11.1570011,,,mine,,,,,
46.1084589,11.1245416,,,memorial,,,,,Lapide 14 agosto 1887 a ricordo persona
46.1142461,11.1548794,,,mine,,,,,
46.1147680,11.1567737,,,mine,,,,,
46.1148564,11.1569749,,,mine,,,,,
46.1150053,11.1569749,,,mine,,,,,
46.1159501,11.1521424,,,mine,,,,,"Cadino con pareti verticali, profondo e circondato da rete di protezione."
46.1143456,11.1517117,,,mine,,,,,"Cavità (canopa?) in conglomerato, vicino acquedotto"
46.1163809,11.1486666,,,memorial,,,,,Croce in pietra
46.1163366,11.1492767,,,mine,,,,,Cadino con pareti verticali profondo alcuni metri (pericoloso).
46.1163412,11.1492424,,,mine,,,,,Cadino largo e basso.
46.1165907,11.1483466,,,mine,,,,,Cadino quasi completamente riempito di rami ma che pare allargarsi alla base
46.1261464,11.2025414,,,mine,,,,,
46.1283603,11.2017188,,,mine,,,,,
46.1282381,11.2017371,,,mine,,,,,
46.1285286,11.2013922,,,mine,,,,,Canopa molto bassa (circa 30 cm) difficilmente percorribile
46.1139017,11.1556776,,,mine,,,,,Cadino verticale profondo 3 metri
46.1138217,11.1556819,,,mine,,,,,
46.1100585,11.1550124,,,mine,,,,,
46.1099114,11.1547275,,,mine,,,,,
46.1119918,11.1555657,,,mine,,,,,
46.1120584,11.1559454,,,mine,,,,,
46.0350998,11.2069984,,,wayside_cross,,,,,
46.0382660,11.2132314,,,wayside_cross,,,,,
46.0382889,11.2139199,,,,fountain,,,,
46.1095706,11.1547884,,,mine,,,,,
46.1121096,11.1555943,,,mine,,,,,
46.1121679,11.1556359,,,mine,,,,,Cadino pericoloso profondo circa 5 m a pareti verticali
46.1077645,11.1533297,,,mine,,,,,Piccola canopa quasi completamente ostruita
46.1076689,11.1533896,,,mine,,,,,Piccola canopa
46.1075407,11.1532902,,,mine,,,,,
46.1067214,11.1531882,,,mine,,,,,
46.1065378,11.1530110,,,mine,,,,,
46.0312346,11.2170878,,,,fountain,,,,
46.0343294,11.2122538,,,wayside_cross,,,,,
46.0347084,11.2207088,,,memorial,,,,,
46.1203594,11.1444320,,,mine,,,,,Canopa con ingresso quasi completamente ostruito
46.1207759,11.1438146,,,mine,,,,,
46.1169780,11.1480563,,,mine,,,,,
46.1213303,11.1434979,,,mine,,,,,Cadino profondo circa 6 metri
46.1116553,11.1279776,,,mine,,,,,
46.1118577,11.1274994,,,mine,,,,,
46.1237526,11.1634348,,,mine,,,,,
46.1238211,11.1635877,,,mine,,,,,
46.1246110,11.1637933,,,mine,,,,,
46.1186390,11.1559051,Busa del corno,,mine,,,,,
46.1237627,11.1487394,,,mine,,,,,
46.1238382,11.1466498,,,mine,,,,,
46.1203150,11.1488811,,,mine,,,,,
46.1204303,11.1482457,,,mine,,,,,
46.1221121,11.1479220,,,mine,,,,,
46.1218613,11.1475436,,,mine,,,,,
46.1219412,11.1476611,,,mine,,,,,
46.1140492,11.1289293,,,yes,,,,,Calcara
46.0544033,11.1554374,,,wayside_cross,,,christian,,
46.1022139,11.1498148,,,mine,,,,,
46.1029525,11.1504374,,,mine,,,,,
46.1030462,11.1477123,,,mine,,,,,
46.1035868,11.1528556,,,mine,,,,,
46.0602916,11.1243919,Chiesa di Gesù Cristo dei Santi degli Ultimi Giorni,,,place_of_worship,,christian,,
46.0648999,11.1589476,,,,,playground,,,
46.0652777,11.1592132,,,,,playground,,,
46.1002708,11.1104717,Admiral Club,,,,adult_gaming_centre,,,
46.1222562,11.2379233,,,,,playground,,,
46.0540555,11.1180474,Chiesa Neo-Apostolica di Trento,,,place_of_worship,,christian,,
46.0481112,11.2189334,,,wayside_shrine,,,,,
46.0583389,11.2139042,,,,,playground,,,
46.0583743,11.2140141,,,wayside_shrine,,,,,
46.0948327,11.2165482,Castello della Rocca,,castle,,,,,
46.1118681,11.0386339,,,wayside_shrine,,,,,
46.0924711,11.0863508,,,ruins,,,,,
46.0901676,11.0850267,,,,,picnic_table,,,
46.0704770,11.0780983,,,,,picnic_table,,,
46.0692777,11.0774217,,,,,picnic_table,,,
46.0171409,11.1059805,360°,,,community_centre,,,,
46.0629075,11.2345257,admiral,,,,adult_gaming_centre,,,
46.0637862,11.2333959,master,,,,sports_centre,,,
46.0996042,11.1006769,JW.ORG,,,place_of_worship,,christian,,
46.0563283,11.2388447,,,,,picnic_table,,,
46.0562501,11.2388433,,,,,picnic_table,,,
46.0562752,11.2390003,,,wayside_shrine,,,,,
46.0600878,11.2431202,,,wayside_shrine,,,,,
46.0861556,11.2265552,Capitello del Redentore,,wayside_shrine,,,christian,,
46.0951485,11.2166048,,,wayside_cross,,,,,
46.0439885,11.2262797,Fontana,,,fountain,,,,
46.0793772,11.1232645,,,,fountain,,,,
46.0932269,11.1794548,,,wayside_shrine,,,christian,,
46.0561206,11.2362324,,,,,picnic_table,,,
46.1271434,11.1288700,,,,,playground,,,
46.1353745,11.1334675,,,wayside_shrine,,,,,
46.1222382,11.1151732,Orto in villa,,,,park,,,
46.0648948,11.1539127,,,,,picnic_table,,,
46.0648963,11.1539646,,,,,picnic_table,,,
46.1291774,11.2425926,,,,,picnic_table,,,
46.0644260,11.2220334,Capitello di Sant'Antonio,,wayside_shrine,,,,,
46.1132186,11.2250769,,,,,wildlife_hide,,,
46.0855039,11.1752401,,,wayside_cross,,,,,
46.0981958,11.1142252,,,,,playground,,,
46.0652921,11.1545913,,,,,playground,,,
46.0716734,11.1623773,,,,,playground,,,
46.1011864,11.1116940,Koiné,,,,adult_gaming_centre,,,
46.1358057,11.1096978,,,,,picnic_table,,,
46.0493755,11.1472043,,,,theatre,,,,
46.0663568,11.1514451,,,,,picnic_table,,,
46.0696229,11.0969683,,,wayside_cross,,,christian,,
46.1002404,11.1096446,,,,,playground,,,
46.0632038,11.2416900,,,monument,,,,,
46.0713796,11.1896549,Cross de Zelva,,ruins,,,,,
46.0717388,11.1895021,,,ruins,,,,,
46.0740484,11.1768474,gallerie militari,,ruins,,,,,
46.0686260,11.1609272,,,,fountain,,,,
46.0792208,11.2199141,,,,,bird_hide,,,
46.0778018,11.1431649,,,,,playground,,,
46.0663774,11.1508975,,,,,pitch,,,
46.0663867,11.1510848,,,,,picnic_table,,,
46.0663876,11.1512940,,,,,picnic_table,,,
46.0662788,11.1507858,,,,,picnic_table,,,
46.0661131,11.1507965,,,,,picnic_table,,,
46.0660313,11.1509869,,,,,picnic_table,,,
46.0657832,11.1509433,,,,,picnic_table,,,
46.0657046,11.1509547,,,,,picnic_table,,,
46.0716477,11.1622060,,,,,pitch,,,
46.0626276,11.1163973,Monumento ossario austro-ungarico di Trento,,tomb,,,,,
46.0627946,11.1188586,Sacrario militare di Trento,,tomb,,,,,
46.0667083,11.1604544,,,monument,,,,tree,
46.0661454,11.2281829,,,wayside_shrine,,,christian,,
46.0959156,11.1989464,Capitello di Santa Lucia,,wayside_shrine,,,christian,,
46.1079737,11.2021875,Capitel dei Seregnani,,wayside_shrine,,,christian,,
46.0994361,11.2033281,,,wayside_cross,,,,,
46.1004987,11.2021569,,,,,picnic_table,,,
46.0897178,11.1821471,,,,fountain,,,,
46.0895604,11.1954525,,,wayside_cross,,,,,
46.0946095,11.1980589,,,wayside_shrine,,,christian,,
46.0377360,11.1068344,Monumento ai caduti,,monument,,,,,
46.1120109,11.2381820,Castel Belvedere,,castle,,,,,
46.0790603,11.1150700,,,,,picnic_table,,,
46.0804739,11.1138140,,,,,playground,,,
46.1204488,11.2087700,,,wayside_shrine,,,,,
46.1157325,11.2063723,,,wayside_shrine,,,,,
46.1043512,11.1893220,,,wayside_shrine,,,,,
46.1039067,11.1888556,,,wayside_cross,,,,,
46.1069982,11.1844238,,,wayside_shrine,,,,,
46.1074847,11.1831639,,,wayside_shrine,,,,,
46.1058148,11.1832337,,,wayside_cross,,,,,
46.1013275,11.1863836,,,wayside_cross,,,,,
46.1011633,11.1925680,,,wayside_shrine,,,,,
46.0632121,11.2322550,,,,fountain,,,,
46.0609968,11.1251396,,,,fountain,,,,
46.0509830,11.1845213,,,,,pitch,,,
46.0524724,11.1832081,,,,,picnic_table,,,
46.0763640,11.1193094,Mrs.Sporty,,,,fitness_centre,,,
46.1182667,11.1143199,,,wayside_cross,,,,,
46.1186590,11.1149556,,,,,picnic_table,,,
46.0731971,11.1267330,Salus,,,,fitness_centre,,,
46.0719610,11.2283212,,,,,playground,,,
46.0172274,11.1326915,,,boundary_stone,,,,,
46.0149179,11.1325814,Centro benessere Greta,,,,fitness_centre,,,
46.0367477,11.2367268,,,,,playground,,,
46.0678821,11.1232869,,,,,playground,,,
46.0525629,11.1275833,,,,,playground,,,
46.0517691,11.1250674,,,,,playground,,,
46.0949783,11.1101302,,,,,fitness_centre,,,
46.0699333,11.0743368,Blockhaus Camponzin,,ruins,,,,,
46.1249306,11.1792728,,,,,playground,,,
46.0416005,11.2329053,,,,,picnic_table,,,
46.0194175,11.2320158,,,,,picnic_table,,,
46.0192015,11.2322330,,,,,picnic_table,,,
46.0170492,11.2337968,,,,,picnic_table,,,
46.0567068,11.1221892,,,,,playground,,,
46.0800581,11.1117178,,,,,slipway,,,
46.0142989,11.1323690,Scommettiamo è,,,,adult_gaming_centre,,,
46.0145047,11.0512934,,,wayside_cross,,,,,
46.1001734,11.0418818,,,wayside_shrine,,,,,
46.0965364,11.0470298,,,wayside_shrine,,,,,
46.1003433,11.0514329,,,wayside_shrine,,,,,
46.0964310,11.0444860,,,wayside_shrine,,,christian,,
46.0813798,11.0429065,,,wayside_shrine,,,christian,,
46.1063801,11.1117803,Teatro Gigi Cona,,,theatre,,,,
46.0823535,11.0515556,,,wayside_cross,,,,,
46.0735942,11.0621656,,,wayside_shrine,,,christian,,
46.0685158,11.1075500,,,wayside_cross,,,,,
46.0950715,11.1177778,,,,,pitch,,,
46.0948083,11.1184618,,,,,pitch,,,
46.0385118,11.2377444,Centro Nautico Ekon,,,public_bookcase,,,,
46.0956405,11.0463225,,,,,pitch,,,
46.0960405,11.0467510,,,,,picnic_table,,,
46.0514560,11.2198574,,,wayside_shrine,,,,,
46.1310204,11.2413070,,,,,playground,,,
46.0968381,11.1166159,,,,,pitch,,,
46.0967922,11.1171604,,,,,fitness_station,,,
46.0695481,11.1238772,Lapide commemorativa di Gianantonio Manci,,memorial,,,,,
46.0696406,11.1201547,Lapide commemorativa di Giovanni Peterlongo,,memorial,,,,,
46.0674196,11.1498019,,,,,fitness_station,,,
46.0674398,11.1500165,,,,,pitch,,,
46.0665577,11.1494051,,,,,picnic_table,,,
46.0665440,11.1497795,,,,,picnic_table,,,
46.0665532,11.1495931,,,,,picnic_table,,,
46.0674392,11.1499383,,,,,picnic_table,,,
46.0747449,11.1130328,,,,,picnic_table,,,
46.0436544,11.1317855,,,,,playground,,,
46.1304706,11.1284294,,,,,playground,,,
46.1357598,11.1145784,,,,,playground,,,
46.1358475,11.1143116,,,,,pitch,,,
46.1222496,11.1162654,,,,,playground,,,
46.1222516,11.1161490,,,,,pitch,,,
46.1154955,11.1151511,,,,,playground,,,
46.1152494,11.1157868,,,,,picnic_table,,,
46.1153449,11.1154418,,,,,pitch,,,
46.0881406,11.1703255,,,wayside_cross,,,,,
46.0440535,11.2400731,,,wayside_shrine,,,,,
46.0524774,11.0933222,,,wayside_cross,,,,,
46.0691523,11.1132026,Libera La Parola,,,community_centre,,,,Spazio aperto per l'insegnamento dell'italiano ai migranti tramite incontri settimanali di discussione.
46.0663531,11.1853019,,,,,picnic_table,,,
46.0379401,11.1286364,,,,,playground,,,
46.0728165,11.1178047,,,,public_bookcase,,,,
46.0724938,11.1252248,,,,public_bookcase,,,,
46.0567333,11.1195396,,,,public_bookcase,,,,
46.0695210,11.1134906,,,,public_bookcase,,,,
46.0124717,11.1734356,,,wayside_cross,,,,,
46.0991920,11.1925532,,,,,picnic_table,,,
46.1100527,11.1565245,,,,,firepit,,,
46.1127050,11.1607730,,,,,firepit,,,
46.1223623,11.1800890,,,,,picnic_table,,,
46.0676275,11.1502072,,,,,sports_centre,,,
46.0929542,11.1611431,La Calcara - Der Kalkofen,,fort,,,,,
46.0931453,11.1243250,Riparo Gaban,,archaeological_site,,,,,
46.1145628,11.1195820,Resti del Castello di Gardolo,,ruins,,,,,
46.0648667,11.1223328,Arcigay del Trentino,,,community_centre,,,,
46.0817404,11.1160208,Admiral Club,,,gambling,,,,
46.0812525,11.1156243,Circolo culturale pensionati la ginestra,,,community_centre,,,,
46.0812619,11.1156738,Gruppo Modellistico Trentino di Studio e Ricerca Storica,,,community_centre,,,,
46.0813340,11.1159938,Club Montecarlo,,,gambling,,,,
46.0266555,11.1710948,Secondo Forte,,fort,,,,,
46.0248974,11.1664492,Primo Forte,,fort,,,,,
46.0390069,11.1285991,,,,,fitness_station,,,
46.0387637,11.1289495,,,,,picnic_table,,,
46.0387052,11.1290807,,,,,fitness_station,,,
46.0383677,11.1290023,,,,,fitness_station,,,
46.0977632,11.1442046,,,,,picnic_table,,,
46.0976987,11.1442628,,,,,picnic_table,,,
46.0555122,11.0813847,,,,,picnic_table,,,
46.0392136,11.1002095,,,,,picnic_table,,,
46.0391601,11.1002083,,,,,picnic_table,,,
46.0385653,11.2379882,,,,,pitch,,,
46.0724733,11.2283801,,,,fountain,,,,
46.0721907,11.2282312,,,,fountain,,,,
46.0783663,11.1416326,,,,,picnic_table,,,
46.0419530,11.2297276,Capitello della Madonna,,wayside_shrine,,,,,
46.0744856,11.1092322,Forte napoleonico,,archaeological_site,,,,,
46.0729416,11.1133084,Cannone della Batteria Battisti,,memorial,,,,,
46.0729602,11.1133675,Cannone della Batteria Battisti,,memorial,,,,,
46.0729751,11.1134077,Cannone della Batteria Battisti,,memorial,,,,,
46.1251636,11.1638135,,,boundary_stone,,,,,
46.1231528,11.1632867,,,boundary_stone,,,,,
46.0972951,11.0739599,Calchera,,ruins,,,,,
46.1220891,11.1557517,,,tomb,,,,,
46.1094410,11.2332397,,,wayside_shrine,,,,,
46.1165117,11.1566905,,,boundary_stone,,,,,
46.1162473,11.1603738,,,,,firepit,,,
46.1115653,11.1524736,,,tomb,,,,,
46.1170580,11.1609067,,,,,picnic_table,,,
46.1170766,11.1608833,,,,,firepit,,,
46.1172427,11.1644975,,,,,picnic_table,,,
46.0885481,11.0688007,,,,,pitch,,,
46.0546950,11.0525654,,,,,picnic_table,,,
46.1210319,11.1944827,,,,,picnic_table,,,
46.1211921,11.1945782,,,,,picnic_table,,,
46.1212125,11.1946016,,,,,firepit,,,
46.1214825,11.1948478,,,,,firepit,,,
46.1214815,11.1940942,,,,,firepit,,,
46.1210743,11.1939947,,,,,firepit,,,
46.1170598,11.1894267,,,,,firepit,,,
46.1225016,11.1905776,,,,,picnic_table,,,
46.0272699,11.1651899,,,,,pitch,,,
46.0548881,11.1242321,,,,,pitch,,,
46.0569316,11.1216820,,,,,pitch,,,
46.0744947,11.1204538,Locomotiva 625.011,attraction,locomotive,,,,,
46.1017242,11.0956799,Rimorchiata CP 2 della ferrovia Trento-Malè,attraction,railway_car,,,,,
46.1018144,11.0957315,Elettrotreno della ferrovia Trento-Malè,attraction,locomotive,,,,,
46.0851590,11.1785773,,,,,picnic_table,,,
46.0855865,11.1777444,,,,,bird_hide,,,
46.0846654,11.1783554,,,ruins,,,,,
46.0855011,11.1754566,,,yes,,,,,Fuciliera
46.0855643,11.1745095,Forte di Castel Vedro,,yes,,,,,
46.1070772,11.1031681,,,wayside_shrine,,,christian,,
46.0821416,11.1225888,,,wayside_shrine,,,christian,,
46.1004662,11.1163996,,,,,pitch,,,
46.1005958,11.1167392,,,,,picnic_table,,,
46.1113261,11.0718255,,,,fountain,,,,
46.0904358,11.1149914,,,,,playground,,,
46.0433458,11.1319494,,,,,picnic_table,,,
46.0436071,11.1319337,,,,,picnic_table,,,
46.0523744,11.1340844,,,,,picnic_table,,,
46.0321734,11.1514702,,,,,picnic_table,,,
46.0362161,11.1515608,,,,,picnic_table,,,
46.1277991,11.2411372,,,,,picnic_table,,,
46.1312830,11.0896836,,,,,picnic_table,,,
46.1320070,11.0934292,,,,,picnic_table,,,
46.1328854,11.0978077,,,,,picnic_table,,,
46.0727366,11.1123546,,,,,picnic_table,,,
46.0453039,11.1494265,,,,fountain,,,,
46.0451904,11.1491959,,,,,picnic_table,,,
46.0305754,11.2323392,,,,,picnic_table,,,
46.0306125,11.2324091,,,,,picnic_table,,,
46.0662568,11.1474893,,,,,picnic_table,,,
46.0282091,11.2323363,,,,,playground,,,
46.1043505,11.1233699,,,,,picnic_table,,,
46.1039068,11.1886393,,,,,picnic_table,,,
46.1212167,11.2168710,San Rocco,,wayside_shrine,,,christian,,
46.0851727,11.1573052,,,,,picnic_table,,,
46.0624859,11.1524111,,,,,playground,,,
46.0652187,11.1592795,,,,,picnic_table,,,
46.1302508,11.0662137,,,wayside_cross,,,,,
46.1321143,11.0637367,,,wayside_cross,,,,,
46.0663639,11.1511798,,,,,picnic_table,,,
46.0660291,11.1514924,,,,,picnic_table,,,
46.0608946,11.1136734,,,,,playground,,,
46.0631212,11.1152372,,,,,playground,,,
46.0712191,11.0607453,,,wayside_shrine,,,christian,,
46.0530227,11.1116557,,,,,fitness_station,,,
46.0701100,11.1216777,,,,place_of_worship,,christian,,
46.0322154,11.1514922,,,,,picnic_table,,,
46.1075750,11.1084797,Centro islamico di Gardolo,,,arts_centre,,,,
46.0753799,11.1220284,Nuovo Astra,,,cinema,,,,
46.0603509,11.1392784,,,,,playground,,,
46.1107159,11.1691882,,,,,playground,,,
46.0515919,11.1068136,,,,fountain,,,,
46.0778731,11.0453615,,,,,playground,,,
46.0564092,11.1373606,,,,,fitness_station,,,
46.0554073,11.1261707,,,,,fitness_station,,,
46.0715671,11.1094074,Cancelli entrata Parco Doss Trento,,,,park,,,
46.1047846,11.1152914,Palestra Scherma,,,,pitch,,,
46.1005025,11.1094677,,,,,pitch,,,
46.0990630,11.1096266,,,,public_bookcase,,,,
46.0685139,11.1282732,Giardino piazza Venezia,,,,park,,,
46.0713839,11.1408222,,,,,playground,,,
46.0771070,11.1195657,Piazza General Antonio Cantore,,,,park,,,
46.0675094,11.1214986,Fontana del Nettuno,artwork,,fountain,,,,
46.0486805,11.1237021,Giardino Rita Levi Montalcini,,,,park,,,
46.0672366,11.1234475,Monumento Alessandro Vittoria,,memorial,,,,,
46.0663017,11.1254243,Giardino largo Pigarelli,,,,garden,,,
46.0673432,11.1266090,Fontana dei Cavalli,,,fountain,,,water,
46.1299491,11.2441295,,,,fountain,,,,
46.1314749,11.2394467,Cimitero plurifrazionale di Baselga,,,grave_yard,,christian,,"Copre le frazioni comunali di Baselga, Tressilla, Vigo, Ricaldo e Sternigo, rientranti nella parrocchia S.Maria Assunta di Baselga"
46.0727407,11.1268513,Giardino della Predara,,,,park,,,
46.0574814,11.1254190,Giardino Fratelli Bernardi,,,,park,,,
46.0672493,11.1220108,Palazzo Pretorio,,castle,,,,,
46.0641988,11.1144227,Stadio Briamasco,,,,stadium,,,
46.0659086,11.1396495,,,,,park,,,
46.0651127,11.1398582,,,,,park,,,
46.1218927,11.0909261,Giardino al Pont dei Vodi,,,,park,,,
46.0426615,11.1222373,,,,,pitch,,,
46.0507339,11.1151502,,,,,pitch,,,
46.0442209,11.1208494,Ata Cesare Battisti,,,,sports_centre,,,
46.0437410,11.1217094,,,,,pitch,,,
46.0526686,11.1151974,giardino del Maso Smalz,,,,park,,,
46.0523060,11.1152812,,,,,pitch,,,
46.0520466,11.1153639,Skatepark Trento,,,,pitch,,,
46.0518527,11.1143965,Campo Calcio Talamo,,,,pitch,,,
46.0504525,11.1138823,,,,,pitch,,,
46.0538421,11.1160661,Campo Calcio Orione,,,,pitch,,,
46.0794640,11.1196553,campo C.O.N.I.,,,,stadium,,,
46.0806642,11.1187767,Campo Calcio Cristo Re,,,,pitch,,,
46.0801223,11.1143754,Giardino Massimiliano I d'Asburgo,,,,park,,,
46.0584061,11.1176606,Giardino di Maso Ginocchio,,,,park,,,
46.0780678,11.1419078,,,,,pitch,,,
46.0738946,11.1491166,,,,,pitch,,,
46.0571641,11.1261375,Giardino di Via Palermo,,,,park,,,
46.0444164,11.1372229,,,,,pitch,,,
46.0512479,11.1442030,campo da calcio giovanile,,,,pitch,,,
46.0563624,11.1496636,Campo Sintetico,,,,pitch,,,
46.0863585,11.1325150,,,,,park,,,
46.0634974,11.1291080,,,,,pitch,,,
46.0327622,11.1405456,Bosco della città,,,,park,,,
46.0782937,11.2218637,Lago Pudro,,,,nature_reserve,,water,
46.0764109,11.1075846,Piedicastello,,,,pitch,,,
46.0756519,11.1078215,Centro sportivo Vela,,,,sports_centre,,,
46.0697869,11.1262688,Giardino San Marco,,,,garden,,,
46.0633584,11.1262602,Giardino Aleksandr Isaevič Solženicyn,,,,park,,,
46.0636916,11.1252430,palaBocchi,,,,sports_centre,,,
46.0632086,11.1241853,giardino Martino Martini,,,,garden,,,
46.0433561,11.1317654,Parco Enzo Tortora,,,,park,,,
46.0623263,11.1224666,,,,,pitch,,,
46.0886599,11.1343351,Parco di Martignano,,,,park,,,
46.0862212,11.2164090,,,,,pitch,,,
46.0175767,11.1051685,Parco Romagnano,,,,park,,,
46.1145385,11.2274533,Laghestel,,,,nature_reserve,,wetland,
46.1316273,11.2439069,Chiesa di Santa Maria Assunta,,,place_of_worship,,christian,,
46.1327615,11.2427195,chiesa dell'Assunzione,,,place_of_worship,,christian,,
46.0192886,11.1048126,chiesa di Santa Brigida,,,place_of_worship,,christian,,
46.0180560,11.1059010,,,wayside_shrine,,,,,
46.0514271,11.1435951,,,,,pitch,,,
46.0850384,11.2144378,Chiesa della Decollazione di San Giovanni Battista,,,place_of_worship,,christian,,
46.0375165,11.1101419,,,,,pitch,,,
46.0369712,11.1087138,Campo Calcio Ravina,,,,pitch,,,
46.0878941,11.2058532,,,,,fishing,,,
46.1036419,11.2117856,Chiesa di San Giuseppe,,,place_of_worship,,christian,,
46.1051580,11.1144823,Centro Sportivo Trento Nord,,,,sports_centre,,,
46.0868360,11.2160572,,,,,pitch,,,
46.0563946,11.1507099,Campo Naturale,,,,pitch,,,
46.0579860,11.1393157,Parco di Gocciadoro,,,,park,,,
46.0766304,11.1420504,Centro Civico,,,community_centre,,,,
46.0759353,11.1412610,,,,,garden,,,
46.0858118,11.2145690,,,,,playground,,,
46.0651608,11.2396089,,,,,swimming_pool,,,
46.0717868,11.2351221,Stadio del Ghiaccio,,,,sports_centre,,,
46.0712408,11.2340376,,,,,pitch,,,
46.0633570,11.2386516,,,,,pitch,,,
46.0634052,11.2419539,Chiesa della Natività di Maria,attraction,church,place_of_worship,,christian,,
46.0631145,11.2391797,Parco dei Canopi,,,,park,,,
46.0644469,11.2327633,,,,,pitch,,,
46.0628669,11.2423333,Chiesa di San Carlo,,church,place_of_worship,,christian,,
46.0648054,11.2399981,,,,,swimming_pool,,,
46.0710879,11.2320317,,,,,pitch,,,
46.0668984,11.1215690,Cattedrale di San Vigilio,attraction,church,place_of_worship,,christian,,
46.0975756,11.1168118,Parco di Melta,,,,park,,,
46.0725849,11.1119752,Basilica paleocristiana,,archaeological_site,,,,,
46.0515209,11.1250486,Giardino Maria Teresa d'Asburgo,,,,park,,,
46.0517865,11.1452221,Cimitero,,,grave_yard,,christian,,
46.0516568,11.1443635,Campo coperto,,,,pitch,,,
46.0412750,11.1332441,Chiesa Madonna Bianca,,,place_of_worship,,christian,,
46.0406205,11.1344836,"Piscina ""Ito del Favero"" Madonna Bianca",,,,sports_centre,,,
46.0493972,11.1442451,Chiesa di Santo Stefano,,,place_of_worship,,christian,,
46.0510943,11.1352011,Chiesa di San Bartolomeo,,,place_of_worship,,christian,,
46.0508843,11.1351772,Cimitero San Bartolomeo,,,grave_yard,,christian,,
46.1068244,11.1050236,Cimitero Gardolo,,,grave_yard,,christian,,
46.0371265,11.1460067,Parco di San Rocco,,,,park,,,
46.0366450,11.1459229,,,,,playground,,,
46.0369759,11.1458883,,,,,pitch,,,
46.0641579,11.1281291,PAT RSA Ist Sordomuti,,,community_centre,,,,
46.0429345,11.1369973,Chiesa di San Rocco,,,place_of_worship,,christian,,
46.1083582,11.1109290,Chiesa della Visitazione di Maria Santissima,,,place_of_worship,,christian,,
46.0376471,11.1070851,Chiesa della Traslazione di Santa Marina,,,place_of_worship,,christian,,
46.0344824,11.1539574,Parco dei Bindesi di Villazzano,,,,park,,heath,
46.0658421,11.1303364,Palestra ITI,,,,sports_centre,,,
46.0653214,11.1299935,Andrea Pozzo,,,,sports_centre,,,
46.0176084,11.1465611,,,,,track,,,
46.0171874,11.1463873,Circolo Ippico La Roccia,,,,sports_centre,,,
46.0168617,11.1444921,,,,,garden,,,
46.0686445,11.1196680,Santa Maria Maggiore,attraction,church,place_of_worship,,christian,,
46.0370371,11.1106281,,,,,sports_centre,,,
46.0581538,11.1188575,,,,,garden,,,
46.0424813,11.1475937,,,,,garden,,,
46.0958967,11.0475378,Cimitero di Terlago,,,,,christian,,
46.0339691,11.1455985,Chiesa di Santa Maria Maddalena,,,place_of_worship,,christian,,
46.0881302,11.0447930,Centro Sportivo Trilacum,,,,sports_centre,,,
46.0959416,11.0460866,Parco di Braidon,,,,park,,,
46.1101639,11.0367730,,,,,pitch,,,
46.0781998,11.0453003,chiesa di Santa Maria Assunta,,,place_of_worship,,christian,,
46.0370346,11.2329150,,,,,pitch,,,
46.0689400,11.1283853,Circolo Tennis Trento,,,,pitch,,,
46.0743606,11.1250931,,,,,playground,,,
46.0514930,11.1248309,chiesa di San Carlo Borromeo,,,place_of_worship,,christian,,
46.0496908,11.1296770,Bocciodromo,,,,pitch,,,
46.0641073,11.0979904,,,,,pitch,,,
46.0615303,11.1021295,Chiesa cimiteriale dei Santi Filippo e Giacomo,,,place_of_worship,,christian,,
46.0613996,11.1020704,,,,grave_yard,,christian,,
46.0634539,11.0967417,chiesa dei Santi Filippo e Giacomo,,,place_of_worship,,christian,,
46.0628473,11.1249722,Auditorium Santa Chiara,,,theatre,,,,
46.0928507,11.1191984,Campo Centochiavi,,,,pitch,,,
46.0651439,11.1230317,Torrione Madruzziano,attraction,yes,,,,,
46.0693742,11.1229757,"Teatro ""Sociale""",attraction,yes,theatre,,,,
46.0450536,11.1498257,Chiesa della Madonna di Loreto,,,place_of_worship,,christian,,
46.0418786,11.1382941,Campo Calcio,,,,pitch,,,
46.0481688,11.1460828,Sala Circoscrizione,,,community_centre,,,,
46.0516408,11.1277466,Centro Civico dell'Oltrefersina,,,community_centre,,,,
46.0169713,11.1461563,,,,,track,,,
46.0569682,11.1498879,Campetto Sintetico,,,,pitch,,,
46.0719642,11.2385541,,,,,park,,,
46.0913020,11.2343736,Prato della Comparsa,,,,park,,,
46.0634021,11.0972624,Giardino delle Suore di Maria Bambina,,,,playground,,,
46.0521129,11.1448429,Skatepark Villa,,,,pitch,,,
46.0519902,11.1446882,beach volley,,,,pitch,,,beach volley
46.0749784,11.1144998,,,,,park,,,
46.0382652,11.2416061,,,,,nature_reserve,,,
46.0349802,11.2309814,Biotopo canneti S. Cristoforo,,,,nature_reserve,,,
46.0898457,11.1792396,Castel Telvana,,castle,townhall,,,,
46.0923932,11.1785740,Palestra Comunale,,,,pitch,,,
46.0405899,11.1479497,,,,,garden,,,
46.0411212,11.1476197,,,,,garden,,,
46.0545782,11.1194432,Chiesa di San Pio X,,,place_of_worship,,christian,,
46.0613157,11.1502668,Parco di Graffiano,,,,park,,,
46.0715437,11.1624691,Giardino di Oltrecastello,,,,park,,,
46.0484774,11.1444646,Parco Villa de Mersi,,,,park,,,
46.0973025,11.1179454,Campo calcio Gardolo-Melta,,,,pitch,,,
46.0975050,11.1167116,Campo calcio Gardolo-Melta,,,,pitch,,,
46.0967577,11.1187178,,,,,playground,,,
46.0979055,11.1176336,,,,,pitch,,,
46.0970181,11.1189104,,,,,playground,,,
46.0963655,11.1189743,,,,,dog_park,,,
46.0966892,11.1191793,,,,,playground,,,
46.0900962,11.1193467,giardino Giuseppe Gilli,,,,park,,,
46.0950830,11.1182462,,,,,park,,,
46.0516639,11.1315811,giardino Enrico Pruner,,,,park,,,
46.0497490,11.1301025,Giardino di Via Fermi,,,,park,,,
46.0801370,11.1139800,,,,,pitch,,,
46.0809713,11.1138323,,,,,dog_park,,,
46.0190114,11.0402849,Terrazza delle Stelle,viewpoint,fort,,,,,
46.0451074,11.2104753,,,,,pitch,,,
46.0725953,11.1382462,chiesa di San Donato,,,place_of_worship,,christian,,
46.0711046,11.1382545,,,,,pitch,,,
46.0679411,11.1324533,chiesa del Sacro Cuore di Gesù,,church,place_of_worship,,christian,,
46.0699800,11.1841531,Parco Giochi Cimirlo,,,,playground,,,
46.0395397,11.0570826,chiesetta degli sciatori scomparsi in montagna,,,place_of_worship,,christian,,
46.0633898,11.1247877,,,,,garden,,,
46.0634767,11.1238961,chiesa di Santa Chiara,,,place_of_worship,,christian,,
46.0552831,11.1311250,,,,,swimming_pool,,,
46.0554626,11.1305615,Vasca Olimpionica 50m,,,,swimming_pool,,,
46.0556897,11.1301875,,,,,swimming_pool,,,
46.0559903,11.1305458,"Impianto Sportivo ""G. Manazzon""",,,,sports_centre,,,
46.0556670,11.1306328,Vasca tuffi,,,,swimming_pool,,,
46.0557577,11.1308287,,,,,swimming_pool,,,
46.0555431,11.1311018,Piscina G. Manazzon,,,,swimming_pool,,,
46.0615575,11.1250731,Cinema Teatro Nuovo Roma,,,cinema,,,,
46.0580526,11.1309796,chiesa di Sant'Antonio di Padova,,,place_of_worship,,christian,,
46.0574297,11.1199787,Chiesa di San Giuseppe,,,place_of_worship,,christian,,
46.0570560,11.1204530,,,,,pitch,,,
46.0645241,11.1265336,chiesa del Redentore,,,place_of_worship,,christian,,
46.0648645,11.1275627,chiesa dell'Ausiliatrice,,,place_of_worship,,christian,,
46.0619265,11.1211914,,,,,sports_centre,,,
46.0608919,11.1200882,,,,,pitch,,,
46.0623545,11.1232695,Santissimo,,,place_of_worship,,christian,,
46.0609670,11.1206929,,,,,pitch,,,
46.0609300,11.1203999,,,,,pitch,,,
46.0661178,11.1225517,Palazzo Larcher Fogazzaro,attraction,yes,,,,,
46.0608585,11.1198086,,,,,pitch,,,
46.0616686,11.1212703,cappella dell'Immacolata,,,,,christian,,
46.0675150,11.1219786,Torre Civica,attraction,yes,,,,,
46.0647233,11.1177303,chiesa del Redentore,,,place_of_worship,,christian,,
46.0649516,11.1203119,chiesa di Maria Bambina,,,place_of_worship,,christian,,
46.0711990,11.1190424,Abbazia di San Lorenzo,,,place_of_worship,,christian,,
46.0727624,11.1171399,,,,,sports_hall,,,
46.0712527,11.1148488,chiesa di Sant'Apollinare,,,place_of_worship,,christian,,
46.0836933,11.1750502,Tagliata stradale superiore Civezzano,attraction,fort,,,,,
46.0670385,11.1253593,Palazzo Lodron,attraction,yes,,,,,
46.0665529,11.1249117,Chiesa della Santissima Trinità,,church,place_of_worship,,christian,,
46.0666817,11.1231059,Palazzo Sardagna,,yes,,,,,
46.0710645,11.1268321,,,,,garden,,,
46.0699215,11.1275223,Torre Aquila,attraction,yes,,,,,
46.0710888,11.1273086,,,,,garden,,,
46.0704346,11.1272620,,,,,garden,,,
46.0713511,11.1274609,Fossa dei Martiri,,,,garden,,,
46.0700650,11.1257858,chiesa di San Marco,,church,place_of_worship,,christian,,
46.0667133,11.1255245,Multisala G. Modena,,,cinema,,,,
46.0661278,11.1322727,Roggia Grande,,yes,,,,,
46.0685187,11.1226958,Roggia Grande,,yes,,,,,
46.0677284,11.1217058,Case Rella e Cazuffi,attraction,yes,,,,,
46.0693073,11.1249178,Santi Pietro e Paolo,,,place_of_worship,,christian,,
46.0673582,11.1208091,Palazzo Balduini,attraction,yes,,,,,
46.0691408,11.1209388,Palazzo Geremia,attraction,yes,,,,,
46.0715156,11.1204354,Monumento a Dante Alighieri,,monument,,,,,
46.0612091,11.1196379,,,,,pitch,,,
46.0613028,11.1207759,,,,,pitch,,,
46.0697655,11.1184750,Torre Vanga,attraction,yes,,,,,
46.0762401,11.1246023,San Martino,,,place_of_worship,,christian,,
46.0681791,11.1206568,Torre della Tromba,attraction,yes,,,,,
46.0687344,11.1209953,Palazzo Quetta - Alberti Colico,attraction,yes,,,,,
46.0682608,11.1211381,Municipio Vecchio,attraction,yes,,,,,
46.0662931,11.1239569,Torre del Massarello,attraction,yes,,,,,
46.0662146,11.1235455,Palazzo Roccabruna,,yes,,,,,
46.0708813,11.1210263,Biblioteca dei Ragazzi,,monument,library,,,,
46.0689456,11.1227469,Palazzo Cazuffi,attraction,yes,,,,,
46.0699186,11.1211624,chiesa di San Francesco Saverio,,,place_of_worship,,christian,,
46.0515890,11.1306220,Sacro Cuore,,,place_of_worship,,christian,,
46.0864739,11.1208565,Giardino Mattia Giosafat,,,,park,,,
46.0661183,11.1248050,,,,,pitch,,,
46.0684706,11.1227207,Palazzo Tabarelli,attraction,yes,,,,,
46.0626100,11.1218159,,,,,playground,,,
46.0650110,11.1200658,,,,,pitch,,,
46.0776689,11.1179362,Cristo Re,,,place_of_worship,,christian,,
46.0811051,11.1174736,Chiesa Cristiana Evangelica ADI,,,place_of_worship,,christian,,
46.0639544,11.1219333,,,,,pitch,,,
46.0555275,11.1273881,,,,,pitch,,,
46.0573000,11.1261299,,,,,pitch,,,
46.0570903,11.1260836,,,,,pitch,,,
46.0650816,11.1541083,chiesa dei Santi Pietro e Andrea,,,place_of_worship,,christian,,
46.0644368,11.1535196,,,,,pitch,,,
46.0647572,11.1514165,,,,,pitch,,,
46.0934688,11.1203396,Giardino GIuseppe Dalla Fior,,,,park,,,
46.0618283,11.1197551,,,,,pitch,,,
46.0725558,11.1623881,chiesa del Cuore Immacolato di Maria,,,place_of_worship,,christian,,
46.0720091,11.1754290,chiesa di Sant'Antonio da Padova,,,place_of_worship,,christian,,
46.0682094,11.1871678,Chiesetta di San Bernardo,,,place_of_worship,,christian,,
46.0708426,11.1851502,Batteria Roncogno,attraction,fort,,,,,
46.0414536,11.1388580,,,,,pitch,,,
46.0396667,11.1386731,,,,,pitch,,,
46.0678456,11.1220127,Casa Niccolini,,building,,,,,
46.0666039,11.1216596,Area piazza d'Arogno,,,,park,,,
46.0686647,11.1233056,Mirana-Galasso,attraction,yes,,,,,
46.0631370,11.1260398,,,,,pitch,,,
46.0529870,11.1301111,,,,,pitch,,,
46.0526876,11.1301459,,,,,pitch,,,
46.0700016,11.1230623,Palazzo Trentini,attraction,yes,,,,,
46.0700080,11.1232688,Palazzo Saracini Cresseri,attraction,yes,,,,,
46.0669405,11.1224683,Palazzo Calepini,attraction,yes,,,,,
46.0694606,11.1213733,Torre Mirana,attraction,yes,,,,,
46.0737046,11.1489170,centro sportivo Argentario,,,,sports_centre,,,
46.0762078,11.1416132,"chiesa dei Santi Vito, Modesto e Crescenzia",,,place_of_worship,,christian,,
46.0733968,11.1480367,centro sportivo argentario,,,,pitch,,,
46.0860724,11.1214424,"Chiesa dei Santi Sisinio, Martirio e Alessandro",,,place_of_worship,,christian,,
46.0720255,11.1261000,Torrione Nord,,yes,,,,,
46.0900855,11.1189057,,,,,pitch,,,
46.1085152,11.2396066,Chiesa dell'Ausiliatrice,,,place_of_worship,,christian,,
46.0988931,11.1100361,chiesa di San Pio X,,,place_of_worship,,christian,,
46.0992043,11.1098928,Bocciodromo,,,,sports_centre,,,
46.0699793,11.1220924,Palazzo Fugger Galasso,attraction,yes,,,,,
46.1270471,11.2410101,chiesa di San Giuseppe,,,place_of_worship,,christian,,
46.1286295,11.2433690,Palestra,,,,sports_centre,,,
46.0851756,11.1569618,,,,,playground,,,
46.0820202,11.1539847,,,,,playground,,,
46.1098658,11.0382241,chiesa dei Santi Angeli Custodi,,,place_of_worship,,christian,,
46.0975762,11.0453373,Sant'Andrea Apostolo,,,place_of_worship,,christian,,
46.0898140,11.0482707,Chiesa di San Pantaleone,,,place_of_worship,,christian,,
46.0998562,11.0444894,Castel Terlago,,castle,,,,,
46.0820224,11.0457367,chiesa di San Leonardo,,,place_of_worship,,christian,,
46.0698526,11.0554261,Centro Polifunzionale,,,,sports_centre,,,
46.0656747,11.0989721,cappella di San Rocco,,,place_of_worship,,christian,,
46.0702158,11.1247663,Palazzo Del Monte,attraction,yes,,,,,
46.0589676,11.1243447,,,,,sports_centre,,,
46.0678615,11.1216748,chiesa della Santissima Annunziata,,,place_of_worship,,christian,,
46.0683880,11.1185366,chiesa di Santa Margherita,,church,place_of_worship,,christian,,
46.0647483,11.0807621,,,,,pitch,,,
46.0645855,11.0804417,,,,,pitch,,,
46.0536570,11.0719282,,,,,pitch,,,
46.0497916,11.0734001,Chiesa della Madonna della Neve,,,place_of_worship,,christian,,
46.0612767,11.0815417,Chiesa di Santa Chiara d'Assisi,,,place_of_worship,,christian,,
46.0700267,11.1237124,Palazzo Salvadori,attraction,yes,,,,,
46.0878269,11.0438912,,,,,pitch,,,
46.1292198,11.1201906,,,,,pitch,,,
46.1045156,11.1109237,,,,,pitch,,,
46.0995925,11.1097612,,,,,pitch,,,
46.0507429,11.1295577,,,,,pitch,,,
46.1119136,11.1041165,,,,,pitch,,,
46.0332835,11.1154046,,,,,pitch,,,
46.1049724,11.1148838,,,,,swimming_pool,,,
46.1050343,11.1139122,,,,,swimming_pool,,,
46.1053418,11.1149733,Calcio a 5,,,,pitch,,,
46.0732493,11.1144844,,,,,pitch,,,
46.1049929,11.1146977,,,,,swimming_pool,,,
46.0201532,11.1270729,,,,,park,,,
46.0700565,11.0527602,,,,,pitch,,,
46.0704456,11.0535206,,,,,pitch,,,
46.0725437,11.0605866,Chiesa del Sacro Cuore di Gesù,,,place_of_worship,,christian,,
46.1102212,11.1103674,,,,,playground,,,
46.1206273,11.2128549,,,,,pitch,,,
46.0951568,11.1992372,,,,,pitch,,,
46.0910819,11.1819890,,,,,pitch,,,
46.0921478,11.1790738,Palestra A.S.D. Civezzano Volley,,,,sports_centre,,,
46.0922882,11.1797461,,,,,pitch,,,
46.0917463,11.1828165,,,,grave_yard,,christian,,
46.1203086,11.2135345,,,,,pitch,,,
46.0783798,11.1419057,,,,,pitch,,,
46.1298573,11.2044053,,,,,pitch,,,
46.0644820,11.2426921,,,,,pitch,,,
46.0656297,11.2309756,,,,,track,,,
46.0659871,11.2294133,,,,,pitch,,,
46.0656132,11.2306994,,,,,track,,,
46.0685699,11.2443152,,,,,track,,,
46.0659160,11.2310458,,,,,pitch,,,
46.0715850,11.2332989,,,,,pitch,,,
46.0367386,11.2345037,,,,,pitch,,,
46.0380238,11.2367615,,,,,swimming_pool,,,
46.0509846,11.2241270,Cimitero di Susà,,,,,christian,,
46.0179952,11.2269391,Chiesa di Santa Caterina,,,place_of_worship,,christian,,
46.0182338,11.2267079,Cimitero di Santa Caterina,,,,,christian,,
46.0342472,11.2210154,chiesa di San Vito,,,place_of_worship,,christian,,
46.0987718,11.2364977,Santuario della Comparsa,,,place_of_worship,,christian,,
46.0784249,11.1035446,Cimitero di Vela,,,,,christian,,
46.0872285,11.1201678,,,,,dog_park,,,
46.0423143,11.2289720,chiesa della Natività di Maria,,,place_of_worship,,christian,,
46.0509663,11.2237800,chiesa di San Floriano,,,place_of_worship,,christian,,
46.0818005,11.1021738,chiesa dei Santi Cosma e Damiano,,,place_of_worship,,christian,,
46.0445153,11.1200859,,,,,pitch,,,
46.0442232,11.1217943,,,,,pitch,,,
46.0441438,11.1215801,,,,,pitch,,,
46.0440656,11.1213696,,,,,pitch,,,
46.0443158,11.1207349,,,,,pitch,,,
46.0445620,11.1203622,,,,,pitch,,,
46.0444586,11.1213355,,,,,pitch,,,
46.0442213,11.1204776,,,,,pitch,,,
46.0445364,11.1215433,,,,,pitch,,,
46.0443782,11.1211244,,,,,pitch,,,
46.0253812,11.2305219,,,,,pitch,,,
46.0370572,11.1302043,chiesa di San Gaetano da Thiene,,,place_of_worship,,christian,,
46.1086748,11.1098500,,,,,pitch,,,
46.0706820,11.2049454,,,,,pitch,,,
46.0401723,11.1371214,giardino Enrico Conci,,,,park,,,
46.1011473,11.1929121,,,,parking,park,,,
46.0763879,11.1294190,,,,,swimming_pool,,,
46.0786152,11.1302913,,,,,swimming_pool,,,
46.0774170,11.1280715,,,,,swimming_pool,,,
46.0761144,11.1298723,,,,,swimming_pool,,,
46.0759033,11.1327264,,,,,swimming_pool,,,
46.0725848,11.1314802,,,,,pitch,,,
46.1029464,11.1162358,,,,,park,,,
46.0731812,11.1131647,Mausoleo di Cesare Battisti,,monument,,,,,
46.0480503,11.1378745,,,,,garden,,,
46.0517858,11.1439826,bocciodromo,,,,pitch,,,
46.0482354,11.1454109,,,,,playground,,,
46.0481843,11.1449407,,,,,garden,,,
46.0480362,11.1450381,,,,,garden,,,
46.0481762,11.1450615,,,,,garden,,,
46.0480423,11.1449399,,,,,garden,,,
46.0483312,11.1449501,,,,,garden,,,
46.0483233,11.1450872,,,,,garden,,,
46.0903771,11.1074600,chiesa della Madonna della Pace,,,place_of_worship,,christian,,
46.0376176,11.1054215,,,,,garden,,,
46.0642049,11.1144351,,,,,pitch,,,
46.1328597,11.1355114,,,,,pitch,,,
46.1310682,11.1348024,,,,,pitch,,,
46.1253445,11.1175441,,,,,playground,,,
46.1254472,11.1177257,Giardino della Madonnina,,,,park,,,
46.0645478,11.1528084,,,,,playground,,,
46.0654718,11.0414344,chiesa di sant'Anna,,,place_of_worship,,christian,,
46.0343785,11.2208961,cimitero di San Vito,,,,,christian,,
46.0232896,11.2285347,chiesa di Sant'Antonio di Padova,,,place_of_worship,,christian,,
46.0360079,11.2260538,,,,place_of_worship,,christian,,
46.0436545,11.2260222,chiesa di San Giovanni Battista,,,place_of_worship,,christian,,
46.0408330,11.2283061,,,,,swimming_pool,,,
46.0387257,11.2390213,chiesa di San Cristoforo,,,place_of_worship,,christian,,
46.0806545,11.0723598,Forte Doss di Sponde - Batterie Doss di Sponde,,fort,,,,,
46.0858192,11.0605757,,,wayside_shrine,,,christian,,
46.0728719,11.1347920,,,,,pitch,,,
46.0737731,11.1284027,,,,,park,,,
46.0681324,11.1259007,,,,,pitch,,,
46.0679559,11.1262131,,,,,pitch,,,
46.0408709,11.0577138,,,,,pitch,,,
46.0505397,11.0728189,,,,,pitch,,,
46.0504549,11.0731007,,,,,pitch,,,
46.0738095,11.1142801,,,,,pitch,,,
46.0642272,11.0789159,,,,,pitch,,,
46.0718270,11.1121291,Tabernacolo del Crocifisso,,wayside_shrine,,,christian,,
46.0520670,11.1204519,,,,,pitch,,,
46.0733460,11.1034050,cappella di San Giorgio,,,place_of_worship,,christian,,
46.0588232,11.1236966,,,,,pitch,,,
46.0578647,11.1172309,,,,,pitch,,,
46.0588780,11.1240997,,,,,pitch,,,
46.0587794,11.1240023,,,,,track,,,
46.0514434,11.1433822,,,,,playground,,,
46.0908547,11.1820586,,,,,playground,,,
46.0708565,11.1422220,,,,,dog_park,,,
46.0428208,11.1328875,,,,,pitch,,,
46.0517971,11.1340239,,,,,pitch,,,
46.0427528,11.1209155,,,,,pitch,,,
46.0710331,11.1414598,,,,,garden,,,
46.0851332,11.1302948,,,,,pitch,,,
46.0886118,11.1308892,chiesa dell'Ausiliatrice,,,place_of_worship,,christian,,
46.0889995,11.1297808,chiesa di Sant'Isidoro,,,place_of_worship,,christian,,
46.1021933,11.1002250,,,,,pitch,,,
46.1020925,11.1000325,,,,,park,,,
46.0740731,11.1430687,,,,,track,,,
46.0748178,11.1426673,,,,,pitch,,,
46.0744962,11.1426951,,,,,pitch,,,
46.0871386,11.1353112,,,,,pitch,,,
46.0868306,11.1354306,,,,,pitch,,,
46.0872421,11.1548985,,,,,swimming_pool,,,
46.0902197,11.1307338,,,,,swimming_pool,,,
46.0862212,11.1349061,,,,,pitch,,,
46.0865964,11.1351311,,,,,pitch,,,
46.0723680,11.1249372,Torre Verde,attraction,yes,,,,,
46.0701225,11.1118198,Teatro Portland,,,theatre,,,,
46.0162498,11.1552482,Forte Brusafer,attraction,fort,,,,,
46.0691876,11.1242171,Casa-torre Negri,attraction,yes,,,,,
46.0630038,11.1439274,,,,,swimming_pool,,,
46.0384120,11.1077752,"Sala Polivalente ""Claudio Demattè""",,,community_centre,,,,
46.0703027,11.0590501,Parco Fra Dolcino e Margherita,,,,playground,,,
46.0688799,11.1173803,,,,,pitch,,,
46.0797549,11.1335293,chiesa della Madonna del Divino Amore,,,place_of_worship,,christian,,
46.0813043,11.1296205,,,,,swimming_pool,,,
46.0788182,11.1353405,,,,,swimming_pool,,,
46.0801224,11.1307862,,,,,swimming_pool,,,
46.0795805,11.1306022,,,,,swimming_pool,,,
46.0825976,11.1274997,,,,,swimming_pool,,,
46.0831593,11.1293306,,,,,swimming_pool,,,
46.0826720,11.1175427,,,,,track,,,
46.1019184,11.0995903,Chiesa di Sant'Anna,,,place_of_worship,,christian,,
46.0345633,11.1086802,,,,,swimming_pool,,,
46.0345875,11.1081226,,,,,pitch,,,
46.0569749,11.1368547,,,,,pitch,,,
46.0838502,11.2214255,Chiesa della Visitazione di Maria,,,place_of_worship,,christian,,
46.0706870,11.1249943,chiesa della Beata Vergine del Suffragio,,,place_of_worship,,christian,,
46.0547963,11.1375174,,,,,dog_park,,,
46.0621761,11.1205922,chiesa dell'Immacolata,,,place_of_worship,,christian,,
46.0639867,11.1289987,chiesa dello Sposalizio di Maria Vergine,,,place_of_worship,,christian,,
46.0651360,11.1256385,Parco dei Mestieri,,,,park,,,
46.0661614,11.1228831,Casa Sardagna,,building,,,,,
46.0413064,11.1368461,Parco Garbari,,,,park,,,
46.0690896,11.1249302,chiesa di Sant'Anna,,,place_of_worship,,christian,,
46.1004203,11.1094970,Parco di Canova,,,,park,,,
46.1003212,11.1100633,,,,,pitch,,,
46.0888138,11.1263484,,,,,swimming_pool,,,
46.0863208,11.1281240,,,,,swimming_pool,,,
46.0255155,11.1060204,Forte Romagnano,,fort,,,,,
46.1309244,11.2157168,chiesa di Santo Stefano,,,place_of_worship,,christian,,
46.1149909,11.2051442,chiesa di Sant'Antonio di Padova,,,place_of_worship,,christian,,
46.1196092,11.2107603,chiesa di San Rocco,,,place_of_worship,,christian,,
46.1175683,11.2061300,chiesa di San Martino,,,place_of_worship,,christian,,
46.1173625,11.2063415,Castello Roccabruna,,castle,,,,,
46.0452306,11.1492616,,,,,park,,,
46.0451536,11.1491489,,,,,playground,,,
46.0786340,11.1368080,,,,,playground,,,
46.1204358,11.2087690,,,wayside_shrine,,,,,
46.1157422,11.2063911,,,wayside_shrine,,,,,
46.0410515,11.0582372,Proprietà ASUC Sopramonte,,,,pitch,,,
46.0412100,11.0585028,Proprietà ASUC Sopramonte,,,,pitch,,,
46.0775299,11.1360978,,,,,pitch,,,
46.0738241,11.1414573,,,,,swimming_pool,,,
46.0713844,11.1373914,,,,,swimming_pool,,,
46.0673607,11.1380089,,,,,swimming_pool,,,
46.0739728,11.1275793,,,,,park,,,
46.0877500,11.1348802,,,,,pitch,,,
46.0860810,11.1612904,Chiesa dell'Addolorata,,,place_of_worship,,christian,,
46.0841200,11.1518044,,,,,swimming_pool,,,
46.1195778,11.1198431,,,,,swimming_pool,,,
46.1230408,11.1137891,,,,,swimming_pool,,,
46.1208324,11.1190569,,,,,swimming_pool,,,
46.1210198,11.1206867,,,,,swimming_pool,,,
46.1331216,11.1279965,,,,,swimming_pool,,,
46.1225070,11.1171967,Chiesa di Santa Maria Assunta,,,place_of_worship,,christian,,
46.1148647,11.1086589,,,,,swimming_pool,,,
46.1081737,11.1421971,chiesa di San Leonardo,,,place_of_worship,,christian,,
46.1152656,11.1280752,chiesa dei Santi Leonardo e Antonio,,,place_of_worship,,christian,,
46.1080704,11.1404853,Castello di Montevaccino,,castle,,,,,
46.1158843,11.1170590,chiesa di Santa Maria Regina,,,place_of_worship,,christian,,
46.1080741,11.1441599,Centro Sociale di Montevaccino,,,community_centre,,,,
46.1226680,11.1193279,,,,,swimming_pool,,,
46.1306453,11.1276494,Chiesa della Madonna di Caravaggio,,,place_of_worship,,christian,,
46.1311164,11.1250549,Chiesa di San Martino,,,place_of_worship,,christian,,
46.0877092,11.0662143,,,,,pitch,,,
46.0853631,11.0643884,,,,,swimming_pool,,,
46.0860672,11.0644832,,,,place_of_worship,,christian,,
46.0416466,11.0378520,,,,,pitch,,,
46.0465600,11.2111052,,,,,swimming_pool,,,
46.0630873,11.2101043,,,,place_of_worship,,christian,,
46.0692360,11.2076211,Chiesa di Sant'Anna,,,place_of_worship,,christian,,
46.0677788,11.2423278,,,,,swimming_pool,,,
46.0667362,11.1612134,,,,place_of_worship,,christian,,
46.0497529,11.1506138,,,,,swimming_pool,,,
46.0679133,11.1601601,,,,,swimming_pool,,,
46.0678155,11.1562547,,,,,pitch,,,
46.0488809,11.1519547,,,,,swimming_pool,,,
46.0490355,11.1497083,,,,,swimming_pool,,,
46.0591070,11.1415052,,,,,swimming_pool,,,
46.0583620,11.1398629,,,,,swimming_pool,,,
46.0621580,11.1492525,,,,,swimming_pool,,,
46.0503393,11.1508645,,,,,pitch,,,
46.0614169,11.1549714,,,,,swimming_pool,,,
46.0582555,11.1394696,,,,,swimming_pool,,,
46.0610881,11.2444276,"Pal. IST. SUP. ""M. Curie""",,,,sports_centre,,,
46.0554723,11.1305795,"Centro Sportivo ""G. Manazzon""",,,,sports_centre,,,
46.0632987,11.1357184,,,,,pitch,,,
46.0462166,11.1330228,Sanbàpolis,,,,sports_centre,,,
46.0478447,11.1329327,Sanba Basketball outdoor court,,,,pitch,,,
46.0511500,11.1455191,,,,,pitch,,,
46.0476543,11.1327346,,,,,pitch,,,
46.0477752,11.1325784,,,,,pitch,,,
46.0437598,11.1421169,,,,,swimming_pool,,,
46.0379635,11.1465723,,,,,swimming_pool,,,
46.0431222,11.1426387,,,,,swimming_pool,,,
46.0533307,11.1410170,,,,,swimming_pool,,,
46.0515625,11.1380961,,,,,swimming_pool,,,
46.0416507,11.1477329,,,,,swimming_pool,,,
46.0596654,11.1386642,,,,,pitch,,,
46.0537548,11.1380373,,,,,swimming_pool,,,
46.0598072,11.1390342,,,,,pitch,,,
46.0322154,11.1028806,,,,,swimming_pool,,,
46.0721686,11.0956217,,,,,swimming_pool,,,
46.0827276,11.1040644,,,,,swimming_pool,,,
46.0834816,11.1002271,,,,,swimming_pool,,,
46.0750692,11.0988303,,,,,swimming_pool,,,
46.0817608,11.1032125,,,,,swimming_pool,,,
46.0816424,11.1018894,,,,,pitch,,,
46.1255948,11.0992326,,,,,pitch,,,
46.1254437,11.0929622,,,,,pitch,,,
46.1258879,11.0985672,,,,,playground,,,
46.0390793,11.0585498,,,,,pitch,,,
46.0390520,11.0589254,,,,,pitch,,,
46.0218229,11.1416217,Recinto per orsi al Casteller,,,,nature_reserve,,,
46.0686666,11.1174842,,,,,pitch,,,
46.0883971,11.1338417,,,,,pitch,,,
46.0758205,11.1419941,,,,,pitch,,,
46.0758390,11.1418396,,,,,pitch,,,
46.0761856,11.1501756,,,,,swimming_pool,,,
46.1208881,11.1206580,,,,,pitch,,,
46.0533044,11.1145023,,,,,pitch,,,
46.0531338,11.1136694,,,,,pitch,,,
46.1085376,11.1412933,,,,,pitch,,,
46.1286834,11.1197544,,,,,pitch,,,
46.1055084,11.1153292,,,,,pitch,,,
46.0214252,11.1087414,,,,,swimming_pool,,,
46.0705476,11.0592579,,,,,pitch,,,
46.0715945,11.2332726,,,,,stadium,,,
46.0873435,11.0441847,,,,,pitch,,,
46.0887033,11.0457096,,,,,pitch,,,
46.0878283,11.0459946,,,,,playground,,,
46.0774392,11.1251968,,,,,swimming_pool,,,
46.0915646,11.1284281,,,,place_of_worship,,christian,,
46.0642156,11.2360158,,,,,pitch,,,
46.0665118,11.2298089,Centro Giovani #Kairos,,,community_centre,,,,
46.0835667,11.0723391,Forte Bus de Vela - Straßensperre Bus de Vela,attraction,fort,,,,,
46.0424061,11.1378559,Chiesa della Visitazione di Maria,,,place_of_worship,,christian,,
46.0416533,11.1386752,,,,,track,,,
46.0413854,11.1385604,,,,,track,,,
46.0139054,11.0351813,Castelletto Madruzziano,,ruins,,,,,
46.0285805,11.1331481,,,,,swimming_pool,,,
46.0321512,11.1342637,,,,,swimming_pool,,,
46.0282902,11.1363346,,,,,swimming_pool,,,
46.0319058,11.1344670,,,,,swimming_pool,,,
46.0747662,11.1147997,,,,,pitch,,,
46.0512912,11.1263472,,,,,pitch,,,
46.0849647,11.1787915,Belvedere alla Madonnina,,,,park,,,
46.0613605,11.2441302,,,,,pitch,,,
46.0687425,11.1673661,,,,,swimming_pool,,,
46.0669396,11.1621637,,,,,swimming_pool,,,
46.0646170,11.2401154,,,,,swimming_pool,,,
46.0910931,11.0741381,,,,,swimming_pool,,,
46.0904768,11.1826873,Chiesa di Santa Maria Assunta,,,place_of_worship,,christian,,
46.0951382,11.1777842,chiesa dei Santi Rocco e Volfango,,,place_of_worship,,christian,,
46.0976545,11.1832731,chiesa di San Valentino,,,place_of_worship,,christian,,
46.1015362,11.1850392,Chiesa di San Giovanni Battista,,,place_of_worship,,christian,,
46.1065305,11.1840164,chiesa di Sant'Agnese,,,place_of_worship,,christian,,
46.1116343,11.1712704,Chiesa di Sant'Apollonia,,,place_of_worship,,christian,,
46.0949769,11.1998843,Castello di Seregnano,,castle,,,,,
46.0947024,11.2006277,Chiesa di San Sabino,,,place_of_worship,,christian,,
46.0910325,11.1979719,Chiesa di Santa Lucia,,,place_of_worship,,christian,,
46.1249597,11.1323923,Castello di Cortesano,,castle,,,,,
46.1239518,11.1341656,Chiesa di Sant'Antonio da Padova,,,place_of_worship,,christian,,
46.1324443,11.1338120,Chiesa dell'Immacolata,,,place_of_worship,,christian,,
46.1312143,11.1344248,Giardino Sandrin,,,,playground,,,
46.0983287,11.0539891,Campo da bocce,,,,pitch,,,
46.1339505,11.1354102,,,,,pitch,,,
46.1296465,11.2348105,chiesa di Santa Lucia,,,place_of_worship,,christian,,
46.0344113,11.1337523,,,,,swimming_pool,,,
46.1194993,11.1437897,chiesa di Sant'Anna,,,place_of_worship,,christian,,
46.1288451,11.1388355,,,,,swimming_pool,,,
46.0629615,11.1200987,,,,,track,,,
46.0630224,11.1207164,,,,,track,,,
46.0630112,11.1206649,,,,,track,,,
46.0485278,11.1237179,,,,,pitch,,,
46.0659628,11.1500091,,,,,swimming_pool,,,
46.0723287,11.2395509,,,,,dog_park,,,
46.0630587,11.2397645,,,yes,,,,,
46.0625372,11.2416802,,,,,pitch,,,
46.0646159,11.2318673,,,,,swimming_pool,,,
46.0601770,11.2366559,,,,,swimming_pool,,,
46.0578784,11.2141303,chiesa di San Martino,,,place_of_worship,,christian,,
46.0406184,11.1309604,Area cani di Madonna Bianca,,,,dog_park,,,
46.0398362,11.1288994,,,,,pitch,,,
46.0755544,11.1236854,,,,,dog_park,,,
46.0612265,11.1198876,,,,,pitch,,,
46.0611538,11.1194017,,,,,pitch,,,
46.0717364,11.1269117,Torre d’Augusto,attraction,yes,,,,,
46.0546863,11.1236699,,,,,dog_park,,,
46.1284466,11.1345746,Chiesa dei Santi Pietro e Paolo,,,place_of_worship,,christian,,
46.0562759,11.1533375,chiesa di San Francesco d'Assisi,,,place_of_worship,,christian,,
46.0478667,11.1288094,Parco Corti Fiorite,,,,park,,,
46.0500149,11.1309931,,,monument,,,,,
46.1346336,11.0906583,Foci dell' Avisio,,,,nature_reserve,,,
46.0990431,11.1096433,,,,,park,,,
46.0694228,11.1282741,,,,,dog_park,,,
46.0420699,11.2286612,Campo di calcio della parrocchia di Canale,,,,pitch,,,
46.0371830,11.2354255,,,,,swimming_pool,,,
46.0927805,11.0553866,,,,,pitch,,,
46.0934201,11.0568084,,,,,pitch,,,
46.1152907,11.1156334,,,,,pitch,,,
46.1152814,11.1154503,Giardino Gardolo di Mezzo,,,,park,,,
46.1358156,11.1143944,Giardino San Lazzaro,,,,park,,,
46.1022938,11.1845475,,,,,playground,,,
46.0972563,11.1689869,Chiesa di Sant'Andrea,,,place_of_worship,,christian,,
46.1310456,11.2408139,,,,,sports_centre,,,
46.0948938,11.0438602,,,,,pitch,,,
46.0979870,11.0469454,,,,,swimming_pool,,,
46.0982403,11.0467498,,,,,swimming_pool,,,
46.0954985,11.0475860,,,,,pitch,,,
46.0991920,11.0431622,chiesa di San Filippo Neri,,,place_of_worship,,christian,,
46.1099617,11.0373823,,,,,pitch,,,
46.0528108,11.1259469,campo da basket Luigi Einaudi,,,,pitch,,,
46.0874859,11.0659834,,,,,park,,,
46.0737163,11.1142101,giardino Via Dòs Trento,,,,playground,,,
46.1083514,11.1426563,,,,,garden,,,
46.0856065,11.1213138,,,,,pitch,,,
46.0763485,11.2285403,Chiesa di San Pietro di Alcántara,,,place_of_worship,,christian,,
46.0473397,11.1334988,,,,,park,,,
46.0611226,11.1231040,,,,,pitch,,,
46.1143452,11.2170666,Discarica Miniera Quadrate,,mine,,,,,
46.1145613,11.2172636,Discarica Miniera QUadrate,,mine,,,,,
46.0903787,11.1820103,,,,,pitch,,,
46.0372903,11.1077590,,,,,pitch,,,
46.0700029,11.1859206,,,,,pitch,,,
46.0697883,11.1776145,,,,,swimming_pool,,,
46.0700006,11.1855090,,,,,pitch,,,
46.0700087,11.1849492,,,,,pitch,,,
46.0714820,11.1746915,,,,,swimming_pool,,,
46.0730043,11.2387009,Capitello Brazzaniga,,wayside_shrine,,,christian,,
46.0749124,11.2435912,Montesei di Serso,,archaeological_site,,,,,
46.0756361,11.2414602,,,ruins,,,,,
46.1006323,11.1490003,,,yes,,,,,
46.1009100,11.1486378,Forte Casara,,fort,,,,,
46.0847755,11.1792985,,,,place_of_worship,,christian,,
46.0847849,11.2373408,Chiesa di Santa Caterina,,,place_of_worship,,christian,,
46.0724625,11.1348647,,,,,pitch,,,
46.0685281,11.1316110,,,,,swimming_pool,,,
46.0455934,11.1508424,,,,,swimming_pool,,,
46.1013009,11.2340075,Chiesa dell'Immacolata,,,place_of_worship,,christian,,
46.1015906,11.2372949,,,,place_of_worship,,christian,,
46.1060940,11.2358381,chiesa di Santa Maria Assunta,,,place_of_worship,,christian,,
46.1121490,11.2341141,,,,,swimming_pool,,,
46.1122309,11.2338944,,,,,pitch,,,
46.0916005,11.2337410,Monumento al Redentore,,,place_of_worship,,christian,,
46.0182150,11.2267014,Santa Caterina ai suoi caduti (I guerra mondiale),,memorial,,,,,
46.0820021,11.1533860,chiesa dei Santi Fabiano e Sebastiano,,,place_of_worship,,christian,,
46.0227580,11.2268246,,,wayside_shrine,,,christian,,
46.1137397,11.1205339,,,archaeological_site,,,,,Scavo archeologico
46.0250956,11.2300685,,,,,playground,,,
46.0710545,11.1625034,,,,,pitch,,,
46.0713992,11.1623668,,,,,pitch,,,
46.0721616,11.1624551,,,,,pitch,,,
46.0175182,11.2271677,,,,,playground,,,
46.1197861,11.1799198,Discarica canope,,mine,,,,,
46.1007111,11.1090164,,,,,pitch,,,
46.0255172,11.2307623,,,,,playground,,,
46.1167064,11.1111186,,,,,horse_riding,,,
46.0812828,11.1403607,,,,,swimming_pool,,,
46.0847067,11.1305797,Forte Martignano,,fort,,,,,
46.0450334,11.1049853,Chiesa di Sant'Antonio di Padova,,,place_of_worship,,christian,,
46.0923113,11.0712711,,,,,swimming_pool,,,
46.0680465,11.1464503,,,,,swimming_pool,,,
46.0741446,11.1533131,,,,,swimming_pool,,,
46.0740716,11.1534056,,,,,swimming_pool,,,
46.0736354,11.1600387,chiesa di San Carlo Borromeo,,,place_of_worship,,christian,,
46.0735300,11.1621058,chiesa di San Pantaleone,,,place_of_worship,,christian,,
46.0351553,11.1329672,,,,,swimming_pool,,,
46.0171506,11.1333868,,,,,swimming_pool,,,
46.0722145,11.1347828,,,,,pitch,,,
46.0714090,11.1336150,Belvedere Villa S.Iganzio,,,,park,,,
46.0436304,11.1212933,,,,,pitch,,,
46.0197235,11.1056242,,,,,pitch,,,
46.1333463,11.1282028,,,,,swimming_pool,,,
46.0526178,11.1979776,,,,place_of_worship,,christian,,
46.1245571,11.2215532,chiesa di San Mauro,,,place_of_worship,,christian,,
46.0575936,11.1310378,,,,,pitch,,,
46.0573373,11.1311693,,,,,pitch,,,
46.0612404,11.1079640,San Nicolò,,,place_of_worship,,christian,,
46.0618944,11.1088088,,,,,pitch,,,
46.0617322,11.1086563,,,,,pitch,,,
46.0562496,11.2389129,,,,,park,,,
46.1118045,11.0468462,,,,,swimming_pool,,,
46.1112579,11.0484840,,,,,swimming_pool,,,
46.1061405,11.0422442,,,,,swimming_pool,,,
46.0878368,11.2257266,Chiesa della Madonna della Neve,,,place_of_worship,,christian,,
46.1065319,11.1845173,Campo S. Agnese,,,,pitch,,,
46.0420161,11.2271437,,,,,park,,,
46.0439529,11.2263230,,,,,park,,,
46.0702118,11.2273612,Break Point Golf Club ASD,,,,golf_course,,,
46.0561917,11.2362712,,,,,park,,,
46.0561955,11.1191967,Giardino di via Muredei,,,,park,,,
46.0569617,11.1220134,Giardino Duca d'Aosta,,,,park,,,
46.0641515,11.1397721,,,,,park,,,
46.0931495,11.1786609,,,,,playground,,,
46.1202878,11.2125787,,,,,playground,,,
46.0669973,11.1539977,,,,,pitch,,,
46.0653509,11.1547370,,,,,park,,,
46.0983648,11.2372746,Crós o Toresèla,,monument,,,,,
46.0983702,11.2372559,,,,,park,,,
46.1080053,11.1111175,Oratorio di Gardolo,,,community_centre,,,,
46.1073617,11.1122924,Giardino Gardolo ex Segheria,,,,park,,,
46.0984340,11.2219454,Quarta Comparsa,,wayside_shrine,,,christian,,
46.0648350,11.1297612,Antonio Rosmini,,,parking,sports_centre,,,
46.0671557,11.1195698,,,,,pitch,,,
46.0696950,11.2242476,Parco giochi Maso Grillo,,,,park,,,
46.0579808,11.1453750,Castello di Pietrapiana,,castle,,,,,
46.0515734,11.1441849,"Centro Sportivo ""Don Onorio Spada""",,,,sports_centre,,,
46.0515328,11.1437064,,,,,pitch,,,
46.0606720,11.1136689,Parco Fratelli Michelin,,,,park,,,
46.1065069,11.1845107,,,,,park,,,
46.1141655,11.1821276,,,,,pitch,,,
46.0950213,11.1185737,,,,,fitness_station,,,
46.0949525,11.1182049,,,,,pitch,,,
46.1206238,11.0915680,,,,,pitch,,,
46.1207613,11.0918746,,,,,pitch,,,
46.0420153,11.2267812,,,,,pitch,,,
46.0898409,11.0689780,Parco Privato RSA Casa Famiglia,,,,park,,,
46.0896063,11.0663246,,,,,pitch,,,
46.0901786,11.1071026,,,,,pitch,,,
46.0852112,11.1584882,chiesa dei Santi Fabiano e Sebastiano,,,place_of_worship,,christian,,
46.0984325,11.1142958,,,,,pitch,,,
46.0671242,11.1542682,,,,,park,,,
46.0704162,11.1578784,Chiesa di Sant'Agata,,,place_of_worship,,christian,,
46.0536410,11.2384915,,,,,park,,,
46.0943756,11.2004484,,,,,playground,,,
46.0937685,11.1972020,,,,,pitch,,,
46.0903147,11.1980651,Campo sportivo di Torchio,,,,pitch,,,
46.0900346,11.1981483,,,,,playground,,,
46.0376313,11.1068675,,,,,playground,,,
46.0137123,11.0843567,,,,place_of_worship,,christian,,
46.0619417,11.2370604,,,,fountain,,,,
46.0788351,11.1416609,,,,,park,,,
46.0790656,11.1406436,,,,,park,,,
46.0768826,11.1417160,Centro Civico,,,community_centre,,,,
46.0641240,11.2358311,Parco delle Giarete,,,,park,,,
46.0737517,11.1261752,,,,,garden,,,
46.0711017,11.1138214,,,,,playground,,,
46.0864158,11.1818216,,,,,playground,,,
46.0298477,11.1350377,,,,,swimming_pool,,,
46.0276539,11.1359719,,,,,swimming_pool,,,
46.0156359,11.1338932,,,,,swimming_pool,,,
46.0552686,11.1197414,Giardino de Gaspari,,,,park,,,
46.0729119,11.1266662,,,,,bleachers,,,
46.0734081,11.1260471,,,,,garden,,,
46.0732648,11.1261098,,,,,garden,,,
46.0758117,11.1252773,,,,,farmland,,,
46.0758168,11.1253347,,,,,farmland,,,
46.0758205,11.1253783,,,,,farmland,,,
46.0758857,11.1254363,,,,,farmland,,,
46.0759146,11.1253635,,,,,farmland,,,
46.0759107,11.1253203,,,,,farmland,,,
46.0783404,11.1243248,,,,,swimming_pool,,,
46.0681112,11.1284440,,,,,pitch,,,
46.0682880,11.1285449,,,,,pitch,,,
46.0624453,11.1354144,,,,,swimming_pool,,,
46.0632564,11.1404801,,,,,swimming_pool,,,
46.0743711,11.1461439,,,,,swimming_pool,,,
46.0797906,11.1539099,,,,,swimming_pool,,,
46.0803273,11.1543484,,,,,swimming_pool,,,
46.0822876,11.1476060,,,,,swimming_pool,,,
46.0889567,11.1270060,,,,,swimming_pool,,,
46.0896349,11.1967877,,,,,swimming_pool,,,
46.0720387,11.2283479,Parco Giochi Casalino,,,,park,,,
46.0879112,11.1791735,,,,,park,,,
46.0938493,11.1925776,chiesa dell'Addolorata,,,place_of_worship,,christian,,
46.0904917,11.1929190,Chiesa di Sant'Antonio di Padova,,,place_of_worship,,christian,,
46.0726482,11.2287161,Chiesa di San Rocco,,,place_of_worship,,christian,,
46.0631277,11.2424988,Chiesa di Sant'Antonio,,church,place_of_worship,,christian,,
46.0606527,11.2420697,Chiesa di Sant'Elisabetta,,church,place_of_worship,,christian,,
46.0587004,11.2391518,Chiesa di San Rocco,,church,place_of_worship,,christian,,
46.0525621,11.1340391,,,,,park,,,
46.0624124,11.1194602,,,,,garden,,,
46.0626026,11.1193950,,,,,garden,,,
46.1249588,11.1166665,Campo polivalente,,,,recreation_ground,,,
46.0525002,11.1275271,Giardino via Einaudi,,,,park,,,
46.0517756,11.1248436,Giardino ITEA Clarina,,,,park,,,
46.0525938,11.1210549,,,,,dog_park,,,
46.0555273,11.1236144,Giardino delle erbe aromatiche Lungofersina,,,,garden,,,
46.1243937,11.1093881,Chiesa di San Gregorio Taumaturgo,,,place_of_worship,,christian,,
46.0749453,11.0571693,,,,,swimming_pool,,,
46.0420939,11.1308572,,,,,garden,,,
46.0422572,11.1313450,,,,,garden,,,
46.1142513,11.1165023,Chiesetta di San Francesco,,,place_of_worship,,christian,,
46.0422245,11.1305157,,,,,garden,,,
46.0423541,11.1310792,,,,,garden,,,
46.0420248,11.1312133,,,,,garden,,,
46.0418210,11.1308296,,,,,garden,,,
46.0417572,11.1311121,,,,,garden,,,
46.0419749,11.1305445,,,,,garden,,,
46.1141801,11.1065237,,,,,garden,,,
46.1140344,11.1068472,,,,,garden,,,
46.0505313,11.0729344,Giardino di Vaneze,,,,park,,,
46.1221846,11.1187809,Giardino Canon,,,,park,,,
46.1271712,11.1287011,Parco Cigoi,,,,park,,,
46.0329068,11.1317359,,,,,garden,,,
46.0372711,11.1336404,,,,,garden,,,
46.0893054,11.1089876,Giardino Vittime del lavoro della Sloi,,,,park,,,
46.0566417,11.1219182,,,,,pitch,,,
46.0623659,11.1240078,Passeggiata corso Tre Novembre,,,,park,,,
46.0658229,11.1240753,Area piazza Garzetti,,,,playground,,,
46.0734714,11.1283391,,,,,garden,,,
46.0819503,11.1016710,Giardino La Vela centro civico,,,,park,,,
46.0729222,11.2400219,chiesa dell'Immacolata,,,place_of_worship,,christian,,
46.1115398,11.0456110,,,,,,christian,,
46.1075749,11.1109484,,,,,pitch,,,
46.1057119,11.1092454,,,,,park,,,
46.1082107,11.1417683,Giardino Montevaccino,,,,park,,,
46.0707501,11.1031493,Cappella di Sant'Antonio di Padova,,,place_of_worship,,christian,,
46.0901261,11.1186918,,,,,pitch,,,
46.0881635,11.1822654,Giardino Borsieri,,,,park,,,
46.1032303,11.1106134,,,,,garden,,,
46.0428474,11.1317951,,,,,pitch,,,
46.0431390,11.1316355,,,,,pitch,,,
46.0671497,11.1274138,Roggia Grande,,yes,,,,,
46.0385941,11.1241505,,,,,garden,,,
46.1303405,11.1212876,,,,,garden,,,
46.0671873,11.1456153,,,,,swimming_pool,,,
46.1304603,11.1284214,Giardino Gazzadina,,,,park,,,
46.1222300,11.1163580,Giardino palazzo Sardagna,,,,park,,,
46.1151514,11.1160359,,,,,garden,,,
46.0945365,11.0716033,Passeggiata Coltura,,,,park,,,
46.0947911,11.0721283,,,,,park,,,
46.0757496,11.1686653,,,ruins,,,,,
46.0467949,11.1288985,,,,,garden,,,
46.1209526,11.0914728,Giardino di Spini di Gardolo,,,,park,,,
46.1050013,11.1103096,Giardino dell'Arcobaleno,,,,park,,,
46.0453681,11.1314135,,,,,garden,,,
46.0839121,11.1196119,,,,,garden,,,
46.0837630,11.1196961,,,,,garden,,,
46.0836294,11.1197879,,,,,garden,,,
46.0378892,11.1288118,Parco Stella di Man,,,,park,,,
46.0483643,11.1181422,,,,,pitch,,,
46.0521126,11.1204037,Il grillo,,,,sports_centre,,,
46.0729083,11.1568222,,,,,swimming_pool,,,
46.0711750,11.1139845,Giardino Andreas Hofer,,,,park,,,
46.1013353,11.1860540,,,,,playground,,,
46.0139761,11.1404962,chiesa di San Raimondo Nonnato,,,place_of_worship,,christian,,
46.0929625,11.1200294,chiesa di San Massimiliano Maria Kolbe,,,place_of_worship,,christian,,
46.0639107,11.1188934,chiesa di Sant'Angela Merici,,,place_of_worship,,christian,,
46.0556455,11.1530169,chiesa di San Rocco,,,place_of_worship,,christian,,
46.0410248,11.1332984,Cappella di Sant'Antonio Abate,,,place_of_worship,,christian,,
46.0618103,11.1496970,chiesa della Madonna del Carmelo,,,place_of_worship,,christian,,
46.0626557,11.1525579,Parco Salè,,,,park,,,
46.0388511,11.1288562,,,,,pitch,,,
46.1245229,11.2216292,,,,grave_yard,,christian,,
46.1118850,11.2339581,,,,,miniature_golf,,,
46.0999343,11.1021898,Parco Roncafort,,,,park,,,
46.0421470,11.1378148,Chiesa di Maria Regina,,,place_of_worship,,christian,,
46.0998243,11.1024132,,,,,pitch,,,
46.0946450,11.1981597,,,,,playground,,,
46.0713487,11.1112086,ruderi castello,,archaeological_site,,,,,
46.0389983,11.2381424,,,,,fitness_station,,,
46.0388111,11.2374658,,,,,pitch,,,
46.0763997,11.1080748,,,,,bleachers,,,
46.0885481,11.0691684,,,,,pitch,,,
46.0887792,11.0686297,,,,,pitch,,,
46.0655738,11.1019350,,,,,pitch,,,
46.0535153,11.1270944,,,,,park,,,
46.0851974,11.1760072,,,yes,,,,,
46.1003886,11.1165353,,,,,park,,,
46.1004202,11.1169259,,,,,playground,,,
46.0493698,11.1444339,chiesa di Santo Stefano nuova,,,place_of_worship,,christian,,
46.0904026,11.1149008,Aree verdi al Magnete,,,,park,,,
46.0901441,11.1138598,,,,,pitch,,,
46.0616617,11.1519910,Giardino Salé,,,,park,,,
46.0747679,11.1260325,Giardino case Pincheri,,,,playground,,,
46.0904794,11.1220679,,,,,swimming_pool,,,
46.0392673,11.1286797,,,,,pitch,,,
46.0719901,11.1282485,,,,,swimming_pool,,,
46.0766814,11.1261821,,,,,swimming_pool,,,
46.0674743,11.1526841,,,,,garden,,,
46.0524664,11.1340964,,,,,playground,,,
46.0538947,11.1239048,Orto Aperto,,,,garden,,,
46.0959228,11.0460451,,,,,pitch,,,
46.0337453,11.1404844,Forte di San Rocco,,fort,,,,,
46.0806485,11.2062582,,,,,swimming_pool,,,
46.0495940,11.1220889,,,,,garden,,,
46.0499589,11.1215776,,,,,garden,,,
46.0497697,11.1246159,,,,,park,,,
46.0505442,11.1247499,,,,,park,,,
46.0506012,11.1243499,,,,,park,,,
46.0493581,11.1249931,,,,,park,,,
46.0478157,11.1289103,,,,,playground,,,
46.0476807,11.1286672,,,,,playground,,,
46.0512309,11.1267172,,,,,garden,,,
46.0495167,11.1164452,,,,,garden,,,
46.0493733,11.1163866,,,,,garden,,,
46.0491996,11.1163163,,,,,garden,,,
46.0492564,11.1163391,,,,,garden,,,
46.0490477,11.1162535,,,,,garden,,,
46.0491054,11.1162775,,,,,garden,,,
46.0493154,11.1160419,,,,,garden,,,
46.0491640,11.1159803,,,,,garden,,,
46.0491073,11.1159555,,,,,garden,,,
46.0493268,11.1158949,,,,,garden,,,
46.0490738,11.1157803,,,,,garden,,,
46.0489070,11.1157033,,,,,garden,,,
46.0494474,11.1160130,,,,,garden,,,
46.0495844,11.1160621,,,,,garden,,,
46.0489960,11.1156389,,,,,garden,,,
46.0489469,11.1152697,,,,,garden,,,
46.0491334,11.1150931,,,,,garden,,,
46.1285304,11.1196604,,,,,park,,,
46.1287404,11.1194661,,,,,park,,,
46.0686862,11.1292162,,,,,park,,,
46.0685001,11.1298187,,,,,garden,,,
46.0690361,11.1306728,,,,,garden,,,
46.0683853,11.1303145,,,,,garden,,,
46.0674214,11.1310369,,,,,swimming_pool,,,
46.0691367,11.1357524,,,,,garden,,,
46.0725966,11.1299979,,,,,park,,,
46.0725548,11.1288644,,,,,park,,,
46.0725041,11.1284902,,,,,park,,,
46.0891829,11.1088789,,,,,playground,,,
46.0721250,11.1274837,,,,,garden,,,
46.0729993,11.1282131,Giardino della Cervara,,,,park,,,
46.0684603,11.1313795,,,,,garden,,,
46.0687124,11.1319529,,,,,garden,,,
46.0688029,11.1317580,,,,,garden,,,
46.0689691,11.1322299,,,,,garden,,,
46.0693431,11.1324756,,,,,garden,,,
46.0683392,11.1321760,,,,,garden,,,
46.0686254,11.1324335,,,,,garden,,,
46.0674445,11.1318697,,,,,garden,,,
46.0674836,11.1314640,,,,,garden,,,
46.0502812,11.1225839,,,,,garden,,,
46.0499660,11.1234871,,,,,garden,,,
46.0501651,11.1239152,,,,,garden,,,
46.0494446,11.1267996,,,,,garden,,,
46.0495769,11.1262332,,,,,garden,,,
46.0649135,11.1225306,,,,,garden,,,
46.0651584,11.1224660,,,,,garden,,,
46.0651573,11.1226593,,,,,playground,,,
46.0650503,11.1220451,,,,,garden,,,
46.0661022,11.1219645,,,,,garden,,,
46.0662592,11.1214085,,,,,garden,,,
46.0662676,11.1207984,,,,,garden,,,
46.0631978,11.1288111,,,,,garden,,,
46.1281040,11.2432918,,,,,pitch,,,
46.0666163,11.1327260,,,wayside_shrine,,,,,
46.0661566,11.1427699,,,,,garden,,,
46.0842935,11.1658257,,,,,dog_park,,,
46.0794368,11.1196711,,,,,track,,,
46.0799279,11.1194211,,,,,track,,,
46.0792111,11.1206135,,,,,track,,,
46.0630363,11.1352185,,,,,garden,,,
46.1043241,11.1061233,CO2 - Open park,,,,park,,,
46.1049405,11.1149967,,,,,swimming_pool,,,
46.0359640,11.1292286,,,,,garden,,,
46.0655807,11.1180548,,,,,garden,,,
46.0660044,11.1184266,,,,,garden,,,
46.0524386,11.1176279,,,,,garden,,,
46.0389697,11.1300514,,,,,swimming_pool,,,
46.0642283,11.1379645,Parco didattico Galilei,,,,garden,,,
46.1204814,11.2130948,,,,,track,,,
46.0514784,11.1386120,,,,,swimming_pool,,,
46.0522423,11.1371162,,,,,swimming_pool,,,
46.0816214,11.1390508,,,,,swimming_pool,,,
46.0603350,11.1513392,,,,,swimming_pool,,,
46.0601391,11.1391463,,,,,pitch,,,
46.0832324,11.1548579,,,,,pitch,,,
46.0165032,11.1027073,,,,,pitch,,,
46.0353587,11.1137110,,,,,swimming_pool,,,
46.0411862,11.1243292,,,,,swimming_pool,,,
46.0416428,11.1259130,,,,,swimming_pool,,,
46.0915295,11.2339212,,,,,park,,,
46.1053423,11.1148233,,,,,bleachers,,,
