52.3627683,4.9226830,Tropenmuseum,museum,,,,,,ethnographic museum
52.3542481,4.8663024,Vondel Park Plaza,hotel,,,,,,
52.3656031,4.8990152,Willet-Holthuysen,museum,,,,,,
52.3634640,4.8933781,Museum Van Loon,museum,,,,,,
52.3661534,4.9279690,Museum Suriname,museum,,,,,,
52.3685340,4.8863261,Bijbels Museum,museum,,,,,,
52.3755212,4.8826878,Theo Thijssen Museum,museum,,,,,,
52.3704312,4.8904288,Amsterdam Museum,museum,,,,,,museum of Amsterdams city history
52.3688053,4.8930549,Allard Pierson Museum,museum,,,,,,Archeological museum
52.3671957,4.9050146,De Dokwerker,artwork,memorial,,,,,
52.3660495,4.9088788,Afscheid,artwork,,,,,,
52.3638369,4.8812002,American Hotel,hotel,,,,,,
52.3731289,4.8771930,Shelter Jordan Hostel,hostel,,,,,,
52.3774839,4.8951863,Sint Nicolaas,hotel,,,,,,
52.3765293,4.8935818,WestCord City Center,hotel,,,,,,
52.3757993,4.8924994,Bob's Youth Hostel,hostel,,,,,,
52.3756411,4.8923474,Hotel Citadel,hotel,,,,,,
52.3755009,4.8929456,INK Hotel Amsterdam,hotel,,,,,,
52.3771636,4.8977894,Victoria Hotel,hotel,,,,,,
52.3771594,4.8954580,Kimpton De Witt Hotel,hotel,,,,,,
52.3766377,4.8946387,Avenue Hotel,hotel,,,,,,
52.3536317,4.8976537,de pijp,hotel,,,,,,
52.3532543,4.8956968,,hotel,,,,,,
52.3640124,4.8932784,FOAM,museum,,,,,,Fotografiemuseum Amsterdam
52.3693667,4.9012367,Rembrandthuis,museum,,,,,,The house where Rembrandt van Rijn lived.
52.3764319,4.9003632,Barbizon Palace,hotel,,,,,,
52.3765815,4.8972749,Venustempel Sexmuseum,museum,,,,,,
52.3763472,4.8969676,Lindbergh,information,,,,,,
52.3760831,4.8965471,De Oranje Tulp,hotel,,,,,,
52.3760003,4.8964629,Van Gelder,hotel,,,,,,
52.3758525,4.8960911,Hotel Continental,hotel,,,,,,
52.3754934,4.8957562,Hotel Manofa,hotel,,,,,,
52.3737005,4.8935136,Amsterdam-De Roode Leeuw,hotel,,,,,,
52.3735795,4.8933229,Swissôtel,hotel,,,,,,
52.3727291,4.8943846,NH Grand Hotel Krasnapolsky,hotel,,,,,,
52.3739930,4.8963885,St. Christopher’s at The Winston,hostel,,,,,,
52.3758205,4.8990725,,hotel,,,,,,
52.3760727,4.8991265,Hostel Meetingpoint,information,,,,,,
52.3760226,4.8992247,Luxer,hotel,,,,,,
52.3725261,4.8982082,Torenzicht,hotel,,,,,,
52.3723465,4.8990009,Shelter City Hostel,hostel,,,,,,
52.3678828,4.8926389,Hotel des Arts,hotel,,,,,,
52.3656834,4.8967092,NH Schiller,hotel,,,,,,
52.3707199,4.8923394,Cordial,hotel,,,,,,
52.3706637,4.8931309,Hotel Rokin,hotel,,,,,,
52.3701573,4.8921484,The Amsterdam Dungeon,attraction,,,,,,
52.3657224,4.8974282,City Hotel,hotel,,,,,,
52.3659543,4.8954921,Atlanta,hotel,,,,,,
52.3692848,4.8917604,Hotel Ajax,hotel,,,,,,
52.3664488,4.8970384,NH Caransa,hotel,,,,,,
52.3676444,4.8944657,Hotel de l'Europe,hotel,,,,,,
52.3448864,4.8561555,Olympiahuis,attraction,,,,,,
52.3664505,4.9164307,Westerman Monument,artwork,memorial,,,,,
52.3660041,4.8965948,Rembrandt,artwork,memorial,,,,,big statue of Rembrandt van Rijn
52.3525474,4.8936397,Bicycle Hotel,hotel,,,,,,
52.3711233,4.8954212,The Grand,hotel,,,,,,
52.3728094,4.8833865,Pulitzer,hotel,,,,,,
52.3742473,4.9347806,LLoyd Hotel,hotel,,,,,,
52.3574579,4.8435802,Bastion,hotel,,,,,,Bastion Hotel Amsterdam Zuidwest
52.3558504,4.8860287,NH Museum Quarter,hotel,,,,,,
52.3658502,4.9129040,Lancaster Hotel,hotel,,,,,,
52.3626403,4.9037722,The Bridge Hotel,hotel,,,,,,
52.3682214,4.8958699,NH Collection Doelen,hotel,,,,,,
52.3624578,4.8801835,Marriott Hotel,hotel,,,,,,
52.3534673,4.8720837,Alfred,hotel,,,,,,
52.3612334,4.9162951,Hotel Arena,hotel,,,,,,
52.3664021,4.9112827,Alfa Hotel,hotel,,,,,,
52.3664388,4.9111540,Hollandsche Schouwburg,museum,memorial,,,,,
52.3671026,4.9103300,Hotel Rembrandt,hotel,,,,,,
52.3648366,4.9112042,Kolommen,artwork,,,,,,
52.3679252,4.9092334,Auschwitzmonument,artwork,memorial,,,,,
52.3698407,4.8886879,NH City Centre Amsterdam,hotel,,,,,,
52.3677709,4.9127590,Verzetsmuseum,museum,,,,,,
52.3650584,4.8958534,Thorbecke,artwork,memorial,,,,,statue of Johan Rudolph Thorbecke
52.3598873,4.8886790,Simon Carmiggelt,artwork,memorial,,,,,
52.3690294,4.8973183,Stayokay Amsterdam Stadsdoelen,hostel,,,,,,
52.3904885,4.8737264,Museum Het Schip,museum,,,,,,"museum of architecture (""Amsterdam School"" style - Dutch expressionism) with former post office and historic museum appartement."
52.3703348,4.9075666,ibis Amsterdam Centre Stopera,hotel,,,,,,
52.3613118,4.9005224,Hotel de Munck,hotel,,,,,,
52.3645344,4.9034870,Hermitage Hotel,hotel,,,,,,
52.3589917,4.8938280,Kap,hotel,,,,,,
52.3586963,4.8941504,Asterisk,hotel,,,,,,
52.3618970,4.9104623,Hotel Allure,hotel,,,,,,
52.3878283,4.9460317,,picnic_site,,,,,,
52.3488901,4.9086498,Hotel Flipper,hotel,,,,,,
52.3607582,4.8695022,Hotel de Filosoof,hotel,,,,,,
52.3576640,4.8444609,Fashion Hotel,hotel,,,,,,
52.3645600,4.8923905,Stadsarchief,museum,,archive,,,,
52.3655850,4.9136467,Kunstenaarsverzet,artwork,memorial,,,,,
52.3689809,4.8986256,Rembrandtplein Hotel,hotel,,,,,,
52.3497300,4.8912188,Savoy Hotel,hotel,,,,,,
52.3612808,4.8840411,Apollo Museum Hotel,hotel,,,,,,
52.3610130,4.8829935,Hotel Cornelisz,hotel,,,,,,
52.3611781,4.8767889,Hotel Siperman,hotel,,,,,,
52.3612215,4.8770042,Hotel Parkzicht,hotel,,,,,,
52.3618801,4.8754343,Hotel Blyss,hotel,,,,,,
52.3625432,4.8756788,Hotel Europa Amsterdam,hotel,,,,,,
52.3630002,4.8754645,Princess Hostel,hotel,,,,,,
52.3591216,4.8797991,Hotel Fita,hotel,,,,,,
52.3597441,4.8807295,Hotel Jan Luyken,hotel,,,,,,
52.3601160,4.8778434,Hotel Piet Hein,hotel,,,,,,
52.3602503,4.8783589,The Flying Pig Hotel Uptown,hostel,,,,,,
52.3611406,4.8816047,Hotel Wijnnobel,hotel,,,,,,
52.3622763,4.8769547,Hotel Alexander,hotel,,,,,,
52.3624027,4.8774215,Hotel Prinsen,hotel,,,,,,
52.3625494,4.8780223,Hotel Vondel,hotel,,,,,,
52.3620608,4.8783271,Leonardo Hotel,hotel,,,,,,
52.3470442,4.8930440,Mahatma Gandhi,artwork,memorial,,,,,
52.3574690,4.8680163,Figure découpée,artwork,,,,,,
52.3800115,4.8926278,Arrive,hotel,,cafe,,,,
52.3780269,4.8944036,Renaissance Amsterdam,hotel,,,,,,
52.3468630,4.9023966,Hotel Victorie,hotel,,,,,,
52.3718100,4.8873904,The Hoxton,hotel,,,,,,
52.3722257,4.8939788,Rho Hotel,hotel,,,,,,
52.3759487,4.8989099,Old Quarter,hotel,,,,,,
52.3763146,4.8995782,Old Nickel,hotel,,,,,,
52.3775666,4.9003398,I amsterdam Visitor Centre,information,,,,,,
52.3840006,4.9003939,,viewpoint,,bench,,,,
52.3926964,4.8687739,WestCord Art Hotel,hotel,,,,,,
52.3665176,4.9127401,Geologisch Museum,museum,,,,,,
52.3720830,4.8948943,Hotel De Gerstekorrel,hotel,,,,,,
52.3615125,4.8832127,Park Hotel,hotel,,,,,,
52.3548988,4.8835001,Hotel Washington,hotel,,,,,,
52.3531959,4.8811483,The Muse Hotel Amsterdam,hotel,,,,,,
52.3627648,4.8745728,Hotel ABBA,hotel,,,,,,
52.3748034,4.8800920,Hotel van Onna,hotel,,,,,,
52.3701707,4.8966042,Radisson BLU Hotel,hotel,,,,,,
52.3775788,4.9399904,Kraan 2868,attraction,yes,,,,,
52.3672872,4.8906653,Torture Museum,museum,,,,,,
52.3597822,4.8871412,Carel Willink,artwork,memorial,,,,,
52.3456250,4.9144634,,information,,,,,,
52.3676378,4.8848092,Huis Marseille,museum,,,,,,photography museum in a 17th century monumental house.
52.3679542,4.8963553,Nes,hotel,,,,,,
52.3682320,4.8976753,,viewpoint,,,,,,
52.3583545,4.8987860,Notting Hill,hotel,,,,,,
52.3774872,4.8911258,Multatuli Museum,museum,,,,,,
52.3702214,4.8995216,Zuiderkerkstoren,attraction,,,,,,
52.3649670,4.8805861,Weber,hotel,,,,,,
52.3627156,4.8829059,Max Euwe,museum,,,,,,
52.3792941,4.8458988,Blue Tower Hotel,hotel,,,,,,
52.3578521,4.9003796,Linda Hotel,hotel,,,,,,
52.3609510,4.8848415,,information,,,,,,
52.3605894,4.8917924,Euphemia Budget Hotel,hotel,,,,,,
52.3603577,4.8829853,Hotel Museumzicht,hotel,,,,,,
52.3579454,4.9009988,Hotel Seasons,hotel,,,,,,
52.3588982,4.8961010,Hotel Nicolaas Witsen,hotel,,,,,,
52.3646748,4.8798318,Kooyk Hotel,hotel,,,,,,
52.3643720,4.8799049,Quentin Hotel,hotel,,,,,,
52.3654264,4.8931950,Hotel Banks Mansion,hotel,,,,,,
52.3645507,4.8798318,King Hotel,hotel,,,,,,
52.3668596,4.8986143,Eden Hotel Amsterdam,hotel,,,,,,
52.3641021,4.8985067,Hotel Armada,hotel,,,,,,
52.3668967,4.8961823,Hotel Monopole,hotel,,,,,,
52.3669501,4.8969988,Hotel Amstelzicht,hotel,,,,,,
52.3678092,4.8965595,Amsterdam House Hotel,hotel,,,,,,
52.3661397,4.8820416,International Budget Youth Hostel,hostel,,,,,,
52.3683520,4.8956777,NH Doelen,hotel,,,,,,
52.3590155,4.9263621,The Manor Amsterdam,hotel,,,,,,
52.3654973,4.8802527,Backstage Hotel,hotel,,,,,,
52.3723702,4.8863317,Hotel IX,hotel,,,,,,
52.3724021,4.8853249,Miauw Suites,apartment,,,,,,
52.3722549,4.8852520,Pina Apartments,hotel,,,,,,
52.3756280,4.8984412,Hotel CC,hotel,,,,,,
52.3569612,4.8775005,Hotel Inner,hotel,,,,,,
52.3638245,4.8852223,Orfeo Hostel,hostel,,,,,,
52.3565470,4.8782511,Annemarie,hostel,,,,,,
52.3648906,4.8800037,Boutique Hotel View,hotel,,,,,,
52.3600726,4.9054721,De jonge Rembrandt,artwork,,,,,,Statue of Rembrandt van Rijn
52.3722053,4.8973884,Cannabis College,information,,,,,,
52.3753211,4.8982122,Hotel & Bar 55,hotel,,bar,,,,
52.3518513,4.8413881,,artwork,,,,,,Spiraal
52.3550552,4.8508770,,artwork,,,,,,"cows, Theophile de Bock"
52.3454191,4.8455325,,information,,,,,,Information about the industry area De Schinkel and the city Amsterdam.
52.3793932,4.8805089,Lindeboom,hotel,,,,,,
52.3481533,4.8834885,Monument voor de Canadese militairen,artwork,memorial,,,,,
52.3686220,4.9011934,Waterloopleinmarkt,attraction,,marketplace,,,,street market (flea market)
52.3852726,4.8817769,Ferdinand Domela Nieuwenhuis,artwork,,,,,,
52.3432315,4.8556191,Prometheus,artwork,,,,,,
52.3701124,4.8822208,De Parels van de Jordaan,artwork,memorial,,,,,
52.3602625,4.8760416,Vindhek,artwork,,lost_found,,,,
52.3744566,4.9039129,Amrath Hotel,hotel,,,,,,
52.3521468,4.8642612,,artwork,,,,,,
52.3774167,4.8539681,Kinderboerderij,zoo,,,,,,
52.3759303,4.9084423,Reve Museum,museum,,,,,,"Small museum like collection of items of and books by Gerard Reve, one of Holland's most famous (and openly gay) writers in the 20th century. On the 2nd floor in the OBA."
52.3701526,4.8826020,Houseboat Museum,museum,,,,,,
52.3735172,4.8993081,Hotel Royal Taste,hotel,,,,,,
52.3864113,4.8481040,Natuur is leuk,information,,,,,,
52.3853693,4.8810816,Nassauplein,information,,,,,,
52.3917560,4.8626999,Barbara,information,,,,,,
52.3816095,4.8890521,Haarlemmerdijk,information,,,,,,
52.3867498,4.8457211,Sloterdijk,information,,,,,,
52.3907624,4.8782492,Spaarndammerstraat,information,,,,,,
52.3663729,4.9061958,De Wereld bleef doof,artwork,memorial,,,,,
52.3743323,4.8835404,Anne Frank,artwork,memorial,,,,,
52.3710783,4.9290538,David's Boat,hotel,,,,,,
52.3743295,4.8924485,Dam Square Inn,hotel,,,,,,
52.3668803,4.9250778,De Molen,information,,,,,,
52.3703831,4.9113787,Entrepotdok,information,,,,,,
52.3680157,4.9189869,Hoogtekadijk,information,,,,,,
52.3686364,4.9038082,Mr. Visserplein,information,,,,,,
52.3730961,4.9003111,Nieuwmarkt,information,,,,,,
52.3663067,4.9336400,Zeeburgerdijk,information,,,,,,
52.3753742,4.8947456,Nieuwendijk,information,,,,,,
52.3761826,4.8995739,Zeedijk,information,,,,,,
52.3670010,4.9247699,De Molen,information,,,,,,
52.3679391,4.9194310,Hoogtekadijk,information,,,,,,
52.3721579,4.9004626,Nieuwmarkt,information,,,,,,
52.3763931,4.8998961,Zeedijk,information,,,,,,
52.3744950,4.8911049,Hotel Mevlana,hostel,,,,,,
52.3718683,4.8970226,B&B 1680,guest_house,,,,,,
52.3786190,4.8836352,Pianola Museum,museum,,,,,,
52.3662969,4.8984498,Hampshire,hotel,,,,,,
52.3698621,4.8479104,Wolk,artwork,,,,,,
52.3549582,4.8556579,,information,,,,,,
52.3565483,4.9277703,Amigo Budget Hotel,hostel,,,,,,
52.3940756,4.9231581,Led Cloud,artwork,,,,,,light installation
52.3639176,4.8839489,Amsterdam Hostel Leidseplein,hostel,,,,,,
52.3523229,4.8918715,easyHotel,hotel,,,,,,
52.3664381,4.8929260,NH Carlton Amsterdam,hotel,,,,,,
52.3740616,4.8906010,Die Port van Cleve,hotel,,,,,,
52.3754277,4.8889488,The Times,hotel,,,,,,
52.3880075,4.9456390,,picnic_site,,,,,,
52.3631984,4.8999321,Galerie Artacasa,artwork,,,,,,
52.3681051,4.8675888,fish,artwork,,,,,,
52.3681105,4.8677227,fish,artwork,,,,,,
52.3626984,4.8874605,La Maison de L'Échappée Belle,gallery,,,,,,
52.3620318,4.8868356,van der Laag,gallery,,,,,,
52.3583722,4.8754191,Park View Hotel,hotel,,,,,,
52.3745301,4.8835347,,viewpoint,,,,,,
52.3677676,4.8976078,Amstel Canal Guest House,hotel,,,,,,
52.3632242,4.8699401,Buddah,artwork,,,,,,
52.3628575,4.8764725,Hotel Espresso City Centre,hotel,,,,,,
52.3649706,4.8734655,Mosaic hotel,hotel,,,,,,
52.3656442,4.8852135,Golden Bear,hotel,,,,,,
52.3706647,4.8885927,Hoksbergen,hotel,,,,,,
52.3776412,4.8971654,Art'Otel,hotel,,,,,,
52.3690026,4.8822280,Amsterdam Wiechmann Hotel,hotel,,,,,,
52.3564250,4.8975054,Andre Hazes,artwork,memorial,,,,,
52.3551175,4.8978311,,viewpoint,,,,,,
52.3546181,4.8964542,,picnic_site,,,,,,
52.3559907,4.8927471,,artwork,,,,,,
52.3498616,4.8990404,Museum De Dageraad,museum,,,,,,"Museum for the social housing complex ""De Dageraad"" in the Amsterdam School architecture (Dutch expressionism)"
52.3544832,4.8873224,,hotel,,,,,,
52.3531393,4.9143378,Wayang Tugela,artwork,,,,,,
52.3527763,4.8836858,The College Hotel,hotel,,,,,,
52.3791340,4.8899140,Sebastian's,hotel,,,,,,
52.3617406,4.9170547,Het begon met een dubbeltje,artwork,,,,,,
52.3757926,4.8637803,Rustende tuinder,artwork,,,,,,
52.3681503,4.8442021,Leonardo Hotel Amsterdam Rembrandtpark,hotel,,,,,,
52.3688593,4.8587764,666/999,artwork,,,,,,
52.3714365,4.8852390,Apartment for short term rent,apartment,,,,,,Two bedrooms apartment in Keizersgracht
52.3756175,4.8807964,Electric Ladyland,museum,,,,,,
52.3498102,4.8893530,Hommage aan Paradjanov,artwork,,,,,,
52.3763172,4.8841529,Amsterdam Tulip Museum,museum,,,,,,
52.3758754,4.8859642,The Toren,hotel,,,,,,
52.3749397,4.8906464,Iers Nationaal Bureau voor Toerisme,yes,,,,,,
52.3788883,4.8955488,Multatuli,hotel,,,,,,
52.3750993,4.8916121,Hotel Utopia,hostel,,,,,,
52.3787759,4.8957705,Hotel Plant,hotel,,,,,,
52.3786032,4.8951437,Groenendael,hostel,,,,,,
52.3780398,4.8962788,Alfa Hotel,hotel,,,,,,
52.3777255,4.8933311,Singel Hotel,hotel,,,,,,
52.3780036,4.8962352,Season Star,hotel,,,,,,
52.3761988,4.8922460,Budget Hotel Tourist Inn,hostel,,,,,,
52.3782455,4.8938827,Liberty Hotel,hotel,,,,,,
52.3772584,4.8939442,Aivengo Youth Hostel,hostel,,,,,,
52.3765029,4.8919782,Hotel Brain,hotel,,,,,,
52.3762678,4.8917251,Hotel The Craftsmen,hotel,,,,,,
52.3803036,4.8921700,,yes,,cafe,,,,
52.3749056,4.8925688,Galerie Carolien O’Breen,gallery,,,,,,
52.3747535,4.8948907,Body Worlds,museum,,,,,,
52.3735925,4.8923632,360 Amsterdam,information,,,,,,
52.3777380,4.8962220,Hotel Jimmy,hotel,,,,,,
52.3757291,4.8960841,Delta Hotel,hotel,,,,,,
52.3686564,4.8813603,,apartment,,,,,,
52.3726246,4.8844737,Pulitzer,hotel,,,,,,
52.3657648,4.8797651,Hotel de Paris,hotel,,,,,,
52.3654698,4.8798832,Hotel Marnix,hotel,,,,,,
52.3714144,4.8873362,Hotel Hegra,hotel,,,,,,
52.3693735,4.8871830,Ambassade Hotel,hotel,,,,,,
52.3686186,4.8874780,Kamer 01,guest_house,,,,,,
52.3720757,4.8892294,Soho House,hotel,,,,,,
52.3693842,4.8918668,Fashion For Good Museum,museum,,,,,,
52.3684642,4.8932426,UvA Bijzondere Collecties,museum,,,,,,
52.3678759,4.8944091,Hotel Résidence Le Coin,hotel,,,,,,
52.3684410,4.8988929,Galerie Bibo,gallery,,,,,,
52.3709358,4.8936353,Hotel V Nesplein,hotel,,,,,,
52.3737514,4.8959885,W139,gallery,,,,,,
52.3748540,4.8967664,Hotel Ben,hotel,,,,,,
52.3748239,4.8966962,Travel Hotel Amsterdam,hotel,,,,,,
52.3751227,4.8972216,Frisco Inn,hotel,,,,,,
52.3750955,4.8971632,Hotel Beursstraat,hotel,,,,,,
52.3747061,4.8973768,The White Tulip Hostel,hostel,,,,,,
52.3761006,4.8991220,Hostel Meeting Point,hostel,,,,,,
52.3765199,4.8996162,Prins Hendrik,hotel,,,,,,
52.3760843,4.8993991,De Malllemoolen,hotel,,,,,,
52.3759568,4.9011775,France hotel,hotel,,,,,,
52.3748641,4.8998972,Hotel The Crown,hotel,,,,,,
52.3742592,4.8992430,Anco,hotel,,bar,,,,
52.3723165,4.8974888,Heart of Amsterdam,hotel,,,,,,
52.3721119,4.8972549,Hash Marihuana & Hemp Gallery,museum,,,,,,
52.3719687,4.8983608,,attraction,,,,,,
52.3657859,4.8932578,The Albus,hotel,,,,,,
52.3650494,4.8955270,The Veteran,hotel,,,,,,
52.3667981,4.8990591,Six Collection,attraction,,,,,,
52.3675917,4.8887741,Waterfront Hotel,hotel,,,,,,
52.3674843,4.8888928,Agora Hotel,hotel,,,,,,
52.3656060,4.8915478,Kattenkabinet,attraction,,,,,,
52.3636675,4.8853534,Hostel Centre,guest_house,,,,,,
52.3645482,4.8811004,La Bohème,hotel,,,,,,
52.3650010,4.8840169,Dikker & Thijs Fenice Hotel,hotel,,,,,,
52.3618254,4.8826864,Blue Boat,attraction,,,,,,
52.3638299,4.8962158,Seven Bridges,hotel,,,,,,
52.3644987,4.8961624,Hotel de la Poste,hotel,,,,,,
52.3622484,4.8984649,ITC Hotel,hotel,,,,,,
52.3619557,4.8994663,Hotel Prinsenhof,hotel,,,,,,
52.3591905,4.8979554,Hotel V,hotel,,,,,,
52.3592418,4.9016835,PH Hotel Oosteinde,hotel,,,,,,
52.3587777,4.8986539,Cocomama,hostel,,,,,,
52.3594698,4.8959558,Canal Hotel,hotel,,,,,,
52.3868954,4.8395129,Hotel2Stay,hotel,,,,,,
52.3697241,4.9067374,Ecomama,hostel,,,,,,
52.3703410,4.9083779,Holiday Inn Express Amsterdam - City Hall,hotel,,,,,,
52.3666500,4.9022485,Green House Namaste,yes,,cafe,,,,
52.3617812,4.9117415,Hyatt Regency Amsterdam,hotel,,,,,,
52.3646165,4.9039004,Hotel Adolesce,hotel,,,,,,
52.3629354,4.9177925,Rijksakademie van beeldende kunsten,gallery,,,,,,
52.3652605,4.9119978,Hotel Barbacan,hotel,,,,,,
52.3667588,4.9091187,Budget Hotel Hortus,hotel,,,,,,
52.3661048,4.9130815,Het Groote Museum,museum,,,,,,
52.3723735,4.9219951,,apartment,,,,,,
52.3775823,4.9001867,GVB Tickets & Information,information,,,,,,
52.3893606,4.8752762,Amsterdam Local Tourguide,information,,,,,,
52.3569478,4.8402664,King's Court,hotel,,,,,,
52.3698485,4.8660187,Hotel Larende,hotel,,restaurant,,,,
52.3616968,4.8784757,Owl Hotel,hotel,,,,,,
52.3650660,4.8781874,Hotel d'Amsterdam,hotel,,,,,,
52.3611389,4.8780228,Stayokay Amsterdam Vondelpark,hostel,,,,,,
52.3630852,4.8794581,Hotel NH,hotel,,,,,,
52.3649396,4.8733328,Amadi Park Hotel,hotel,,,,,,
52.3792272,4.9233184,Java-Blend Amsterdam,gallery,,cafe,,,,
52.3576556,4.8507190,Belfort,hotel,,,,,,
52.3538869,4.8575260,Hotel Central Park,hotel,,,,,,
52.3537315,4.8655914,Apple Inn,hotel,,,,,,
52.3776269,4.9163299,IJ-toren,attraction,,,,,,
52.3779207,4.9140352,Mövenpick Hotel,hotel,,,,,,
52.3592071,4.8763609,City Garden,hotel,,,,,,
52.3558162,4.8777723,De Bedstee,hostel,,,,,,
52.3558449,4.8757350,Omega Hotel,hotel,,,,,,
52.3591278,4.8801418,Hotel Van Gogh,hotel,,,,,,
52.3611878,4.8816366,Hotel Vossius Vondelpark,hotel,,,,,,
52.3548027,4.8889031,Casa do Parreira,apartment,,,,,,
52.3581317,4.8897611,Symphony Hotel Paganini,hotel,,,,,,
52.3579643,4.8905557,Hotel Vivaldi,hotel,,,,,,
52.3578404,4.8917840,Heineken Experience,museum,,,,,,
52.3662535,4.8597935,Hotel Not Hotel,hotel,,,,,,
52.3500021,4.9185533,Hotel Casa Amsterdam,hotel,,,,,,
52.3653615,4.9355026,Stayokay Amsterdam Oost,hostel,,,,,,
52.3575584,4.9305162,Q-factory hotel,hotel,,,,,,
52.3748977,4.8968197,Tulip Inn Amsterdam Centre,hotel,,,,,,
52.3686058,4.8491296,Rembrandt Park House,hotel,,,,,,
52.3461630,4.9382989,Tot Zover,museum,,,,,,funerary museum
52.3482347,4.9134863,Youseum,museum,,,,,,
52.3911937,4.9040367,Nxt Museum,museum,,,,,,
52.3675424,4.8683391,Hotel De Hallen,hotel,,,,,,
52.3858896,4.8813522,Zonder Titel,artwork,,,,,,
52.3915598,4.8560702,,artwork,,,,,,
52.3751963,4.9002365,Hotel The Globe,hostel,,,,,,
52.3636183,4.8881693,Hans Brinker,hostel,,,,,,
52.3862441,4.8471672,De verdwenen boer,artwork,,,,,,
52.3801081,4.8475448,,artwork,,,,,,
52.3809429,4.8501426,,artwork,,,,,,
52.3806387,4.8501707,,artwork,,,,,,
52.3784464,4.8963954,A-Train Hotel,hotel,,,,,,
52.3789842,4.8987390,NS Hisspeed Lounge,information,,,,,,
52.3433766,4.9330944,Sluis (driedelig),artwork,,,,,,
52.3565360,4.8813756,Zigeunermonument - Hel en Vuur,artwork,memorial,,,,,Zigeunermonument (Sinti and Roma memorial)
52.3621482,4.8974048,Kokadorus,artwork,,,,,,
52.3613870,4.8643725,Annette's Bed & Breakfast,hotel,,,,,,
52.3818409,4.8433749,DIN 20,artwork,,,,,,metal sculpture by André Volten
52.3677947,4.9168804,Kraan Entrepotdok,attraction,yes,,,,,
52.3801989,4.8932881,B&B Barangay,guest_house,,,,,,
52.3740241,4.8979064,Borstplaat,artwork,,,,,,
52.3741786,4.8974056,Belle,artwork,memorial,,,,,
52.3652800,4.8857970,Acostar Hotel,hotel,,,,,,
52.3642580,4.8993530,Deutsche Seemannsheim Amsterdam Guesthouse Keizersgracht,guest_house,,,,christian,,
52.3590276,4.9027352,Hotel Iris,hotel,,,,,,
52.3590517,4.8992370,La demeure humaine,artwork,,,,,,
52.3601503,4.8987363,,artwork,,,,,,
52.3620918,4.8945086,Prinsengracht Hotel,hotel,,,,,,
52.3626095,4.9004849,Hotel Orlando,hotel,,,,,,
52.3486193,4.8931991,Hotel Okura Amsterdam,hotel,,,,,,
52.3766822,4.8963458,The Flying Pig Downtown,hostel,,,,,,
52.3761659,4.8995910,Hotel Bar Internationaal,hotel,,pub,,,,
52.3505304,4.8703868,,artwork,,,,,,
52.3527190,4.8617802,Hotel Wilhelmina,hotel,,,,,,
52.3625459,4.8813222,Arthur van Schendel,artwork,,,,,,
52.3579615,4.9007140,Ibis Styles Amsterdam Amstel,hotel,,,,,,
52.3780697,4.8965820,Ibis Styles - Amsterdam Central Station,hotel,,,,,,
52.3755772,4.8996657,Leger des Heilsmuseum,museum,,,,,,
52.3630251,4.8858418,Apartment Vermeer,guest_house,,,,,,Bed and Breakfast
52.3712742,4.8901170,Nova Hotel,hotel,,,,,,
52.3706116,4.8885734,Estheréa,hotel,,,,,,
52.3695598,4.9040064,Gassan Diamonds,attraction,,,,,,
52.3678325,4.8676468,P.W. Janssen,artwork,memorial,,,,,
52.3512350,4.8411625,XO Hotel Couture,hotel,,,,,,
52.3709669,4.8564454,Hund-bank,artwork,memorial,bench,,,,zitbank (social sofa) opgedragen aan Fred Hund.
52.3701343,4.8886513,The Tea Rat Theepottenmuseum,museum,,,,,,
52.3702059,4.8919252,Nieuwzijds Kapel,attraction,yes,,,,,
52.3712304,4.8977104,Walenpoortje,attraction,,,,,,
52.3601929,4.9013061,Bezoekerscentrum De Nederlandse Bank,information,,,,,,
52.3777352,4.9103412,Maan over Ameland,artwork,,,,,,
52.3636914,4.8808218,Lovers canal Cruises,attraction,,,,,,
52.3761695,4.8945140,Inntel Hotels Amsterdam Centre,hotel,,,,,,
52.3573198,4.8908781,Kompas,artwork,,,,,,mosaic around wall
52.3582092,4.8914313,Amsterdam canal cruises,attraction,,,,,,
52.3466254,4.8518517,,picnic_site,,,,,,
52.3600940,4.8820860,Max Brown Hotel Museum Square,hotel,,,,,,
52.3480424,4.9114062,,artwork,,,,,,
52.3603261,4.8858876,,artwork,,,,,,
52.3600452,4.8863332,,artwork,,,,,,
52.3606653,4.8852769,,artwork,,,,,,
52.3607374,4.8850596,,artwork,,,,,,
52.3605425,4.8851991,,artwork,,,,,,
52.3606654,4.8851147,Mercurius,artwork,,,,,,
52.3602526,4.8840967,,artwork,,,,,,
52.3602264,4.8841477,,artwork,,,,,,
52.3602854,4.8840323,,artwork,,,,,,
52.3603149,4.8839546,,artwork,,,,,,
52.3602558,4.8838044,,artwork,,,,,,
52.3687772,4.8890267,Het Lieverdje,artwork,,,,,,
52.3861152,4.8835659,Apentafel,artwork,,,,,,
52.3577632,4.8738348,Hotel Atlas Vondelpark,hotel,,,,,,
52.3674542,4.8862097,The Fault In Our Stars Bench,attraction,,bench,,,,The famous bench in The Fault in Our Stars
52.3764135,4.8981659,Stromma Open Boat Tours,attraction,,,,,,
52.3763021,4.8980264,Stromma NL,attraction,,,,,,
52.3761892,4.8978708,Stromma NL,attraction,,,,,,
52.3760909,4.8976803,,attraction,,,,,,
52.3759190,4.8974363,,attraction,,,,,,
52.3757651,4.8971842,Rederij Plas,attraction,,,,,,
52.3671687,4.8951460,Rondvaart Canal,attraction,,,,,,
52.3595541,4.8809802,Aalders,hotel,,,,,,
52.3842165,4.9036466,ClinkNoord,hostel,,,,,,
52.3763849,4.8842327,Amsterdam Cheese Museum,museum,,,,,,
52.3769100,4.8976527,Hotel Neutraal,hotel,,,,,,
52.3600839,4.8759738,Vondelpark tourist info,information,,,,,,
52.3859956,4.8758486,Haan op zuil,artwork,,,,,,
52.3857852,4.8768708,Man op kruk,artwork,,,,,,
52.3857801,4.8769558,Abstract ornament,artwork,,,,,,
52.3791908,4.8944045,Amsterdamse Scheepvaartbuurt,artwork,,,,,,
52.3866136,4.8761724,Dragers van verre,artwork,,,,,,
52.3687947,4.9222043,,artwork,,,,,,
52.3677076,4.9254365,,artwork,,,,,,
52.3805215,4.8994209,,information,,,,,,
52.3712913,4.9346923,Hampton by Hilton Amsterdam Centre East,hotel,,,,,,
52.3668731,4.9110298,National Holocaust Museum,museum,,,,,,
52.3761182,4.8994627,Hotel De Koopermoolen,hotel,,,,,,
52.3753045,4.8981906,Greenhouse Effect Hotel,hotel,,,,,,
52.3749249,4.8976286,Hostel Easy-Stay,hostel,,,,,,
52.3548292,4.8915001,BBbyServio,hotel,,,,,,
52.3836381,4.9049607,,artwork,,,,,,
52.3835022,4.9040307,,artwork,,,,,,
52.3578319,4.8565589,Conscious Hotel Vondelpark,hotel,,,,,,
52.3672206,4.8670576,CityHub Amsterdam,hotel,,,,,,
52.3922738,4.9411626,,artwork,,,,,,
52.3456748,4.9005087,,artwork,,,,,,
52.3734512,4.9329903,,information,,,,,,
52.3788703,4.8921727,Max Brown Hotel,hotel,,,,,,
52.3692824,4.8951018,Gasthuispoort,attraction,,,,,,
52.3753560,4.9037353,Prins Hendrik,artwork,,,,,,
52.3686724,4.8944688,"3 bomen, 6 lenzen",artwork,,,,,,
52.3611910,4.8721123,Levend Paardenmuseum,museum,,,,,,
52.3466709,4.9003125,Wilhelmina Drucker 1939,artwork,memorial,,,,,
52.3488108,4.9002642,Menselijke Energie,artwork,,,,,,
52.3486355,4.8990490,De geboorte van de daad,artwork,,,,,,
52.3486241,4.8989272,,artwork,,,,,,
52.3488355,4.9004238,,artwork,,,,,,
52.3637753,4.8921296,,artwork,,,,,,
52.3486667,4.8825357,beschermster en beschermer van de sociale wetgeving en gerechtigheid,artwork,,,,,,
52.3920639,4.9433164,Sint Joris en de draak,artwork,,,,,,
52.3919935,4.9433164,Fluitende Faun,artwork,,,,,,
52.3607846,4.9086263,Poorter,artwork,,,,,,
52.3498725,4.9095940,,artwork,,,,,,ornamenten P.L. Kramerbrug
52.3482402,4.8910760,,artwork,,,,,,ornamentations on bridge
52.3497841,4.8848347,Faun met harmonica,artwork,,,,,,ornamentation on bridge
52.3475360,4.8859765,,artwork,,,,,,
52.3472755,4.8859363,Boy with rabbits,artwork,,,,,,
52.3472559,4.8862876,Girl with squirrels,artwork,,,,,,
52.3474492,4.8845197,,artwork,,,,,,ornament on bridge
52.3476737,4.8842020,,artwork,,,,,,ornament on bridg
52.3447934,4.8763274,Handen van de schepper,artwork,,,,,,
52.3448195,4.8768585,Nieuw leven,artwork,,,,,,
52.3510570,4.8526335,,artwork,,,,,,ornaments on bridge
52.3511674,4.8787951,,artwork,,,,,,4 ornaments on bridge
52.3456358,4.8838404,Erasmus,artwork,,,,,,
52.3495757,4.8843881,Faun with guitar,artwork,,,,,,
52.3495514,4.8851660,,artwork,,,,,,
52.3493465,4.8846618,,artwork,,,,,,
52.3436824,4.8677748,muze,artwork,,,,,,
52.3437545,4.8683300,ode aan Berlage,artwork,,,,,,
52.3498872,4.8864840,,artwork,,,,,,
52.3496768,4.8864509,de kunstenaar wijst de weg naar de hemel,artwork,,,,,,
52.3508720,4.8653472,vader en zoon,artwork,,,,,,
52.3598268,4.9092565,,artwork,,,,,,
52.3505066,4.8652399,zoon,artwork,,,,,,
52.3505770,4.8655832,dochter,artwork,,,,,,
52.3508014,4.8650656,moeder en dochter,artwork,,,,,,
52.3588125,4.8915599,Moeder Aarde,artwork,,,,,,
52.3838593,4.9021023,A'dam Lookout,viewpoint,,,,,,
52.3757987,4.9082072,,viewpoint,,,,,,
52.3669134,4.9125700,Micropia,museum,,,,,,
52.3896034,4.9433985,,picnic_site,,,,,,
52.3773329,4.9460540,,picnic_site,,,,,,
52.3773672,4.9457348,,picnic_site,,,,,,
52.3592339,4.8846349,Mercurius en Psyche,artwork,,,,,,
52.3473419,4.8870143,,artwork,,,,,,
52.3725490,4.8962283,The Bulldog,hostel,,,,,,
52.3661410,4.9047596,Vaz Dias monument,artwork,,,,,,
52.3571724,4.8928546,Nachtwacht,artwork,,,,,,
52.3497823,4.8929794,,artwork,,,,,,
52.3610318,4.8845653,P.C. Hooft,artwork,,,,,,
52.3488653,4.8829129,Maja,artwork,,,,,,
52.3474794,4.9079376,,picnic_site,,,,,,
52.3474679,4.9078625,,picnic_site,,,,,,
52.3520522,4.9391729,,picnic_site,,,,,,
52.3519056,4.9395291,,picnic_site,,,,,,
52.3518615,4.9390597,,picnic_site,,,,,,
52.3476540,4.8854396,,artwork,,,,,,
52.3476486,4.8855501,,artwork,,,,,,
52.3476591,4.8853294,,artwork,,,,,,
52.3476434,4.8856642,,artwork,,,,,,
52.3476380,4.8857766,,artwork,,,,,,
52.3476292,4.8858903,,artwork,,,,,,
52.3476638,4.8852189,,artwork,,,,,,
52.3476707,4.8851072,,artwork,,,,,,
52.3476761,4.8849939,,artwork,,,,,,
52.3616730,4.8817075,Stedemaagd,artwork,,,,,,
52.3606007,4.8768194,,artwork,,,,,,
52.3521798,4.8657392,,artwork,,,,,,
52.3489559,4.8719442,,artwork,,,,,,
52.3471572,4.8724840,Rustende atleet,artwork,,,,,,
52.3449548,4.8727005,Untitled,artwork,,,,,,
52.3489805,4.8726469,,artwork,,,,,,
52.3487560,4.8726657,,artwork,,,,,,
52.3487298,4.8719683,,artwork,,,,,,
52.3465998,4.8735669,primum movens ultimum moriens,artwork,,,,,,
52.3490083,4.8734060,,artwork,,,,,,
52.3494523,4.8736849,,artwork,,,,,,
52.3487855,4.8734247,,artwork,,,,,,
52.3794652,4.8804938,,hotel,,,,,,
52.3740880,4.8965775,Durty Nellys Inn,hostel,,,,,,
52.3604821,4.8943434,The Crooked House,guest_house,,,,,,
52.3618668,4.8825953,Blue Boat,attraction,,,,,,
52.3605379,4.8863911,,attraction,,,,,,
52.3724236,4.8935854,Ripley's Believe It or Not,museum,,,,,,
52.3474388,4.8811604,Xaviera's Happy House,guest_house,,,,,,
52.3726762,4.8893099,W,hotel,,,,,,
52.3727483,4.8898462,W Amsterdam,hotel,,,,,,
52.3586420,4.8523734,Levensboom,artwork,memorial,,,,,
52.3716449,4.9317214,Het Schelpen Museum,museum,,,,,,
52.3717783,4.8969197,Hash Marihuana & Hemp Museum,museum,,,,,,"This is an information centre cq attraction, that does not conform to the museum definitions of Unesco, ICOM and Museumvereniging."
52.3710168,4.9120281,Glow Golf,attraction,,,,,,
52.3611396,4.8935740,Mercure Canal Dist,hotel,,,,,,
52.3673479,4.8878122,Het Klederdrachtmuseum,museum,,,,,,
52.3763525,4.9020334,Voyagers,hotel,,,,,,
52.3761472,4.8999848,Sint Olofskapel,attraction,yes,,,,,
52.3759303,4.9017413,Mauro Mansion,hotel,,,,,,
52.3593790,4.8917966,Zeelandbank,artwork,,,,,,
52.3616267,4.8872917,Phoenix,artwork,,,,,,
52.3596190,4.8851589,,artwork,,,,,,
52.3589439,4.8861066,,artwork,,,,,,
52.3864470,4.9091118,Sweet Dreamz,hotel,,,,,,
52.3537290,4.9119534,VolksHotel,hotel,,,,,,
52.3597823,4.9189089,Spelende kinderen,artwork,,,,,,
52.3592086,4.9152634,,artwork,,,,,,
52.3510521,4.8728950,,artwork,,,,,,
52.3509473,4.8713528,De denker,artwork,,,,,,
52.3504664,4.8721770,,artwork,,,,,,
52.3784277,4.9062007,Living by Numbers,artwork,memorial,,,,,
52.3747140,4.8945973,Amsterdam Oersoep,artwork,,,,,,"Decoratie van vloer, wanden en plafond van de Beurspassage"
52.3861778,4.8771781,Lief Beton,artwork,,,,,,
52.3692835,4.8840074,Dylan,hotel,,,,,,
52.3544030,4.8628221,Ontwakend Africa,artwork,,,,,,
52.3791126,4.8769847,De Stam,artwork,,,,,,
52.3682082,4.9136870,,artwork,,,,,,
52.3579381,4.8890133,,artwork,,,,,,
52.3693921,4.8946812,Huis aan 3 grachten,attraction,yes,,,,,
52.3595959,4.9006651,,artwork,,,,,,
52.3594239,4.8994851,,artwork,,,,,,
52.3654900,4.9037399,Katja,artwork,,,,,,
52.3710492,4.9158678,The sailing man,artwork,,,,,,
52.3719154,4.9159188,,picnic_site,,,,,,
52.3726572,4.9161870,,picnic_site,,,,,,
52.3722528,4.9166296,,picnic_site,,,,,,
52.3719973,4.9160341,,artwork,,,,,,
52.3722494,4.9160100,,picnic_site,,,,,,
52.3754974,4.9141283,,picnic_site,,,,,,
52.3837807,4.9194887,,picnic_site,,,,,,
52.3598583,4.8995520,,artwork,,,,,,
52.3787574,4.8920560,Herengracht 21,guest_house,,,,,,
52.3837430,4.9194566,,picnic_site,,,,,,
52.3773425,4.9330461,,picnic_site,,,,,,
52.3824024,4.9161402,,artwork,,,,,,
52.3488716,4.8851436,"Apollo Hotel Amsterdam, a Tribute Portfolio Hotel",hotel,,,,,,
52.3935927,4.9238686,Led Cloud,artwork,,,,,,light installation
52.3456859,4.9040767,,artwork,,,,,,
52.3847489,4.8681920,Windketel,hotel,,,,,,
52.3910083,4.9239789,,artwork,,,,,,
52.3647620,4.8958761,7 Bruggen op een rij,viewpoint,,,,,,
52.3684866,4.8863287,Cromhouthuis,museum,,,,,,
52.3739231,4.8916924,Nieuwe Kerk,museum,,,,,,
52.3499477,4.9009815,Wethouder Wibaut,artwork,,,,,,
52.3494741,4.9149659,,picnic_site,,,,,,
52.3437755,4.9149631,,artwork,,,,,,
52.3438120,4.9148299,,artwork,,,,,,
52.3739131,4.8992098,Erotisch Museum,museum,,,,,,
52.3449094,4.8848038,,artwork,,,,,,
52.3448667,4.8848065,,artwork,,,,,,
52.3709981,4.8980255,Oost-Indisch Huis,attraction,,,,,,
52.3556203,4.8409494,koningin Wilhelmina,artwork,,,,,,
52.3687021,4.9307148,,artwork,,,,,,
52.3622016,4.9220351,,artwork,,,,,,
52.3694161,4.9310473,,artwork,,,,,,
52.3622672,4.9222631,,artwork,,,,,,
52.3682027,4.9292261,,artwork,,,,,,
52.3690068,4.9304278,,artwork,,,,,,
52.3621918,4.9224643,,artwork,,,,,,
52.3691606,4.9314039,,artwork,,,,,,
52.3623191,4.9217247,,artwork,,,,,,
52.3728486,4.9338287,,artwork,,,,,,
52.3818574,4.9081416,,picnic_site,,,,,,two covered picnic tables
52.3812447,4.9135140,,artwork,,,,,,
52.3605329,4.9087289,Wibaut,artwork,,,,,,
52.3861603,4.8432111,Brettensuite 9 /20,artwork,,,,,,
52.3913473,4.8632647,Brettensuite 3 /20,artwork,,,,,,
52.3887173,4.8655458,Brettensuite 2 / 20,artwork,,,,,,
52.3564446,4.9145117,,artwork,,,,,,
52.3607486,4.9198477,Communicatie,artwork,,,,,,
52.3593358,4.9214801,De Titaantjes,artwork,,,,,,
52.3606281,4.9234572,Monument voor de Tachtigers,artwork,,,,,,
52.3771503,4.8914370,The Blue Sheep B&B,guest_house,,,,,,
52.3786758,4.8971651,Canal Cruise,attraction,,,,,,
52.3650770,4.8840860,Amsterdam Hop on Hop Off,attraction,,,,,,
52.3626068,4.9223161,Tropenmuseum Junior,museum,,,,,,
52.3842002,4.9023290,This is Holland,attraction,,,,,,
52.3436265,4.9477031,Muurschildering Johan Cruijff,artwork,memorial,,,,,"Metershoge muurschildering van Johan Cruijff, aan de zijkant van het appartementencomplex."
52.3747507,4.8801095,Mr Jordaan,hotel,,,,,,
52.3837970,4.9194270,,picnic_site,,,,,,
52.3600811,4.9209357,De Bokkenrijder,artwork,,,,,,
52.3600216,4.9201205,Bolgewas,artwork,,,,,,
52.3697012,4.9382443,,picnic_site,,,,,,
52.3691575,4.9366484,,picnic_site,,,,,,
52.3543240,4.8820036,Mieke Zilverberg,gallery,,,,,,
52.3481226,4.8896883,,picnic_site,,,,,,
52.3482013,4.8882935,,picnic_site,,,,,,
52.3445462,4.8790318,Flora,artwork,,,,,,
52.3482175,4.8868132,,picnic_site,,,,,,
52.3739617,4.8959920,Amsterdam Exchange Experience,museum,,,,,,
52.3724267,4.8945020,Hotel Doria,hotel,,,,,,
52.3725137,4.8962514,The Bulldog Energy Coffee Shop,yes,,cafe,,,,
52.3747307,4.8978239,Prostitutie Informatie Centrum,information,,,,,,"Information for tourists, customers and sex workers about prostitution in the red light district"
52.3749805,4.8992709,Hotel Vijaya,hotel,,,,,,
52.3723590,4.8975656,,hotel,,,,,,
52.3731644,4.8984327,Off the Wall,gallery,,,,,,
52.3736461,4.8989754,Red Light Secrets,museum,,,,,,
52.3735178,4.8988555,Kompakt meets Oz,gallery,,,,,,
52.3928021,4.8666839,Gebroken cirkel,artwork,,,,,,
52.3691775,4.8899695,Begijn,artwork,,,,,,
52.3694918,4.8900757,Heilig Hartbeeld,artwork,,,,christian,,statue of Sacred Heart of Jesus Christ
52.3485375,4.8880481,,picnic_site,,,,,,
52.3486195,4.8870852,,picnic_site,,,,,,
52.3543249,4.8628588,,artwork,,,,,,
52.3482037,4.8773852,Hampshire Hotel Beethoven,hotel,,,,,,
52.3622664,4.8640962,Hotel Heye 130,hotel,,,,,,
52.3640968,4.8852888,Pijpenkabinet,museum,,,,,,
52.3678915,4.8862169,Grachtenhuis,museum,,,,,,
52.3678418,4.8829317,Andaz Hotel,hotel,,,,,,
52.3691622,4.8923587,Ruiterstandbeeld van Koningin Wilhelmina,attraction,memorial,,,,,
52.3502224,4.8696155,,artwork,,,,,,
52.3435126,4.8843526,,picnic_site,,,,,,
52.3625021,4.8829751,Max Euwe,artwork,,,,,,bust and pawn on a pillar
52.3717476,4.8887935,Home - Mansard,guest_house,,,,,,
52.3431856,4.8910429,,artwork,,,,,,
52.3430708,4.8911582,,artwork,,,,,,
52.3932240,4.8855144,Hotel Pontsteiger,hotel,,,,,,
52.3653926,4.8975642,Toon,hotel,,restaurant,,,,
52.3635339,4.8805470,Canal Cruise,attraction,,,,,,
52.3710744,4.9040148,,viewpoint,,,,,,
52.3693370,4.8943120,,viewpoint,,,,,,
52.3749644,4.8976705,,hostel,,,,,,
52.3749537,4.8976561,,motel,,,,,,
52.3592343,4.8578722,,picnic_site,,,,,,
52.3619587,4.8580838,,picnic_site,,,,,,
52.3597177,4.8580680,,picnic_site,,,,,,
52.3952856,4.8969029,De Knoop,artwork,,,,,,"high steel structure, resembling a knot."
52.3686369,4.9374094,Maritime Metamorfoses,artwork,,,,,,
52.3860616,4.9448168,,artwork,,,,,,
52.3829609,4.9145637,De muur,artwork,,,,,,
52.3687904,4.8895315,Spui plein,attraction,,,,,,
52.3452410,4.9081271,,artwork,,,,,,
52.3443711,4.9084489,,artwork,,,,,,
52.3727721,4.8933218,Leeuw,artwork,,,,,,
52.3730448,4.8935069,Leeuw,artwork,,,,,,
52.3588750,4.8721034,Naaktfiguur,artwork,,,,,,
52.3560274,4.8655770,Kosmos,artwork,,,,,,
52.3698549,4.9069970,Motel One Waterlooplein,hotel,,,,,,
52.3890929,4.8875812,Baba Coffeeshop,yes,,cafe,,,,
52.3700561,4.9071202,Monet Garden Hotel,hotel,,,,,,
52.3447154,4.8814701,Zittende vrouwenfiguren,artwork,,fountain,,,,
52.3552850,4.9039869,,picnic_site,,,,,,
52.3553848,4.9039064,,picnic_site,,,,,,
52.3731722,4.8997906,TheMonkApartHotel.com,hotel,,,,,,
52.3769157,4.9394689,Piraeus,information,,,,,,
52.3795587,4.9180113,Zeeman op de uitkijk,artwork,,,,,,
52.3769320,4.9377075,Oostelijk Havengebied | KNSM-eiland,information,,,,,,
52.3907283,4.9331182,W.H. Vliegenbos,information,,,,,,
52.3848513,4.8749658,Drie figuren op straat,artwork,,,,,,Three people walking along the street. Large distance between the sculptures.
52.3853104,4.8750440,Drie figuren op straat,artwork,,,,,,Three people walking along the street. Large distance between the sculptures.
52.3855345,4.8750135,Drie figuren op straat,artwork,,,,,,Three people walking along the street. Large distance between the sculptures.
52.3898302,4.8743137,Amsterdamse School,information,,,,,,information about the architecture of Het Ship
52.3899677,4.8754857,Haan,artwork,,,,,,
52.3781325,4.8931040,De Poezenboot,yes,,animal_shelter,,,,
52.3653581,4.8554833,,artwork,memorial,,,,,
52.3576115,4.8632206,Teun de Jager,artwork,,,,,,
52.3837971,4.9022681,Over The Edge,attraction,,,,,,
52.3669700,4.8897695,Henri's Little Cheese Museum,museum,,,,,,
52.3755475,4.9000259,Majoor Bosshardt,artwork,memorial,bench,,,,
52.3783708,4.9000889,OV Informatie,information,,,,,,
52.3792818,4.9223911,Hotel Jakarta,hotel,,,,,,
52.3458464,4.9194345,Meininger Hotel Amsterdam Amstel,hotel,,,,,,
52.3882747,4.9175168,7 poorten,artwork,,,,,,
52.3773674,4.8971783,Park Plaza Victoria Amsterdam,hotel,,,,,,
52.3752787,4.8934781,Highland House,apartment,,,,,,
52.3736304,4.8857380,Hotel Galerij,hotel,,,,,,
52.3661117,4.9038557,,picnic_site,,,,,,
52.3776711,4.8854418,,artwork,,,,,,graffiti mural
52.3734671,4.8859942,La Belle Vue,hotel,,,,,,
52.3737314,4.8855471,Nadia Hotel,hotel,,,,,,
52.3741942,4.8845856,Homomonument,information,,,,,,
52.3663338,4.9008959,Blauwbrug,viewpoint,,,,,,
52.3579636,4.9358281,Het Been,artwork,,,,,,
52.3768828,4.8473717,,artwork,,,,,,
52.3721759,4.8433023,,artwork,,,,,,
52.3773046,4.8990559,Stromma,attraction,,,,,,
52.3776829,4.8995626,Rederij Kooij,attraction,,,,,,
52.3789395,4.8974418,Lovers Canal cruises/ Hop on Hop Off,attraction,,,,,,
52.3795581,4.8962393,,attraction,,,,,,
52.3742078,4.8760955,Man met vioolkist,artwork,,,,,,
52.3632976,4.8806678,Zagertje,artwork,,,,,,
52.3494444,4.8480002,Flores & Puck,guest_house,,,,,,
52.3905076,4.8912082,MVRDV,apartment,,,,,,
52.3897688,4.9431281,,picnic_site,,,,,,
52.3932897,4.9364870,,picnic_site,,,,,,
52.3902023,4.8424076,Park Inn,hotel,,,,,,
52.3628221,4.9410954,,artwork,,,,,,
52.3497146,4.9156570,Fata Morgana,artwork,,,,,,
52.3641682,4.8783902,Hampshire Hotel Theatre District,hotel,,,,,,
52.3691006,4.8897299,Houten Huis,attraction,,,,,,
52.3593173,4.8744933,,artwork,,,,,,
52.3709425,4.9010689,Levensboom,artwork,,,,,,
52.3704189,4.8649434,Ankh,artwork,,,,,,
52.3702985,4.8650087,Boegbeeld,artwork,,,,,,
52.3644498,4.8573103,Europa,artwork,,,,,,
52.3799914,4.8874779,Woutertje Pieterse & Femke,artwork,,,,,,
52.3686117,4.8702326,De Ratelaar,artwork,,,,,,
52.3761174,4.8538606,Orso,artwork,,,,,,
52.3769495,4.8998343,Stromma,attraction,,,,,,
52.3741094,4.8523452,Monument voor een verdronken stad,artwork,,,,,,
52.3435187,4.8830170,Pinguïns,artwork,,,,,,
52.3432031,4.8815034,Future past glory,artwork,,,,,,
52.3435669,4.8801221,Spelende hond,artwork,,,,,,
52.3471533,4.8865716,,artwork,,,,,,
52.3443108,4.8420313,,information,,,,,,Fuel prices
52.3925814,4.8628169,Kijkende figuur,artwork,,,,,,
52.3673075,4.9001617,Zonder titel,artwork,,,,,,
52.3934150,4.8768291,Appelmannetje,artwork,,,,,,
52.3688630,4.8899567,"Een vertaling, van de ene taal naar de andere",artwork,,,,,,
52.3791014,4.8775328,De Stam,artwork,,,,,,
52.3862837,4.8656273,Bolbewoners,artwork,,,,,,
52.3864375,4.8673224,I am at Home,artwork,,,,,,
52.3867682,4.8781049,Gold in your mind Gold in your feet,artwork,,,,,,
52.3583086,4.8529877,5 elementen,artwork,,,,,,
52.3583205,4.8533115,5 elementen,artwork,,,,,,
52.3585096,4.8532177,5 elementen,artwork,,,,,,
52.3538200,4.9117896,VolksHotel,hotel,,,,,,
52.3765083,4.8946805,CityCenter Bed and Breakfast,guest_house,,,,,,
52.3883507,4.8708070,Verloren stad,artwork,,,,,,
52.3886585,4.8652035,Brettensuite 4/20,artwork,,,,,,
52.3885123,4.8527469,Brettensuite 5/20,artwork,,,,,,
52.3865266,4.8476722,Brettensuite 8/20,artwork,,,,,,
52.3818008,4.8855980,Nail House,artwork,,,,,,
52.3583612,4.9462742,,information,,,,,,
52.3670973,4.8971411,Dancing Houses,viewpoint,,,,,,
52.3859591,4.9259561,The DJ Lounge,apartment,,,,,,
52.3467711,4.9381753,,artwork,,,,,,
52.3834543,4.9017815,,viewpoint,,,,,,
52.3738217,4.8973988,The red lights street,attraction,,,,,,
52.3468149,4.8976398,Two Frames (1992),artwork,,,,,,
52.3734073,4.8860925,Westertoren Hotel,hotel,,,,,,
52.3733924,4.8861442,Sharm Hotel,hotel,,,,,,
52.3733486,4.8862551,La Belle Vue,hotel,,,,,,
52.3735240,4.8859157,Hotel Clemens,hotel,,,,,,
52.3860080,4.8552538,Brettensuite 7/20,artwork,,,,,,
52.3572455,4.8553798,Conscious Hotel the tire station,hotel,,,,,,
52.3757112,4.9002409,,viewpoint,,,,,,Iconic Amsterdam canal houses photosight
52.3579461,4.8634035,,information,,,,,,
52.3752377,4.8879286,´t Hotel,hotel,,,,,,
52.3645305,4.9203924,Twee silhouetten,artwork,,,,,,
52.3799298,4.8779159,De Stam,artwork,,,,,,
52.3783694,4.8763924,De Stam,artwork,,,,,,
52.3843177,4.8750073,Abri en peperbus,artwork,,,,,,
52.3797667,4.8961476,,information,,,,,,
52.3730795,4.8904298,,information,,,,,,
52.3735014,4.8906638,,information,,,,,,
52.3794435,4.8956612,,information,,,,,,
52.3827475,4.8577833,Hotel Camp-Inn,hotel,,,,,,
52.3944939,4.8820018,BOAT&CO,hotel,,,,,,
52.3775421,4.8957283,,artwork,,,,,,
52.3705676,4.9127574,Zeeman,artwork,,,,,,
52.3850556,4.8828570,Jacob van Lennep,artwork,,,,,,
52.3916776,4.8719989,,artwork,,,,,,
52.3939922,4.9219251,Noorderklankpark,artwork,,,,,,
52.3920442,4.8782144,De Juwelen,artwork,,,,,,
52.3610802,4.9084740,,artwork,,,,,,
52.3606010,4.9078968,poorter,artwork,,,,,,
52.3666542,4.8848593,kruising Leidsegracht-Keizersgracht,viewpoint,,,,,,
52.3917341,4.9024392,YOTEL Amsterdam,hotel,,,,,,
52.3442967,4.9453826,,information,,,,,,
52.3782050,4.9089123,,attraction,,,,,,
52.3635569,4.8803631,Herman Heijermans,artwork,,,,,,
52.3741465,4.8516704,Beeld van brons en steen,artwork,,,,,,
52.3601669,4.8917905,Lumen Travo,gallery,,,,,,
52.3601561,4.8921034,Albada Jelgersma Gallery,gallery,,,,,,
52.3601634,4.8920137,AKINCI,gallery,,,,,,
52.3789335,4.8974548,Stromma Hop on Hop off,attraction,,,,,,
52.3655382,4.8478316,Rembo,artwork,,,,,,
52.3641395,4.8473813,Twee Hondjes,artwork,,,,,,
52.3642771,4.8474859,Twee Hondjes,artwork,,,,,,
52.3607164,4.8474601,Twee circels 45 graden gedraaid,artwork,,,,,,
52.3705173,4.8963120,Spinhuispoort,attraction,,,,,,
52.3721040,4.8931012,Two Immovable Heads,artwork,,fountain,,,,
52.3689970,4.8925464,Rederij Kooij,attraction,,,,,,
52.3827918,4.8749692,Poort,artwork,,,,,,
52.3642603,4.9058763,Fete galante,artwork,,,,,,
52.3632466,4.8497835,Vuurtoren met sinaasappels,artwork,,,,,,
52.3673940,4.8937395,Vrouwe Fortuna,artwork,,,,,,
52.3845406,4.8618217,WesterVilla,hotel,,,,,,
52.3794611,4.8863198,Jordaan Oproer,artwork,,,,,,
52.3797180,4.8546498,Pluk de Dag,artwork,,,,,,
52.3695841,4.8800704,Melrose,hotel,,,,,,
52.3874716,4.9138713,,artwork,,,,,,
52.3872632,4.8532298,Brettensuite 6/20,artwork,,,,,,
52.3857913,4.8651906,Brettensuite 1/20,artwork,,,,,,
52.3686560,4.8813999,Vaste klant,artwork,,,,,,
52.3701194,4.9090184,Sirene,artwork,,,,,,
52.3880656,4.9142881,Bunk Hotel,hotel,,,,,,
52.3763420,4.8874494,Embassy of the Free Mind,museum,,,,,,
52.3616372,4.8772961,Zevenlandenhuizen,artwork,,,,,,
52.3504372,4.8716706,,artwork,,,,,,
52.3483946,4.8724150,Apollo Offering,artwork,,,,,,
52.3738701,4.8759591,Nieuwe Naatje,artwork,,,,,,
52.3936402,4.8668946,Nieuwe Hemweg 1-7,information,,,,,,
52.3731880,4.9007834,Bredero,artwork,,,,,,
52.3927308,4.8684739,,artwork,,,,,,
52.3927190,4.8684951,,artwork,,,,,,
52.3934359,4.8648877,,information,,,,,,
52.3932908,4.8650235,,information,,,,,,
52.3918432,4.8630885,Gabriel,artwork,,,,,,
52.3915246,4.8631295,,information,,,,,,
52.3575044,4.8618556,Cascade,artwork,,,,,,
52.3916843,4.8619939,Michael,artwork,,,,,,
52.3660536,4.8761614,Beatrijs Smulders,artwork,,,,,,
52.3474056,4.8576281,,artwork,,,,,,
52.3438523,4.8554026,Olympische groet,artwork,,,,,,
52.3444187,4.8528579,Cruijff,artwork,,,,,,
52.3727753,4.8917099,Het appeltje van Provo,artwork,,,,,,
52.3864109,4.8669005,zonder titel,artwork,,,,,,
52.3729072,4.9341395,,information,,,,,,
52.3682710,4.8886027,Vrouw met stola,artwork,,,,,,
52.3675280,4.9091880,Sfinx,artwork,,,,,,
52.3675261,4.9091807,Sfinx,artwork,,,,,,
52.3657025,4.9036436,rat,artwork,,,,,,
52.3658020,4.9034499,tiger,artwork,,,,,,
52.3657501,4.9035606,,artwork,,,,,,
52.3818623,4.8874144,Getrapt vierkant,artwork,,,,,,
52.3819166,4.8873167,Getrapt vierkant,artwork,,,,,,
52.3618614,4.8889381,Walenweeskinderen,artwork,,,,,,
52.3848522,4.8902936,De Reus van Bickerseiland sinds 1647,artwork,,,,,,
52.3632725,4.9157597,Vogel op pylon,artwork,,,,,,
52.3883511,4.9021005,,artwork,,,,,,
52.3634788,4.8799923,Horizontale compositie,artwork,,,,,,
52.3669453,4.9036749,Voor water,artwork,,,,,,
52.3742892,4.8954955,Aanvallende stier,artwork,,,,,,
52.3803164,4.8944514,De aardige Amsterdammer,artwork,,,,,,
52.3878718,4.9009770,,artwork,,,,,,
52.3626645,4.8829522,Tranen,artwork,memorial,,,,,
52.3876835,4.8434322,Wiel,artwork,,,,,,
52.3692425,4.8799830,Jacob Frederik Muller,artwork,,,,,,
52.3731000,4.8928000,Normaal Amsterdams Peil,information,,,,,,
52.3918776,4.8646019,Raphael,artwork,,,,,,
52.3520956,4.9414176,Vrede,artwork,,,,,,
52.3574220,4.8691992,Vindhek,artwork,,lost_found,,,,
52.3753048,4.8649888,Palen-staketsel (1987/2002),artwork,,,,,,
52.3815276,4.8447738,Under Heaven 02,artwork,,,,,,
52.3676051,4.8534351,Wormenhotel,artwork,,,,,,
52.3804246,4.8646547,Muurschildering van Keith Haring,artwork,,,,,,
52.3754175,4.8519600,Leda en de zwaan,artwork,,,,,,
52.3744685,4.8553492,Het Westen,artwork,,,,,,
52.3745003,4.8556908,Het Noorden,artwork,,,,,,
52.3742368,4.8557939,Het Zuiden,artwork,,,,,,
52.3741983,4.8554196,Het Oosten,artwork,,,,,,
52.3668636,4.8705320,Vindhek,artwork,,lost_found,,,,
52.3745850,4.8558886,Moeder met kind,artwork,,,,,,
52.3745964,4.8559481,Vrouwelijk naakt,artwork,,,,,,
52.3743924,4.8545477,Tijger,artwork,,,,,,
52.3744050,4.8546617,IJsbeer,artwork,,,,,,
52.3748605,4.8643013,Jonas in de baardwalvis,artwork,,,,,,
52.3749310,4.8643417,Twee zeeleeuwen met bal,artwork,,,,,,
52.3753280,4.8648965,Loods en vijf hijskranen,artwork,,,,,,
52.3722135,4.8635690,Het Molecularium,artwork,,,,,,
52.3709470,4.8639729,,artwork,,,,,,
52.3756009,4.8648040,Vijf pakhuizen en lastdragers,artwork,,,,,,
52.3723197,4.8461979,Potkachel,artwork,,,,,,
52.3659738,4.8418275,Wormenhotel,artwork,,,,,,
52.3899596,4.9385813,Beeldenbos Noord,attraction,,,park,,,
52.3700271,4.8615876,Chassé Hotel,hotel,,,,,,
52.3867529,4.8752625,Conscious Hotel Westerpark,hotel,,,,,,
52.3717570,4.8715590,,artwork,,,,,,
52.3746179,4.8631305,Het Molecularium,artwork,,,,,,
52.3752054,4.8681126,Wormenhotel,artwork,,,,,,
52.3577764,4.8546650,Verladers,artwork,,,,,,
52.3577135,4.8548728,Overhaal,artwork,,,,,,
52.3694246,4.8513726,Damsko Strijder,artwork,,,,,,"Portret van burgemeester Eberhard van der Laan, met tekst: ""Zorg goed voor onze stad en voor elkaar."""
52.3741151,4.8547879,Wormenhotel,artwork,,,,,,
52.3475566,4.9285582,Kijker,artwork,,,,,,
52.3744397,4.9146912,,artwork,,,,,,
52.3502705,4.9441533,abstract,artwork,,,,,,
52.3533355,4.9418398,Twee Elementen,artwork,,,,,,
52.3540305,4.9394320,compositie,artwork,,,,,,
52.3803970,4.8622124,,viewpoint,,,,,,Een uitkijkpunt voor de Muurschildering van Keith Haring.
52.3821752,4.8789443,Tegenbeeld,artwork,,,,,,
52.3755014,4.8641284,Zeemonster,artwork,,,,,,
52.3811437,4.8592136,,artwork,,,,,,
52.3813491,4.8588504,,artwork,,,,,,
52.3848307,4.8594643,Leonardo da Vinci,artwork,,,,,,
52.3887340,4.8414595,Train Lodge Hostel,hostel,railway_car,,,,,
52.3667913,4.8991411,,hotel,,,,,,
52.3636162,4.8669475,Troost,artwork,,,,,,
52.3610599,4.8732661,Wormenhotel,artwork,,,,,,
52.3660776,4.8995135,Our House,museum,,,,,,
52.3501197,4.9443577,,information,,,,,,
52.3491860,4.9461051,,information,,,,,,
52.3485029,4.9468547,Meerpark,information,,,,,,
52.3495124,4.9452835,,information,,,,,,
52.3435319,4.8575071,Twenty Eight,hotel,,,,,,
52.3680209,4.8676653,waterdraagster,artwork,,,,,,
52.3660362,4.9123533,Hotel de Jonker,apartment,,,,,,
52.3900414,4.8761067,Wormenhotel,artwork,,,,,,
52.3660424,4.9134964,Groote Museum,museum,,,,,,
52.3502733,4.9440707,,artwork,,,,,,
