37.9859903,23.7209742,Stanley,hotel,,,,,,
37.9693753,23.7208104,Φυλακή του Σωκράτη,attraction,yes,,,,,
37.9689633,23.7226515,,picnic_site,,,,,,
37.9680964,23.7224066,,picnic_site,,,,,,
37.9675641,23.7220564,,viewpoint,,,,,,
37.9697061,23.7196103,Κιμώνεια μνήματα,attraction,tomb,,,,,"Σύμφωνα με την παράδοση τύμβος του ιστορικού Θουκυδίδη και τύμβος Κίμωνος (Ολυμπιονίκης και πατέρα του Μιλτιάδη). Σύμφωνα με εγχάρακτη επιγραφή του 3ου αι. μ.Χ που σώζεται στο άνω μέρος του ανοίγματος, ο τάφος άνηκε σε κάποιον Ζωσιμιανό."
37.9812943,23.7421334,,viewpoint,,,,,,
37.9848978,23.7244742,Best Western Pythagorion,hotel,,,,,,
37.9794861,23.7257344,Arion Hotel,hotel,,,,,,
37.9936932,23.7220850,Diethnes Hotel,hotel,,,,,,
37.9718724,23.7280700,,viewpoint,,,,,,
37.9701575,23.7321479,Zeus Temple,viewpoint,,,,,,
37.9723488,23.7225686,,viewpoint,,,,,,
37.9721620,23.7361670,,artwork,,,,,,
37.9700318,23.7393808,Ξυλοθραύστης,artwork,,,,,,
37.9775680,23.7219308,O&B Athens Boutique Hotel,hotel,,,,,,
37.9794980,23.7362220,YMCA,hostel,,,,,,
37.9750910,23.7195040,Phidias Hotel,hotel,,,,,,
37.9786903,23.7246728,Ψυρρή,attraction,,,,,,
37.9803449,23.7235657,Evripides Hotel,hotel,,,,,,
37.9782537,23.7150690,,artwork,,,,,,
37.9809718,23.7382583,,hotel,,,,,,
37.9810223,23.7371157,,museum,,,,,,
37.9764103,23.7316872,Athens Cypria Hotel,hotel,,,,,,
37.9817929,23.7279099,Θησέας,artwork,,,,,,
37.9754184,23.7323570,Athens Diamond Hotel,hotel,,,,,,
37.9753970,23.7325161,Athens Diamond Plus,hotel,,,,,,
37.9853861,23.7198667,Hotel Rio Athens,hotel,,,,,,
37.9812023,23.7271661,Πινδαρος,hotel,,,,,,
37.9860982,23.7223010,Hotel Katerina,hotel,,,,,,
37.9860296,23.7229119,Minoa Hotel,hotel,,,,,,
37.9857149,23.7227364,Novus City Hotel,hotel,,,,,,
37.9754973,23.7306596,Metropolis Hotel,hotel,,,,,,
37.9786484,23.7206047,Jason Inn,hotel,,,,,,
37.9751747,23.7318635,Amazon Hotel,hotel,,,,,,
37.9748464,23.7312181,Hotel Άθως,hotel,,,,,,
37.9912755,23.7332956,Radisson Blu Park Hotel,hotel,,,,,,
37.9887221,23.7421189,Frida,hotel,,,,,,
37.9891646,23.7203968,Candia Hotel,hotel,,,,,,
37.9674765,23.7271269,Φίλιππος,hotel,,,,,,
37.9705895,23.7301212,Amalthia's,food-drink-beauty_gallery,,,,,,
37.9851639,23.7199791,Apollo,hotel,,,,,,
37.9863675,23.7237423,Athens International Youth Hostel,hostel,,,,,,
37.9746372,23.7311391,Central Athens Hotel,hotel,,,,,,
37.9835077,23.7241026,Marina Hotel,hotel,,,,,,
37.9830119,23.7253912,Hotel Vienna,hotel,,,,,,
37.9817126,23.7245319,Sparta Team Hotel,hotel,,,,,,
37.9819766,23.7246220,SOHO Hotel,hotel,,,,,,
37.9826400,23.7250907,Chic,hotel,,,,,,
37.9838102,23.7377746,Athens Way,hotel,,,,,,
37.9873642,23.7283053,Hotel Solomou,hotel,,,,,,
37.9756392,23.7330117,Electra Hotel,hotel,,,,,,
37.9848099,23.7288358,Elikon,hotel,,,,,,
37.9850636,23.7289001,Hotel Alma,hotel,,,,,,
37.9855075,23.7295063,Polis Grand Hotel,hotel,,,,,,
37.9887690,23.7323306,Επιγραφικό μουσείο,museum,,,,,,"The Epigraphical museum exhibits 13536 inscriptions and is the biggest of its kind in the world. It displays collections of inscriptions from different historic periods of Greece, as well as some Latin and Jewish inscriptions."
37.9932478,23.7293916,Θησεύς σώζων την Ιπποδάμειαν,artwork,,,,,,
37.9769689,23.7318105,Αχιλλέας,hotel,,,,,,
37.9753513,23.7363656,Μνημείο Αγνώστου Στρατιώτου,attraction,memorial,,,,,Was created in 1930 in honour of the victims of war.
37.9816200,23.7355462,Αθηνά φέρουσα την Ακρόπολη,artwork,,,,,,
37.9821815,23.7274042,Περικλής,artwork,,,,,,
37.9762427,23.7497392,,artwork,,,,,,
37.9763098,23.7488934,Δελφοί,artwork,,,,,,
37.9801655,23.7339626,Aθηνά Προμάχος,artwork,,,,,,
37.9799639,23.7341357,Aπόλλων,artwork,,,,,,
37.9752081,23.7509329,Μνημείο Έλληνα Δασκάλου,artwork,,,,,,
37.9821174,23.7306666,Νίκη,artwork,,,,,,
37.9680634,23.7440716,Σύνθεση,artwork,,,,,,
37.9782480,23.7560335,Σήματα Δομών,artwork,,,,,,
37.9721889,23.7314341,Student and Travellers Inn,hostel,,,,,,
37.9817823,23.7289548,Ιδιωτική Συλλογή Έργων Τέχνης Εθνικής Τραπέζης,museum,,,,,,
37.9803037,23.7262938,Athens Center Square Hotel,hotel,,,,,,
37.9812207,23.7548553,Κλυταιμνήστρα,artwork,,,,,,
37.9863513,23.7276663,Breeze Boutique,hotel,,,,,,
37.9860043,23.7302180,MELIA ATHENS,hotel,,,,,,
37.9847929,23.7389369,Athens Quinta Hostel,hostel,,,,,,
37.9739944,23.7194578,Ερεχθείον,hotel,,,,,,
37.9752988,23.7331237,Αρετούσα,hotel,,,,,,
37.9751719,23.7325934,Pan,hotel,,,,,,
37.9697853,23.7313196,,information,,,,,,
37.9800243,23.7264275,Hotel ATHINAIKON,hotel,,,,,,
37.9869841,23.7192258,Delta Hotels,hotel,,,,,,
37.9710049,23.7189850,,viewpoint,,,,,,
37.9839037,23.7559878,Best Western Plus Embassy Hotel,hotel,,,,,,
37.9765932,23.7324181,Hotel Astor,hotel,,,,,,
37.9815842,23.7266274,Hotel Economy,hotel,,,,,,
37.9799848,23.7183551,Eridanus,hotel,,,,,,
37.9723019,23.7316615,Παιδικό Μουσείο Αθηνών,museum,,,,,,
37.9747256,23.7277788,Adrian,hotel,,,,,,
37.9677942,23.7323154,Royal Olympic,hotel,,,,,,
37.9795301,23.7236343,Λουκάνικος street art,artwork,,,,,,Inscriptions: «Τα δακρυγόνα μαζί τα φάγαμε» + «All Dogs Go to Heaven»
37.9760600,23.7427122,Περί Τεχνών Καρτέρης,gallery,,,,,,
37.9818906,23.7431912,Lycabettus,viewpoint,,,,,,
37.9778271,23.7353855,Νομισματικό Μουσείο,museum,,,,,,"The Numismatic Museum owns 500.000 acquisitions –mostly coins as well as medals, lead bullae, gems, weights, obeloi and talents- dated from the 14th century BC until today"
37.9887168,23.7204109,San Remo,hostel,,,,,,
37.9782437,23.7136290,Βιομηχανικό Μουσείο Φωταερίου,museum,,,,,,
37.9733731,23.7257842,Εκθεση Άνθρωποι και Εργαλεία,museum,,,,,,
37.9730822,23.7253180,,viewpoint,,,,,,
37.9687550,23.7184959,Επτάθρονο,attraction,ruins,,,,,
37.9792640,23.7266009,Cecil,hotel,,,,,,
37.9778713,23.7263130,Fivos Hotel,hotel,,,,,,
37.9770923,23.7364747,Zoumpoulakis Galleries,gallery,,,,,,
37.9781176,23.7401386,Evripides,gallery,,,,,,
37.9774823,23.7405405,Skoufa,gallery,,,,,,
37.9785330,23.7282565,,artwork,,,,,,
37.9762746,23.7412120,ΑΕΝΑΟΝ Αίθουσα Τέχνης,gallery,,,,,,
37.9784454,23.7306629,Parahernalio,artwork,,,,,,
37.9837194,23.7231814,Best Western My Athens Hotel,hotel,,,,,,
37.9843808,23.7257975,Diros Hotel,hotel,,,,,,
37.9861992,23.7343484,Exarchion Hotel,hotel,,,,,,
37.9890268,23.7283863,Μονάδα,artwork,,,,,,
37.9756573,23.7307356,Athens La Strada,hotel,,,,,,
37.9794224,23.7424800,St George Lycabettus Boutique Hotel,hotel,,,,,,
37.9801006,23.7232667,Boutique Apartments,guest_house,,,,,,
37.9771471,23.7236831,Pella Inn,hostel,,,,,,
37.9867422,23.7223202,cosmos,hotel,,,,,,
37.9828685,23.7256438,Dorian inn Hotel,hotel,,,,,,
37.9907450,23.7206779,Ariston,hotel,,,,,,
37.9839119,23.7247226,Επίδαυρος,guest_house,,,,,,
37.9749610,23.7195576,Μουσείο Ηρακλειδών (Παράρτημα),museum,,,,,,
37.9864887,23.7274605,Athens house,hostel,,,,,,
37.9865327,23.7222747,Hotel Cosmos,hotel,,,,,,
37.9760793,23.7258696,,information,,,,,,
37.9698978,23.7522367,Jimmy's Home,guest_house,,,,,,
37.9688323,23.7295677,,information,,,,,,
37.9777390,23.7155702,,artwork,,,,,,
37.9761579,23.7226323,,information,,,,,,
37.9762668,23.7356269,,information,,,,,,
37.9754754,23.7290535,Κων. Παλαιολόγος,artwork,,,,,,
37.9866182,23.7410226,Attiki Evans Hotel,hotel,,,,,,
37.9734496,23.7457087,,artwork,,,,,,
37.9735384,23.7458536,,artwork,,,,,,
37.9736969,23.7200816,,information,,,,,,
37.9720011,23.7207526,,information,,,,,,
37.9714996,23.7209088,,information,,,,,,
37.9730839,23.7331058,,attraction,,,,,,
37.9773292,23.7246490,Συν-Οικία Πιττάκη,attraction,,,,,,Chandelier street art.
37.9746548,23.7317181,Omiros,hotel,,,,,,
37.9744869,23.7471374,Σατωβριάνδος,artwork,,,,,,
37.9746604,23.7473562,,artwork,,,,,,
37.9746886,23.7499617,Χριστόφορος Νέζερ,artwork,,,,,,
37.9746016,23.7475405,Nicolae Titulescu,artwork,,,,,,
37.9732633,23.7444217,Δημήτρης Μητρόπουλος,artwork,,,,,,
37.9726984,23.7435965,Harry S. Truman,artwork,,,,,,
37.9721536,23.7425547,Άγγελος Σικελιανός,artwork,,,,,,
37.9715772,23.7379605,,artwork,,,,,,
37.9816267,23.7287762,ΑΡΧΑΙΟΛΟΓΙΚΟΣ ΧΩΡΟΣ ΠΛΑΤΕΙΑΣ ΔΗΜΛΡΧΕΙΟΥ (ΚΟΤΖΙΑ),information,,,,,,
37.9810684,23.7287146,ΠΕΡΙΟΧΉ ΑΧΑΡΝΙΚΉΣ ΠΎΛΗΣ ΤΗΣ ΟΧΎΡΩΣΗΣ ΤΩΝ ΑΘΗΝΏΝ,information,,,,,,
37.9747839,23.7506151,,artwork,,,,,,
37.9745177,23.7508356,Delice Family Apartments,hotel,,,,,,
37.9770323,23.7489841,,artwork,,,,,,
37.9769678,23.7543405,Χοσέ Μάρτι,artwork,,,,,,
37.9766139,23.7490661,Κωνσταντίνος Οικονόμος,artwork,,,,,,
37.9770605,23.7482121,Όλγα,artwork,,,,,,
37.9765985,23.7476652,,artwork,,,,,,
37.9751863,23.7321504,Electra Metropolis Hotel,hotel,,,,,,
37.9770692,23.7365378,,artwork,,,,,,
37.9750072,23.7268438,,information,,,,,,
37.9905997,23.7237610,Balasca Hotel,hotel,,,,,,
37.9936887,23.7219502,Diethnes,hotel,,,,,,
37.9753114,23.7194303,,artwork,,,,,,
37.9677702,23.7148029,,information,,,,,,
37.9685667,23.7148700,,artwork,,,,,,
37.9749196,23.7172696,Chameleon,hostel,,,,,,
37.9831112,23.7338224,,artwork,,,,,,
37.9856295,23.7369171,,artwork,,,,,,
37.9860469,23.7359163,Dedicated to the Poor and Homeless around the globe,artwork,,,,,,
37.9848516,23.7358326,,artwork,,,,,,
37.9847439,23.7354333,,artwork,,,,,,
37.9848574,23.7337720,,artwork,,,,,,
37.9836483,23.7345535,,artwork,,,,,,
37.9852863,23.7373352,,artwork,,,,,,
37.9856227,23.7366939,,artwork,,,,,,
37.9862774,23.7357551,,artwork,,,,,,
37.9851567,23.7346072,,artwork,,,,,,
37.9885993,23.7371435,,artwork,,,,,,
37.9882751,23.7362487,,artwork,,,,,,
37.9873579,23.7362516,,artwork,,,,,,
37.9850090,23.7389132,,artwork,,,,,,
37.9888049,23.7372808,,viewpoint,,,,,,
37.9884679,23.7360701,,artwork,,,,,,
37.9879387,23.7365275,,artwork,,,,,,
37.9867557,23.7367670,,artwork,,,,,,
37.9950560,23.7322900,,guest_house,,,,,,
37.9676261,23.7211713,Ηρώο του Μουσαίου,attraction,tomb,,,,,
37.9714075,23.7193798,Ιερό Διός Υψίστου,attraction,ruins,,,zeus_hypsistos,,Rock-cut sanctuary. 50 AD - 250 AD
37.9699551,23.7290777,Αγάλματα από τη Ρωμαϊκή Σκηνή του Θεάτρου του Διονύσου,attraction,archaeological_site,,,,,
37.9783279,23.7484015,,attraction,,,,,,
37.9753435,23.7223258,Emperor Hadrian (117 to 138 AD),artwork,memorial,,,,,
37.9801007,23.7555356,,artwork,,,,,,
37.9698955,23.7450271,,apartment,,,,,,
38.0012022,23.7541046,,viewpoint,,,,,,
37.9737743,23.7330357,Hotel Niki,hotel,,,,,,
37.9882180,23.7265361,,hotel,,,,,,
37.9889062,23.7209761,Graffiti: Knowledge speaks - Wisdom listens,artwork,,,,,,
37.9702506,23.7277422,Γλυπτά Αδριανού,artwork,,,,,,"γλυπτά εποχής Αδριανού τα οποία ενσωματώθηκαν στη ρωμαϊκή σκηνή και παριστάνουν, μεταξύ άλλων, Σάτυρο και Σιληνούς"
37.9933629,23.7072537,,artwork,,,,,,
37.9788935,23.7282823,,artwork,,,,,,
37.9797721,23.7135552,The House,hotel,,,,,,
37.9875778,23.7230839,Athens Lotus Hotel,hotel,,,,,,
37.9891119,23.7250774,,apartment,,,,,,
37.9949131,23.7308240,ΑΒΥΣΣΟΣ,aquarium,,,,,,
37.9771936,23.7512268,,motel,,,,,,
37.9744265,23.7332048,Malliott Xenofontos,hotel,,,,,,
37.9745368,23.7330061,Malliott Apartment,hotel,,,,,,
37.9699138,23.7191804,Αρχαίος Δήμος Κοίλης,information,,,,,,
37.9718760,23.7178081,,information,,,,,,
37.9718029,23.7187676,Μνημείο Πνύκας,information,,,,,,
37.9709517,23.7199433,Ανατολική Στοά,information,,,,,,
37.9708268,23.7175623,,information,,,,,,
37.9679518,23.7162043,"To ""Κοίλον"" του δήμου της Κοίλης",information,,,,,,
37.9707047,23.7191442,,information,,,,,,
37.9699901,23.7202526,Άγιος Δημήτριος Λουμπαρδιάρης - Διαμορφώσεις Δημήτρη Πικιώνη,information,,,,,,
37.9697249,23.7195862,,information,,,,,,
37.9799808,23.7230344,Believe in dreams,artwork,,,,,,
37.9708676,23.7213928,Περιοχή Στενωπού Κολλυτού,information,,,,,,
37.9774321,23.7314181,,artwork,,,,,,
37.9764770,23.7206335,,information,,,,,,
37.9771689,23.7317192,,artwork,,,,,,
37.9768965,23.7506349,,artwork,,,,,,
37.9769374,23.7178428,Bernier Eliades,gallery,,,,,,
37.9784443,23.7248433,,attraction,,,,,,
37.9695691,23.7400123,,information,,,,,,
37.9739726,23.7540978,,guest_house,,,,,,
37.9944547,23.7072931,Ψηφιακό Μουσείο της Ακαδημίας Πλάτωνος,museum,,,,,,
37.9870202,23.7270556,Λωζάνη,hostel,,,,,,
37.9881711,23.7381730,,viewpoint,,,,,,
37.9675514,23.7340297,Ιερό Πανός,information,,,,,,
37.9922439,23.7081671,,information,,,,,,
37.9809921,23.7242989,papa,hotel,,,,,,
37.9808562,23.7210721,,artwork,,,,,,
37.9752945,23.7164151,amjid shb,hotel,,,,,,
37.9722473,23.7233487,Άρειος Πάγος,information,,,,,,
37.9862791,23.7191489,,guest_house,,,,,,
37.9893617,23.7249649,,hotel,,,,,,
37.9846553,23.7199771,,museum,,,,,,
37.9790703,23.7212374,hoteli,hotel,,,,,,
37.9736502,23.7433527,,information,,,,,,
37.9743955,23.7437336,,information,,,,,,
37.9741016,23.7437832,,information,,,,,,
37.9739822,23.7436639,,information,,,,,,
37.9734544,23.7180753,Χιλιομετρικό Σημείο Μηδέν Αθήνας,attraction,,,,,,
37.9711184,23.7276316,Χορηγικό μνημείο Θρασσύλου,attraction,archaeological_site,,,,,Kατέρρευσε από κανονιοβολισμό το 1827. Στους χριστιανικούς χρόνους χρησιμοποιήθηκε ως εκκλησία της Παναγιάς της (Χρυσο)σπηλιώτισσας και διασώζονται στο εωτερικό μεταβυζαντινές αγιογραφίες στους τοίχους.
37.9763395,23.7211427,Θησέας,artwork,,,,,,
37.9955931,23.7302296,Hotel New Victory,hotel,,,,,,
37.9853441,23.7266428,Mansion Hotel,hostel,,,,,,
37.9780702,23.7238182,18 Micon str,hotel,,,,,,
37.9677166,23.7221496,,viewpoint,,,,,,
37.9807926,23.7433105,,viewpoint,,,,,,
37.9923591,23.7080592,,information,,,,,,
37.9849885,23.7202599,ZEUS Apartment,apartment,,,,,,
37.9752889,23.7231886,,artwork,memorial,,,,,
37.9752860,23.7230935,,artwork,memorial,,,,,
37.9752828,23.7229985,,artwork,memorial,,,,,
37.9752908,23.7232817,,artwork,memorial,,,,,
37.9774296,23.7391201,,artwork,,,,,,
37.9863716,23.7549054,,artwork,,,,,,
37.9830799,23.7253438,Gods Hands graffiti,artwork,,,,,,
37.9818734,23.7199734,,hostel,,,,,,
37.9773253,23.7204732,,artwork,,,,,,
37.9796611,23.7234833,Alibi Gallery,gallery,,,,,,
37.9771303,23.7255787,360 degrees hotel,hotel,,,,,,
37.9730378,23.7344392,#the_monument_of_the_unknown_artist,artwork,,,,,,
37.9757767,23.7282964,Plaka,hotel,,,,,,
37.9851913,23.7547731,,artwork,,,,,,
37.9869532,23.7433447,place for staying,apartment,,,,,,
37.9754905,23.7238957,,attraction,,,,,,
37.9750459,23.7240038,,attraction,,,,,,
37.9744358,23.7241202,,attraction,,,,,,
37.9744195,23.7224523,,attraction,,,,,,
37.9751546,23.7223154,,attraction,,,,,,
37.9751425,23.7225123,,attraction,altar,,,,,
37.9744157,23.7269330,,attraction,,,,,,
37.9699348,23.7283968,Πρόπυλο του Ιερού του Διονύσου,attraction,archaeological_site,,,,,
37.9700704,23.7277079,αρχαϊκός ναός Διονύσου,attraction,archaeological_site,,,,,
37.9702386,23.7269591,Χορηγικό μνημείο Νικία,attraction,,,,,,
37.9723514,23.7272985,επιγραφή Περίπατου,attraction,,,,,,
37.9723849,23.7258426,Μυκηναϊκή πηγή,attraction,,,,,,
37.9721940,23.7248993,Πηγή Κλεψύδρα,attraction,,,,,,
37.9710237,23.7260583,,attraction,,,,,,
37.9707431,23.7260453,Βυζαντινή κινστέρνα,attraction,archaeological_site,,,,,
37.9707507,23.7263986,Πρόπυλο,attraction,archaeological_site,,,,,
37.9711305,23.7255029,χαλκουργία,attraction,archaeological_site,,,,,
37.9709732,23.7260523,ιερό της Θέμιδος,attraction,,,,,,
37.9754052,23.7087878,,apartment,,,,,,
37.9697248,23.7314224,,attraction,,,,,,
37.9696667,23.7313941,,attraction,,,,,,
37.9696064,23.7309233,,attraction,,,,,,
37.9746108,23.7198617,,attraction,,,,,,
37.9831838,23.7279240,Athinas Street Inn,hotel,,,,,,
37.9919707,23.7285858,,apartment,,,,,,
37.9769640,23.7222980,,artwork,,,,,,
37.9770662,23.7223389,,artwork,,,,,,
37.9774305,23.7379432,Allouche-Benias Gallery,gallery,,,,,,
37.9926467,23.7307308,,hostel,,,,,,
37.9917662,23.7274860,,apartment,,,,,,
37.9688149,23.7239369,Acropolis View hotel,hotel,,,,,,
37.9678213,23.7424470,,museum,,,,,,
37.9740802,23.7431263,,information,,,,,,
37.9776884,23.7211584,,attraction,,,,,,
37.9754903,23.7256752,,information,,,,,,
37.9757103,23.7413669,,artwork,,,,,,
37.9843207,23.7458418,,viewpoint,,,,,,
37.9746073,23.7507500,Athens Point,apartment,,,,,,
37.9867637,23.7205383,APARTATHENS,apartment,,,,,,Rental apartments
37.9791972,23.7199431,Μουσείο Μακρονήσου,museum,,,,,,
37.9791613,23.7198519,Μουσείο Πολιτικών Εξορίστων Άη Στράτη,museum,,,,,,
37.9847149,23.7257615,Μουσείο Παξινού-Μινωτή,museum,,,,,,
37.9892723,23.7162843,,artwork,,,,,,
37.9826347,23.7239751,,artwork,,,,,,
37.9869736,23.7403110,Alter Athens,hotel,,,,,,
37.9936306,23.7274671,Louvre,gallery,,,,,,
37.9965970,23.7330262,Airbnb Pinipinou 23,apartment,,,,,,
37.9749136,23.7312248,Sweet home,hotel,,,,,,
37.9769348,23.7224306,Ancient Agora Apartments,apartment,,,,,,
37.9781262,23.7428606,Kaftayan Galleries,gallery,,,,,,
37.9767750,23.7369938,Γιώργος Σεφέρης,artwork,,,,,,
37.9745699,23.7303478,Kimon Athens Hotel,hotel,,,,,,
37.9758706,23.7318334,Elia Ermou,hotel,,,,,,
37.9881929,23.7209558,,apartment,,,,,,
37.9794429,23.7177553,,viewpoint,,,,,,
37.9866768,23.7200653,,apartment,,,,,,
37.9709036,23.7332400,Μέγας Αλέξανδρος,artwork,,,,,,
37.9835546,23.7413149,,apartment,,,,,,
37.9706403,23.7330024,,artwork,,,,,,
37.9818437,23.7245779,Athens Hawks,hostel,,,,,,
37.9786896,23.7229897,,artwork,,,,,,
37.9787346,23.7228032,,artwork,,,,,,
37.9787066,23.7227754,,artwork,,,,,,
37.9786557,23.7227827,,artwork,,,,,,
37.9786791,23.7227956,,artwork,,,,,,
37.9787787,23.7227595,,artwork,,,,,,
37.9785401,23.7233387,,artwork,,,,,,
37.9786501,23.7227497,,artwork,,,,,,
37.9789955,23.7225839,,artwork,,,,,,
37.9785198,23.7264978,,artwork,,,,,,
37.9770534,23.7248939,Lotus Inn,hotel,,,,,,
37.9768199,23.7227625,Μουσείο των ψευδαισθήσεων,museum,,,,,,
37.9797268,23.7108561,Noise of art,gallery,,,,,,
37.9698225,23.7474154,,artwork,,,,,,
37.9820707,23.7331236,iFocus,gallery,,,,,,γκαλερί φωτογραφίας
37.9893980,23.7210727,hotel jippie,hotel,,,,,,
37.9687202,23.7135495,,artwork,,,,,,
37.9748704,23.7282278,Yanis Liapakis Artwork,artwork,,,,,,
37.9880833,23.7227053,Snow White,artwork,,,,,,
37.9780318,23.7251140,14 reasons why,hotel,,,,,,
37.9780413,23.7251125,Pame,hotel,,,,,,
37.9702063,23.7316035,,apartment,,,,,,
37.9725208,23.7340645,Crafoord Place,hostel,,,,,,
37.9896643,23.7206537,,artwork,,,,,,
37.9852038,23.7202394,,artwork,,,,,,
37.9791184,23.7240182,,artwork,,,,,,
37.9786418,23.7228849,,artwork,,,,,,
37.9767262,23.7128175,,artwork,,,,,,
37.9785548,23.7235815,,artwork,,,,,,
37.9859005,23.7327995,,artwork,,,,,,
37.9719350,23.7236095,,information,,,,,,
37.9843263,23.7371792,Nubian Hostel,hostel,,,,,,
37.9852431,23.7277032,Cosmopolit,hotel,,,,,,
37.9780448,23.7041513,,hotel,,,,,,
37.9688683,23.7184883,Eptathronon,information,,,,,,
37.9677859,23.7210475,Λοφοσ Μουσων (Μνημείο Φιλοπάππου),information,,,,,,
37.9727385,23.7204594,Αφέσου να πέσεις,artwork,,,,,,
37.9790251,23.7115799,,artwork,,,,,,
37.9803438,23.7123159,,artwork,,,,,,
37.9791850,23.7116558,,artwork,,,,,,
37.9789923,23.7115054,,artwork,,,,,,
37.9790880,23.7115508,,artwork,,,,,,
37.9791410,23.7116362,,artwork,,,,,,
37.9806808,23.7166665,,artwork,,,,,,
37.9787901,23.7103615,,information,,,,,,
37.9869430,23.7275435,Tins Boutique Suites,hotel,,,,,,
37.9876277,23.7277278,Art Hotel Athens,hotel,,,,,,
37.9784074,23.7256448,Pallada Athens,hotel,,,,,,
37.9675299,23.7427886,,attraction,,,,,,
37.9752044,23.7225583,Αρχαία Αγορά,attraction,archaeological_site,,,,,
37.9711606,23.7101944,,artwork,,,,,,
37.9761692,23.7226593,Πρόσφατες ανασκαφές στη βόρεια πλευρά της αρχαίας αγοράς της Αθήνας,information,,,,,,
37.9856063,23.7287097,Αρτεμίσιον,hotel,,,,,,
37.9783436,23.7226213,Downtown lofts,hotel,,,,,,
37.9773936,23.7548245,Φρανσίσκο Ντε Μιράντα,artwork,,,,,,
37.9776716,23.7194918,,information,,,,,,
37.9720323,23.7261553,,information,,,,,,
37.9836154,23.7273098,Brown Acropol Athens,hotel,,,,,,
37.9847934,23.7355106,Helin Bölek - İbrahim Gökçek - Mustafa Koçak,artwork,,,,,,
37.9922283,23.7418360,Λόφος Φινοπούλου,attraction,,,,,,
37.9746429,23.7303920,Περίεργος Τοίχος Οδού Απόλλωνος 26,attraction,,,,,,
37.9800629,23.7149396,,artwork,,,,,,
37.9781877,23.7345923,Αθηναϊκή Λέσχη-Athens Club,attraction,,,,,,
37.9929523,23.7343004,Παλαιών Πατρών Γερμανός,artwork,,,,,,
37.9928660,23.7352451,Δ. Παπανικολής,artwork,,,,,,
37.9930988,23.7333585,Νότης Μπότσαρης,artwork,,,,,,
37.9930901,23.7345889,Δόμνα Βισβίζη,artwork,,,,,,
37.9928087,23.7353900,Δημ. Πλαπουτας,artwork,,,,,,
37.9929651,23.7341333,Λασκαρίνα Μπουμπουλίνα,artwork,,,,,,
37.9929829,23.7339913,Γρηγ. Δ. Παπαφλέσσας,artwork,,,,,,
37.9930672,23.7348262,Μάρκος Μπότσαρης,artwork,,,,,,
37.9928784,23.7351007,Μαντώ Μαυρογένους,artwork,,,,,,
37.9930252,23.7352601,Νικηταράς,artwork,,,,,,
37.9929062,23.7348110,Θεόδωρος Κολοκοτρώνης,artwork,,,,,,
37.9928921,23.7349548,Αθανάσιος Διάκος,artwork,,,,,,
37.9931250,23.7340148,Δημ. Υψηλάντης,artwork,,,,,,
37.9930536,23.7349706,Γεώργιος Καραϊσκάκης,artwork,,,,,,
37.9929416,23.7344202,Οδυσσέυς Ανδρούτσος,artwork,,,,,,
37.9930177,23.7354147,Εμμανουήλ Παπάς,artwork,,,,,,
37.9931076,23.7343153,Π. Μαυρομιχάλης,artwork,,,,,,
37.9931171,23.7341664,Κίτσος Τζαβέλλας,artwork,,,,,,
37.9930380,23.7351201,Ανδρέας Μιαούλης,artwork,,,,,,
37.9930042,23.7355397,Νικόλαος Κριεζώτης,artwork,,,,,,
37.9931002,23.7344578,Κωνσταντίνος Κανάρης,artwork,,,,,,
37.9780113,23.7230656,Central stay,hostel,,,,,,
37.9784264,23.7245811,Live in Athens,hostel,,,,,,
37.9714222,23.7234249,,information,,,,,,
38.0010650,23.7356377,Koraka,gallery,,,,,,
37.9746683,23.7279885,,information,,,,,,
37.9715882,23.7464523,,guest_house,,,,,,
37.9704792,23.7470208,,attraction,,,,,,
37.9724281,23.7433152,Μαχάτμα Γκάντι,artwork,,,,,,
37.9757767,23.7325701,,artwork,,,,,,
37.9788336,23.7219693,,artwork,,,,,,
37.9788279,23.7219179,,attraction,,,,,,
37.9768798,23.7299820,,apartment,,,,,,
37.9749901,23.7438863,,information,,,,,,
37.9749808,23.7438338,,information,,,,,,
37.9749859,23.7438623,,information,,,,,,
37.9693452,23.7379321,ΑΧΙΛΕΥΣ ΠΑΡΑΣΧΟΣ,artwork,,,,,,
37.9739308,23.7270349,Shaded view of a Roman agora,viewpoint,,,,,,
37.9811940,23.7268981,Psiri,hotel,,,,,,
37.9806332,23.7255450,,hotel,,,,,,
37.9723235,23.7278398,,viewpoint,,,,,,
37.9812529,23.7264686,Psiri,hotel,,,,,,
37.9796890,23.7297352,The Gem Society Boutique Hotel & Spa,hotel,,,,,,
37.9788051,23.7280053,Blend,hotel,,,,,,
37.9786158,23.7389181,ROMA GALLERY,gallery,,,,,,
37.9776201,23.7284085,Hotel Perianth,hotel,,,,,,
37.9746139,23.7248595,,information,,,,,,
37.9789179,23.7265690,NLH Monastiraki - Neighborhood Lifestyle Hotel,hotel,,,,,,
37.9687289,23.7229626,,picnic_site,,,,,,
37.9752143,23.7345538,,artwork,,,,,,
37.9752703,23.7352712,,information,,,,,,
37.9759469,23.7350942,,artwork,,,,,,
37.9756662,23.7353510,,information,,,,,,
37.9849890,23.7293856,ΜΙΝΙΟΝ,attraction,,,,,,
37.9964143,23.7349222,Αντιαεροπορικό Καταφύγιο,attraction,,,,,,
37.9725578,23.7321332,Κωνσταντίνος Τσάτσος,artwork,,,,,,
37.9725811,23.7321192,Ιωάννα Τσάτσου,artwork,,,,,,
37.9960973,23.7342383,Victory Inn Hotel,hotel,,,,,,
37.9753504,23.7471885,,artwork,,,,,,
37.9755096,23.7468739,,artwork,,,,,,
37.9767687,23.7298724,,artwork,,,,,,
37.9838729,23.7369940,When in Athens,hostel,,,,,,
37.9774372,23.7276664,,apartment,,,,,,
37.9811920,23.7288244,Συνάντηση Γ' 2003,artwork,,,,,,
37.9990385,23.7258894,Ιστορική Οικία Μιχαήλ Βόδα Σούτσου,attraction,,,,,,
37.9674809,23.7130465,Κρήνη Κοίλης,information,,,,,,
37.9689396,23.7202191,Λοφοσ Μουσων: Διατειχισμα - Διαμορφωσεισ & Ανδηρο Πικιωνι,information,,,,,,
37.9699135,23.7203102,Διατειχισμα,information,,,,,,
37.9677502,23.7326084,,apartment,,,,,,
37.9701941,23.7320795,Η Πυλη Το Αδριανου,information,,,,,,
37.9696828,23.7287383,Βορεια Και Νοτια Κλιτυσ Ακροπολεωϛ,information,,,,,,
37.9701408,23.7283567,Αρχαιοι Οδικοι Εξονεϛ - Ι.Ν. Αγιασ Παρασκευηϛ,information,,,,,,
37.9702665,23.7278903,Θεατρο Του Διονυσου Ελευθερεωϛ,information,,,,,,
37.9702357,23.7277761,Το Κοιλον Του Θεατρο Του Διονυσου,information,,,,,,
37.9707051,23.7265712,Το Ιερο Του Ασκλπιου,information,,,,,,
37.9701684,23.7276695,Θεατρο Του Διονυσου - Το σκηνικὁ οικοδὁμημα,information,,,,,,
37.9708576,23.7255822,Χαλκουργεια,information,,,,,,
37.9716981,23.7254766,"A. Τα Προπυλαια, B. Το Ιερο Τηϛ Αθηναϛ Υγιειαϛ Και Τηϛ Υγιειαϛ",information,,,,,,
37.9717585,23.7255602,Το Αγαλμα Τηϛ Αθηναϛ Προμαχου,information,,,,,,
37.9716339,23.7257073,"A. Το Ιερο Τηϛ Αρτεμιδοϛ Βραυρωνιαϛ Η, B. Χαλκοθηκη",information,,,,,,
37.9714416,23.7254738,Ο Ναοϛ Τηϛ Αθηναϛ Νικηϛ,information,,,,,,
37.9716778,23.7260577,Ο Παρθενων,information,,,,,,
37.9715507,23.7271870,Ο Παρθενων,information,,,,,,
37.9717409,23.7264209,Ο «Αρχαιοϛ Ναοϛ» Τηϛ Αθηναϛ,information,,,,,,
37.9719666,23.7266787,Το Ερεχθειον,information,,,,,,
37.9721691,23.7267162,Το Ερεχθειον,information,,,,,,
37.9716496,23.7273967,Ο Ναοϛ Τηϛ Ρωμεϛ Και Του Αυγουστου,information,,,,,,
37.9717563,23.7247948,Το Μνημειο Του Αγριππα,information,,,,,,
37.9716371,23.7245417,Η Δυτικη Πυλη Τηϛ Οχυρωσηϛ Του 3ου ΑΙ. Μ.Χ.,information,,,,,,
37.9713217,23.7244331,Ο Λοφοϛ Τηϛ Ακροποληϛ,information,,,,,,
37.9711894,23.7248137,Το Ωδειο Ηρωδου Αττικου,information,,,,,,
37.9708923,23.7281537,Η Παναγια Σπηλιωτισσα,information,,,,,,
37.9708896,23.7281448,Το Χορηγικο Μνημειο Του Θρασυλλου,information,,,,,,
37.9696267,23.7284013,Πανιδα,information,,,,,,
37.9696279,23.7284247,Βλαστηση - Χλωριδα,information,,,,,,
