47.2543306,-1.5284978,Brit'Hotel,hotel,,,,,,
47.2536866,-1.5285395,Stud'inn,hotel,,,,,,
47.2016172,-1.5776104,Butte Sainte-Anne,viewpoint,,,,,,
47.1996524,-1.5745548,Pointe Ouest de l'Île de Nantes,viewpoint,,,,,,
47.2060317,-1.5640668,Galerie des Machines de l’île,attraction,,,,,,
47.2061287,-1.5645343,Voyage en Éléphant,attraction,,,,,,
47.2157005,-1.5506199,Nantes Tourisme,information,,,,,,
47.2149798,-1.5569515,Hôtel Saint-Patrick,hotel,,,,,,
47.2148787,-1.5551266,Hôtel Rénova,hotel,,,,,,
47.2118347,-1.5617103,Le Fourcroy,hotel,,,,,,
47.2217074,-1.5486460,Hôtel Abat Jour,hotel,,,,,,
47.2212320,-1.5550956,Le Chateaubriand,hotel,,,,,,
47.2186910,-1.5566662,Hôtel Duquesne,hotel,,,,,,
47.2184856,-1.5560103,Hôtel Les Trois Marchands,hotel,,,,,,
47.2190496,-1.5604106,Hôtel ibis Nantes Centre Tour Bretagne,hotel,,,,,,
47.2149753,-1.5540582,Hôtel Saint-Daniel,hotel,,,,,,
47.2173074,-1.5566729,Le Petit Duquesne,hotel,,,,,,
47.2002688,-1.5738393,Frac des Pays de la Loire,gallery,,,,,,
47.1905995,-1.6525920,,viewpoint,,,,,,
47.2173755,-1.5459232,Hôtel Richebourg,hotel,,,,,,
47.2174305,-1.5474245,Hôtel du Château,hotel,,,,,,
47.2113137,-1.5609733,Árvoresens,hotel,,,,,,
47.2590180,-1.5008125,,information,,,,,,
47.2141792,-1.5568865,Mercure Nantes Centre Grand Hôtel,hotel,,,,,,
47.1621147,-1.6251932,,viewpoint,,,,,,
47.2577299,-1.5292927,Beaujoire Hôtel,hotel,,,,,,
47.2012101,-1.5805204,Pissenlit,information,,,,,,
47.2014761,-1.5804379,Pâquerette,information,,,,,,
47.2492581,-1.5202491,,information,,,,,,
47.2301768,-1.6343173,Formule 1,hotel,,,,,,
47.2461277,-1.5800694,,information,,,,,,
47.2598557,-1.5382623,,picnic_site,,,,,,
47.2597814,-1.5383761,,picnic_site,,,,,,
47.2646569,-1.5400045,,picnic_site,,,,,,
47.2647872,-1.5399316,,picnic_site,,,,,,
47.2020747,-1.5773111,Structures astronomiques,artwork,,,playground,,,
47.2027636,-1.5723991,Les Anneaux,artwork,,,,,,Œuvre réalisée dans le cadre de l'édition 2007 de la biennale d'art contemporain Estuaire.
47.2268870,-1.5188341,Doulon,information,,,,,,
47.2291531,-1.5406675,Pôle Commercial Saint-Donatien,information,,,,,,
47.1937181,-1.5858128,Le Pendule,artwork,,,,,,Œuvre réalisée dans le cadre de l'édition 2009 de la biennale d'art contemporain Estuaire.
47.2511439,-1.6071488,Ceci n’est pas une mappemonde !,artwork,,,,,,
47.2141072,-1.5602360,Hôtel Nantes Centre Passage Pommeraye,hotel,,,,,,
47.2366442,-1.6081337,,picnic_site,,,,,,
47.2367433,-1.6115327,,picnic_site,,,,,,
47.2376736,-1.6143912,,picnic_site,,,,,,
47.1887542,-1.5686379,sculpture pédagogique : Première Pierre,artwork,,,,,,
47.2485033,-1.5851808,Centre Culturel de la Gobinière,gallery,,,,,,
47.2216156,-1.5476531,Hôtel du Grand Monarque,hotel,,,,,,
47.2109738,-1.5620834,Musée de l'Imprimerie,museum,,,,,,
47.2135160,-1.5438219,Novotel Nantes Centre Cité des Congrès,hotel,,,,,,
47.2152340,-1.5467987,La tour LU a perdu sa jumelle,information,,,,,,Parcours « Sur les rempart »
47.1946346,-1.6174490,La Marmite,hotel,,restaurant,,,,
47.2217437,-1.5626254,Les Hauts-Pavés,information,,,,,,
47.2008771,-1.5810480,Grand Plantain,information,,,,,,
47.2169457,-1.5461466,Adagio,hotel,,,,,,
47.2548105,-1.5403283,,picnic_site,,,,,,
47.1922813,-1.6465998,,viewpoint,,,,,,
47.2356004,-1.5473207,,information,,,,,,
47.2022057,-1.5764271,Table d'orientation de la butte Sainte-Anne,information,,,,,,
47.2023354,-1.5762781,,viewpoint,,,,,,
47.2022607,-1.5764954,Statue de Jules Verne enfant,artwork,,,,,,
47.2021986,-1.5765049,Statue du capitaine Nemo,artwork,,,,,,
47.2198057,-1.5426011,La Baigneuse au Miroir,artwork,,,,,,
47.2190096,-1.5416315,La Moissonneuse,artwork,,,,,,
47.2165156,-1.5504411,Statue d'Anne de Bretagne,artwork,,,,,,
47.2175311,-1.5537916,Le Toucan à bec caréné,artwork,,,,,,
47.2142037,-1.5575100,Ibis Styles Nantes Centre Place Royale,hotel,,,,,,
47.2127266,-1.5464282,,information,,,,,,
47.2140422,-1.5463878,,information,,,,,,
47.2143780,-1.5377880,,picnic_site,,,,,,
47.2146095,-1.5375481,,information,,,,,,
47.2221246,-1.5467294,Relais info,information,,,,,,
47.2260543,-1.5291192,,information,,,,,,
47.2261735,-1.5223284,Doulon,information,,,,,,
47.2290044,-1.5405459,Relais info,information,,,,,,
47.2346346,-1.5353940,Relais info,information,,,,,,
47.2447976,-1.5333204,,information,,,,,,
47.2481769,-1.5855275,Parc Michel Baudry,attraction,,theatre,playground,,,
47.2328465,-1.5664221,,information,,,,,,
47.2333395,-1.5591396,,information,,,,,,
47.2351415,-1.5412773,Coudray Montbazon,information,,,,,,
47.2318008,-1.5350346,,information,,,,,,
47.2331916,-1.5472222,,picnic_site,,,,,,
47.2340085,-1.5478428,,picnic_site,,,,,,
47.2165604,-1.5495020,,picnic_site,,,,,,
47.2349709,-1.5029083,,information,,,,,,
47.2495683,-1.4865886,,information,,,,,,
47.2173058,-1.6443005,,information,,,,,,
47.1858613,-1.5968580,Le Cheviré,hotel,,,,,,
47.2158179,-1.5497989,Musée d'histoire de Nantes,museum,,,,,,
47.2059971,-1.5484193,Pôle Commercial,information,,,,,,
47.2607028,-1.4991035,,information,,,,,,
47.2429915,-1.5779097,Fontaine Wallace,artwork,yes,fountain,,,,
47.2174663,-1.5475347,L'Hôtel,hotel,,,,,,
47.2119887,-1.5644720,Voltaire Opéra,hotel,,,,,,
47.2617671,-1.5477625,,picnic_site,,,,,,
47.2181544,-1.5564028,L'Artichaut,gallery,,cafe,,,,"Galerie, coffee shop"
47.2141701,-1.5463842,Appart City Nantes Cité des Congrès,hotel,,,,,,
47.2285324,-1.6320277,Hôtel Atlantys,hotel,,,,,,
47.2343842,-1.5359389,,viewpoint,,,,,,
47.2150907,-1.5521733,Appart'City Confort Nantes Centre,hotel,,,,,,
47.1846684,-1.6558158,,viewpoint,,,,,,
47.1830314,-1.6541502,,viewpoint,,,,,,
47.2649028,-1.5354340,,picnic_site,,,,,,
47.2367975,-1.5582890,Statue,artwork,,,,,,Statue de saint Jean-Baptiste de La Salle entouré de deux éleves
47.2316557,-1.6114041,Hôtel-restaurant de La Marine,hotel,,restaurant,,,,
47.2007808,-1.5734094,HAB Galerie,gallery,,,,,,
47.2086112,-1.5386344,Résidétapes,guest_house,,,,,,
47.2620931,-1.4943338,Hôtel Campanile Nantes Est,hotel,,,,,,
47.2355208,-1.5359891,,picnic_site,,,,,,
47.2355139,-1.5358816,,picnic_site,,,,,,
47.2483577,-1.5511938,,information,,,,,,Panneau Ecole Centrale de Nantes
47.2154664,-1.5461970,Tour LU,attraction,,,,,,
47.2154849,-1.5457914,Le Lieu Unique,information,,,,,,
47.2007180,-1.5786298,Lunar Tree,artwork,,,,,,Œuvre réalisée dans le cadre de l'édition 2012 de la biennale d'art contemporain Estuaire.
47.2021743,-1.5779282,Arrivée des acadiens en Louisiane,artwork,,,,,,
47.2022629,-1.5778080,Départ des exilés acadiens pour la Nouvelle-Orléans,artwork,,,,,,
47.1872062,-1.4827721,Le Laurier Fleuri,hotel,,,,,,
47.1898627,-1.4897022,Galipy,theme_park,,,,,,
47.2413419,-1.5726773,Barberie,information,,,,,,
47.2050852,-1.5748490,Pôle Commercial Bisson Salorges,information,,,,,,
47.2530951,-1.5639330,Point d'accueil des candidats au permis de conduire,information,,,,,,
47.2427222,-1.5827193,"Breil-Malville, Beauséjour, Sainte-Thérèse, Gaudinière",information,,,,,,
47.2067222,-1.5950418,Pôle Commercial Hauts de Chantenay,information,,,,,,
47.2516208,-1.5672304,Boissisère,information,,,,,,
47.2536809,-1.5635121,Bourgeonnière,information,,,,,,
47.2062069,-1.5879831,,information,,,,,,
47.2065216,-1.5734462,Relais info,information,,,,,,
47.2539058,-1.5658800,Pôle Commercial La Boissière,information,,,,,,
47.2525183,-1.5536148,Bourgeonnière,information,,,,,,
47.2522948,-1.5536145,Relais info,information,,,,,,
47.2484022,-1.5770963,Relais info,information,,,,,,
47.2378138,-1.5859034,Relais infos,information,,,,,,
47.1703734,-1.5751541,,information,,,,,,
47.2067143,-1.5879304,,information,,,,,,
47.2546319,-1.5659389,,information,,,,,,
47.2189283,-1.5502123,Une première porte de ville au 3e siècle.,information,,,,,,Parcours thématique «Entre Château et Cathédrale» - Étape 7
47.2187205,-1.5498947,Entre la première et la dernière muraille de ville,information,,,,,,Parcours thématique «Entre Château et Cathédrale» - Étape 9
47.2189964,-1.5500547,La porte Saint-Pierre au 15e siècle,information,,,,,,Parcours thématique «Entre Château et Cathédrale» - Étape 8
47.2187236,-1.5505345,La porte Saint-Pierre et l'Évêché,information,,,,,,Parcours thématique «Entre Château et Cathédrale» - Étape 6 - Panneau double
47.2434188,-1.4616882,,picnic_site,,,,,,
47.1832659,-1.5302324,GRP Sèvre et Maine,information,,,,,,
47.1823480,-1.5273470,Vaches à Nantes,information,,,,,,
47.1818310,-1.5234506,Vaches de Nantes (highland cattle et nantaise),information,,,,,,
47.2030254,-1.5716747,Hangar 32,information,,,,,,L'exposition permanente du projet urbain de l'île de Nantes
47.2165333,-1.5518558,OKKO Hotels,hotel,,,,,,
47.2271109,-1.5525547,Point relais information,information,,,,,,
47.2253214,-1.5531911,Promenade de l'Erdre,information,,,,,,
47.2278140,-1.5516835,Nantes tour,information,,,,,,
47.1862543,-1.5276297,,information,,,,,,
47.1872149,-1.5335728,,picnic_site,,,,,,
47.2055227,-1.5684870,,viewpoint,,,,,,
47.2146204,-1.5509154,"Un arbre, la forêt…..",artwork,,,,,,
47.1886690,-1.5682658,Maison Radieuse - Le Corbusier,viewpoint,,,,,,
47.2176280,-1.5582541,,viewpoint,,,,,,
47.2182052,-1.5468448,Atelier Alain Le Bras,gallery,,,,,,
47.2070447,-1.5605555,The Zebra Crossing – Regulations and General Directions,attraction,,,,,,
47.2552296,-1.5896962,,picnic_site,,,,,,
47.1839266,-1.5628149,Maison du développement durable de Rezé,information,,,,,,"Lieu d'information sur le mode de vie développement durable : réduction des déchets, bio-diversité...."
47.2140349,-1.5629150,Hôtel Amiral,hotel,,,,,,
47.2187117,-1.5540589,Trois pales d'hélice,artwork,,,,,,
47.2123071,-1.5658435,Le Musée Dobrée,information,,,,,,Panneau hors parcours - panneau double
47.1601076,-1.5967975,B&B Hôtel,hotel,,,,,,
47.2208020,-1.5617779,B&B Hôtel,hotel,,,,,,
47.2331129,-1.6442025,B&B Hôtel,hotel,,,,,,
47.2603257,-1.5128801,Ils sont appuyés contre le ciel,information,,,,,,Panneau hors parcours
47.2602401,-1.5125229,Les Otages,information,,,,,,
47.2144944,-1.5583417,La Loire et ses Affluents,artwork,yes,fountain,,,,
47.2210291,-1.5570148,Halles de Talensac,information,,,,,,
47.2201853,-1.5445910,,information,,,,,,
47.2201936,-1.5445880,,information,,,,,,
47.2213018,-1.5433904,,artwork,,,,,,
47.2203570,-1.5448490,Salle Hectot,gallery,,,,,,
47.2189248,-1.5429010,Volière,attraction,,,,,,
47.2212697,-1.5429960,"Carte Simplifiée des Landes, Bois, Forêts, Marais et Dunes à la fin du XVIIIe siècle",information,,,,,,
47.1999667,-1.5847368,Moutons de Belle-Île,zoo,,,,,,
47.1993906,-1.5866356,Vierge à l'enfant,artwork,,,,,,
47.2056999,-1.6058393,Algues,artwork,,,,,,
47.2253848,-1.5828594,La Sculpture,artwork,,,,,,
47.2256465,-1.5827403,La Botanique,artwork,,,,,,
47.2257464,-1.5824017,La Forêt,artwork,,,,,,
47.2256116,-1.5820561,La Moisson,artwork,,,,,,
47.2241687,-1.5841095,L'Océan,artwork,,,,,,
47.2241928,-1.5840688,La Loire,artwork,,,,,,
47.2242132,-1.5840302,Le Lac de Grand Lieu,artwork,,,,,,
47.1969524,-1.5423895,L'Homme qui marche,artwork,,,,,,
47.2117971,-1.5260847,"Portail 0°-90°, Portail 8°-98°",artwork,,,,,,
47.2161344,-1.5464832,Nymphéa,artwork,,,,,,
47.2181414,-1.5435258,L'angle DRAC,artwork,,,,,,
47.2172131,-1.5481272,En regardant vers le sud,information,,,,,,
47.2172816,-1.5478443,En arrivant à Nantes au 17e siècle,information,,,,,,Parcours thématique «Entre Château et Cathédrale» - Étape 1 - Panneau double
47.2179481,-1.5492125,Quand la ville sort de ses remparts,information,,,,,,Parcours thématique «Entre Château et Cathédrale» - Étape 3 - Panneau double
47.2388618,-1.5181771,Enchanterie de la ligne 11,artwork,,,,,,
47.2388782,-1.5181546,Enchanterie de la ligne 11,information,,,,,,
47.2421289,-1.5457781,A la découverte du ruisseau des Sourdes,information,,,,,,
47.2354475,-1.5482167,Les chantiers navals du bord de l'Erdre,information,,,,,,Panneau hors parcours
47.2176097,-1.5546947,L'hôtel de ville ne s'est pas construit en un jour,information,,,,,,
47.2132627,-1.5589387,"Le passage Pommeraye, une galerie commerçante du 19e siècle",information,,,,,,Parcours général « Les incontournables » - Étape 11/15
47.2124876,-1.5592257,"La Fosse, l'envers du décor",information,,,,,,Parcours général « Les incontournables » - Étape 14 bis/15
47.2129576,-1.5618629,La place Graslin se met en scène,information,,,,,,Parcours général « Les incontournables » - Étape 13/15
47.2243936,-1.5536259,Versailles : l'île aux bateaux,information,,,,,,Panneau hors parcours
47.2202601,-1.5553010,"Les 50 Otages, une mémoire plurielle",information,,,,,,Panneau hors parcours
47.2247247,-1.5541121,,artwork,,fountain,,,,
47.2200084,-1.5448161,Un jardin pour tous,information,,,,,,Panneau hors parcours
47.2202736,-1.5607129,,artwork,,fountain,,,,
47.2029077,-1.5827179,Musée des Compagnons du Devoir,museum,,,,,,
47.2142512,-1.5589020,"La place Royale, une reconstruction à l'identique",information,,,,,,Parcours général « Les incontournables » – Étape 10/15
47.2142506,-1.5589047,,information,,,,,,
47.2131724,-1.5573068,"« Arrêt Commerce », un nœud de circulation des tramways",information,,,,,,Parcours général « Les incontournables » – Étape 8/15
47.2135554,-1.5548331,Les comblements du 20e siècle : la fin de la « Venise de l'Ouest »,information,,,,,,Parcours général « Les incontournables » – Étape 5/15
47.2154193,-1.5606630,"La nouvelle ville""se faufile""dans l'ancienne",information,,,,,,
47.2154186,-1.5606661,Quartier Calvaire,information,,,,,,
47.2149441,-1.5637574,Le long des « boulevards »,information,,,,,,
47.2187304,-1.5412992,La ménagerie,information,,,,,,
47.2205411,-1.5422855,Camélia,information,,,,,,
47.2209392,-1.5425830,Le pollinarium Sentinelle,information,,,,,,
47.2211911,-1.5430987,Les plantes carnivores,information,,,,,,
47.2207433,-1.5433399,Les damiers botaniques,information,,,,,,
47.2207708,-1.5434684,Des collections locales et mondiales,information,,,,,,Panneau hors parcours
47.2208420,-1.5435475,Les serres,information,,,,,,
47.2184246,-1.5419949,Jardin botanique et jardin « à l'anglaise »,information,,,,,,Panneau hors parcours
47.2145362,-1.5535157,"Nantes – Saint-Domingue, une histoire en commun",information,,,,,,Parcours thématique « Nantes et la traite négrière » – Étape 10
47.2167310,-1.5566820,Le cours : l'eau pour mémoire,information,,,,,,Panneau hors parcours
47.2167294,-1.5566826,"La tour Bretagne, un ""gratte-ciel"" en point de mire",information,,,,,,Panneau hors parcours
47.2167296,-1.5566807,"L'hôtel La Pérouse, ""né de la ville""",information,,,,,,Panneau hors parcours
47.2166729,-1.5578772,La porte Sauvetout : des vestiges du Moyen Âge,information,,,,,,Panneau hors parcours
47.2151748,-1.5580434,L'église Saint-Nicolas : une église avant-gardiste,information,,,,,,Parcours général « Les incontournables » - Étape 9/15
47.2290416,-1.5853765,affichage municipal,information,,,,,,
47.1989063,-1.5920490,,information,,,,,,
47.2044526,-1.5944141,,information,,,,,,
47.2183967,-1.5633462,Le temps du théâtre de la Renaissance,information,,,,,,Panneau hors parcours
47.2183975,-1.5633534,La renaissance du temple réformé,information,,,,,,Panneau hors parcours
47.2175904,-1.5626406,Un nouveau quartier résidentiel,information,,,,,,Panneau hors parcours
47.2175900,-1.5626412,Un palais pour la justice,information,,,,,,Panneau hors parcours
47.2123921,-1.5556265,« Ces Messieurs du commerce »,information,,,,,,Parcours thématique « Nantes et la traite négrière » – Étape 8
47.2129930,-1.5552956,La population noire à Nantes au 18e siècle,information,,,,,,Parcours thématique « Nantes et la traite négrière » – Étape 9
47.2124730,-1.5620911,Cambronne une promenade dans la ville haute,information,,,,,,Panneau hors parcours
47.2129461,-1.5648533,"Un palais pour les sciences, le Muséum d'histoire naturelle",information,,,,,,Panneau hors parcours
47.2098567,-1.5617613,"Nantes, ville de l'abolition ?",information,,,,,,Parcours thématique « Nantes et la traite négrière » – Étape 2
47.2098425,-1.5616766,"Les abolitions de l'esclavage, un combat difficile et inachevé",information,,,,,,Parcours thématique « Nantes et la traite négrière » – Étape 1
47.2101581,-1.5627258,Le Mémorial de l'abolition de l'esclavage,information,,,,,,Parcours thématique « Nantes et la traite négrière » – Étape 4
47.2101789,-1.5627515,"Lutter contre l'oubli, mettre en gare pour l'avenir. Une prise de conscience récente",information,,,,,,Parcours thématique « Nantes et la traite négrière » – Étape 3
47.2099976,-1.5644214,Les bénéficiaires de la traite négrière atlantique. Une famille d'armateurs et négociants : lesMontaudouin.,information,,,,,,Parcours thématique « Nantes et la traite négrière » – Étape 5
47.2109966,-1.5610648,"L'esclavage contemporain, un combat d'actualité",information,,,,,,Parcours thématique « Nantes et la traite négrière » – Étape 6
47.2112370,-1.5607272,"Nantes, premier port négrier de France",information,,,,,,Parcours thématique « Nantes et la traite négrière » – Étape 7
47.2112386,-1.5607288,Le « triangle ». L'Europe négrière.,information,,,,,,Parcours thématique « Nantes et la traite négrière » – Étape 7bis
47.2145329,-1.5535182,L'achat des captifs africains,information,,,,,,Parcours thématique « Nantes et la traite négrière » – Étape 10 bis
47.2170668,-1.5483419,Mythes et Histoire,information,,,,,,Parcours thématique « Nantes et la traite négrière » – Étape 11
47.2170509,-1.5490695,Du «Chastel de la Tour Neuve» au Château des ducs de Bretagne,information,,,,,,Parcours thématique «Entre Château et Cathédrale» - Étape n°2 - Du «Chastel de la Tour Neuve» au Château des ducs de Bretagne
47.2179484,-1.5509913,La cathédrale gothique : un chantier de plus de 4 siècles,information,,,,,,Parcours thématique «Entre Château et Cathédrale» - Étape 5
47.2178336,-1.5497967,Un «hôtel» urbain du 15e siècle,information,,,,,,Parcours thématique «Entre Château et Cathédrale» - Étape 4 - Panneau double
47.2185827,-1.5511660,"Ici, le 20 octobre 1941,",information,,,,,,Panneau hors parcours
47.2197418,-1.5504600,Ouvrir une promenade entre la Loire et l'Erdre,information,,,,,,Panneau hors parcours
47.2154932,-1.5452521,"Du ""Petit-Beurre"" au Lieu Unique",information,,,,,,Panneau hors parcours - Panneau de photos sans texte
47.2134309,-1.5445056,Du <<ventre>> de Nantes...aux expositions internationales,information,,,,,,Panneau hors parcours - Panneau double
47.2134255,-1.5445018,"Le Champ de Mars, du faubourg au quartier",information,,,,,,Panneau hors parcours - Panneau double
47.2154030,-1.5432871,Madeleine-Champ de Mars en 2007: un quartier renouvelé,information,,,,,,Panneau hors parcours - Panneau double
47.2219323,-1.5532614,L'Erdre détournée,information,,,,,,Panneau hors parcours - Panneau double
47.2209054,-1.5543470,"La Préfecture, une facade urbaine sur l'Erdre",information,,,,,,Panneau hors parcours
47.2219372,-1.5532618,Les bateaux de l'Erdre,information,,,,,,Panneau hors parcours - Panneau double
47.2228002,-1.5531462,"Saint-Mihiel, un pont voulu par les habitants",information,,,,,,Panneau hors parcours
47.2215785,-1.5516538,Des tables mémoriales pour nos morts,information,,,,,,Panneau hors parcours
47.2097375,-1.5686139,Notre-Dame : une église pour le port,information,,,,,,Panneau hors parcours
47.2188886,-1.5489230,La chapelle de l'Oratoire,information,,,,,,Panneau hors parcours
47.2066028,-1.5664304,La Cale des Ateliers et Chantiers de Bretagne,information,,,,,,Parcours thématique «Le site des Chantiers» - Étape 2
47.2059611,-1.5657871,Les Ateliers et Chantiers de Nantes,information,,,,,,Parcours thématique «Le site des Chantiers» - Étape 3
47.2063834,-1.5643499,Du canal au boulevard,information,,,,,,Parcours thématique «Le site des Chantiers» - Étape 1 bis
47.2063698,-1.5643358,Les nefs de la Loire : Du fer et des machines,information,,,,,,Parcours thématique «Le site des Chantiers» - Étape 1
47.1997138,-1.5743334,L'estuaire ou la Loire maritime,information,,,,,,Parcours thématique «Le site des Chantiers» - Étape 11 bis - Dessins
47.2051375,-1.5687591,La cale 3,information,,,,,,Parcours thématique «Le site des Chantiers» - Étape9 - Panneau de photos
47.2057941,-1.5665327,La cale couverte,information,,,,,,Parcours thématique «Le site des Chantiers» - Étape 4
47.2030276,-1.5721882,Le quai des Antilles: un quai d'armement,information,,,,,,Parcours thématique «Le site des Chantiers» - Étape 10
47.1994689,-1.5733343,Le site des Chantiers,information,,,,,,Parcours thématique «Le site des Chantiers» - Plan d'ensemble avec itinéraire
47.2064642,-1.5652888,Le site des Chantiers,information,,,,,,Parcours thématique «Le site des Chantiers» - Plan d'ensemble avec itinéraire
47.1993377,-1.5737295,Patrimoine portuaire: une grue et un quai,information,,,,,,Parcours thématique «Le site des Chantiers» - Étape 12
47.2056565,-1.5668548,"l'AP3 et la Grue Titan, de nouveaux outils de travail à l'ère de la préfabrication",information,,,,,,Parcours thématique «Le site des Chantiers» - Étape 6
47.1997095,-1.5743360,Le hangar à bananes,information,,,,,,Parcours thématique «Le site des Chantiers» - Étape 11
47.2157909,-1.5493813,Le duché de Bretagne,information,,,,,,Parcours « Dans la cour »
47.2158806,-1.5490818,Le Petit Gouvernement,information,,,,,,Parcours « Dans la cour »
47.2161294,-1.5489600,Un bâtiment militaire : le Harnachement,information,,,,,,Parcours « Dans la cour »
47.2165729,-1.5488610,Le rattachement du duché de Bretagne au royaume de France,information,,,,,,Parcours « Dans la cour »
47.2162843,-1.5498891,Protéger l'entrée du château,information,,,,,,Parcours « Dans la cour »
47.2156874,-1.5493213,Un château de la Loire ?,information,,,,,,Parcours « Sur les rempart »
47.2158063,-1.5490683,Le château des Ducs de Bretagne,information,,,,,,Parcours « Sur les rempart »
47.2158236,-1.5489925,Le Petit Gouvernement,information,,,,,,Parcours « Sur les rempart »
47.2159080,-1.5485506,,information,,,,,,Parcours « Sur les rempart »
47.2160488,-1.5486221,La tour de la Couronne d'Or,information,,,,,,Parcours « Sur les remparts »
47.2166035,-1.5484563,La tour de Bretagne,information,,,,,,Parcours « Sur les remparts »
47.2165937,-1.5484689,Le « Vieux Donjon »,information,,,,,,Parcours « Sur les remparts »
47.2165711,-1.5489279,Une ville et un château qui s'agrandissent,information,,,,,,Parcours « Sur les remparts »
47.2166433,-1.5491380,La première promenade publique des Nantais,information,,,,,,Parcours « Sur les remparts »
47.2163388,-1.5500274,La châtelet à deux tours,information,,,,,,Parcours « Sur les remparts »
47.2159496,-1.5500534,La tour des Jacobins,information,,,,,,Parcours « Sur les remparts »
47.2154678,-1.5497352,L'île Feydeay n'est plus une île,information,,,,,,Parcours « Sur les remparts »
47.2438204,-1.4955477,Les Gohards,information,,,,,,
47.2475515,-1.4914329,,information,,,,,,
47.2163622,-1.5479690,La plus grosse tour du château,information,,,,,,Parcours « Dans les douves »
47.2169398,-1.5493132,De nouveaux éléments défensifs au 16e siècle,information,,,,,,Parcours « Dans les douves »
47.2167893,-1.5500461,L'explosion de la tour des Espagnols en 1800,information,,,,,,Parcours « Dans les douves »
47.2159141,-1.5504852,Une tour à canons du 15e siècle,information,,,,,,Parcours « Dans les douves »
47.2154869,-1.5501413,Une forteresse du 15e siècle,information,,,,,,Parcours « Dans les douves »
47.2154983,-1.5492908,La courtine deLoire,information,,,,,,Parcours « Dans les douves »
47.2153642,-1.5501569,Explorez le château des ducs de Bretagne,information,,,,,,
47.1901107,-1.5473875,Pont-Rousseau le véritable coeur de Rezé,information,,,,,,
47.1857656,-1.5497165,,information,,,,,,
47.1856566,-1.5532992,Le patrimoine de la ville de Rezé,information,,,,,,
47.1856504,-1.5541345,,artwork,,,,,,
47.2198457,-1.5456095,"Le Lycée Clemenceau, «Le Grand Lycée»",information,,,,,,Panneau hors parcours
47.2168592,-1.5550095,Une rue héritée du Moyen Âge,information,,,,,,Panneau hors parcours
47.2175949,-1.5415995,Consigne bagages,information,,,,,,
47.2173612,-1.5422484,,information,,,,,,
47.2175283,-1.5417057,,information,,,,,,
47.2175245,-1.5423946,,information,,,,,,
47.2175756,-1.5417251,,information,,,,,,
47.2164582,-1.5414165,,information,,,,,,
47.2164717,-1.5414080,,information,,,,,,
47.2164908,-1.5413440,,information,,,,,,
47.1825248,-1.5721671,Promenade de l'Ilette et de la Jaguère,information,,,,,,
47.1821322,-1.5720915,,information,,,,,,
47.1941259,-1.5316382,salle jolio Curie a été démolie,information,,,,,,
47.1569362,-1.5971048,,information,,,,,,
47.2078204,-1.5598499,Le jardin de l'évolution,information,,,,,,
47.2078253,-1.5598510,Une visite commentée du jardin,information,,,,,,
47.2078084,-1.5598472,La station météoorologique du jardin de l'île Mabon,information,,,,,,
47.2078023,-1.5598458,Les oiseaux du jardin,information,,,,,,
47.2077965,-1.5598445,Les insectes du jardin,information,,,,,,
47.2076736,-1.5595490,"Relevé n°12 du 04 juin 2004 (R12 040604), pré-pelouse à thérophytes",information,,,,,,
47.2075995,-1.5595708,"Relevé n°11 du 16 avril 2004 (R11 160404), fourrés à buddleia",information,,,,,,
47.2074388,-1.5595590,"Relevé n°7 du 16 avril 2004 (R7 160404), fourrés à buddleia",information,,,,,,
47.2073906,-1.5595422,"Relevé n°3 du 23 mars 2004 (R3 230304), pré-pelouse à thérophytes",information,,,,,,
47.2077516,-1.5598344,Le plan du jardin,information,,,,,,
47.2077477,-1.5598335,Relevé de la strate arborée du jardin effectué de mars à juillet 2004,information,,,,,,
47.2077396,-1.5598317,Relevé de la strate arbustive et grimpante du jardin effectué de mars à juillet 2004,information,,,,,,
47.2077353,-1.5598307,"Relevé de la strate herbacée et muscinale du jardin, effectué de mars à juillet 2004",information,,,,,,
47.2077315,-1.5598298,"Relevé de la strate herbacée et muscinale du jardin, effectué de mars à juillet 2004",information,,,,,,
47.2074669,-1.5597701,Herbier prélevé sur le site en avril et juillet 2004,information,,,,,,
47.2074706,-1.5597709,"Herbier prélevé sur le site en juin, juillet 2004 et mars 2005",information,,,,,,
47.2074741,-1.5597717,Herbier prélevé sur le site en juin 2004 et mars 2005,information,,,,,,
47.2074774,-1.5597725,Herbier prélevé sur le site en juin 2004,information,,,,,,
47.2074813,-1.5597734,Herbier prélevé sur le site en avril et juin 2004,information,,,,,,
47.2074574,-1.5597679,Comment fabriquer un herbier,information,,,,,,
47.2074534,-1.5597670,Le passager de l'état des lieux au projet,information,,,,,,
47.2074496,-1.5597661,Les transformationsdu jardin,information,,,,,,
47.2073299,-1.5597381,Buddleja davidii,information,,,,,,
47.2073276,-1.5597376,Populus x euramericana,information,,,,,,
47.2073177,-1.5596243,"Relevé n°1 du 23 mars 2004 (R1 230304), fourrés à buddleia",information,,,,,,
47.2223331,-1.5653304,Le cimetière de Miséricorde,information,,,,,,Panneau hors parcours
47.2169850,-1.5575365,"L'armement évolue, l'architecture militaire s'adapte",information,,,,,,Panneau hors parcours
47.2169800,-1.5575608,La tour du Haut-Pas et son mur de courtine,information,,,,,,Panneau hors parcours
47.2169751,-1.5575851,"Sauvetout, la porte aux quatre tours",information,,,,,,Panneau hors parcours
47.2170418,-1.5491220,Un château fort,information,,,,,,Parcours général « Les incontournables » - Étape 3/15
47.2156020,-1.5545106,L'Esprit Decré,information,,,,,,"""L'esprit Decré"" | Institution nantaise depuis 1867, les magasins Decré sont à la fois une aventure familiale sur cinq générations et un temple du commerce qui donne son nom à tout un quartier. À partir de 1948, l'architecte Charles Friésé [...]"
47.2155995,-1.5545089,Les Grands Magasins Decré : Une architecture de lumière pour enseigne,information,,,,,,Panneau hors parcours
47.2636453,-1.5799478,,information,,,,,,
47.2619284,-1.5744132,,information,,,,,,
47.2616633,-1.5740991,,artwork,,,,,,Fresque 4/6 de la création partagée « Attrape moi si tu veux »
47.2611797,-1.5733192,,artwork,,,,,,Fresque 5/6 de la création partagée « Attrape moi si tu veux »
47.2591032,-1.5683661,,artwork,,,,,,Fresque 3/6 de la création partagée « Attrape moi si tu veux »
47.2592715,-1.5670415,La fontaine de l'étoile,information,,,,,,
47.2562466,-1.5659879,Promenade des Renards,information,,,,,,
47.1770255,-1.5214960,,information,,,,,,
47.1771974,-1.5212198,Premenade de l'Ilette et de la Jaguère,information,,,,,,
47.1767093,-1.5216725,L'ancienne tannerie,information,,,,,,
47.1955532,-1.5417994,1913 2013,information,,,,,,
47.1922115,-1.5388283,Les platanes de la Sèvre,information,,,,,,
47.1827610,-1.5330183,Les arbres du parc,information,,,,,,
47.1827296,-1.5330633,Parc de la Morinière,information,,,,,,
47.1831106,-1.5331731,,information,,,,,,
47.1878496,-1.5372844,,information,,,,,,
47.1916596,-1.5437012,,information,,,,,,
47.1916800,-1.5438852,Promenade de l'Ilette et de la Jaguère,information,,,,,,
47.1917580,-1.5439211,Promenade de Trentemoult,information,,,,,,
47.1934917,-1.5428047,,information,,,,,,
47.1934272,-1.5428798,L'angélique des estuaires,information,,,,,,
47.1943263,-1.5439705,GR de pays® Sèvre et Maine,information,,,,,,
47.2109469,-1.5611294,Le quai de la Fosse,information,,,,,,Parcours général « Les incontournables » – Étape 15/15
47.2158734,-1.5591737,"Nantes, des bombardements meurtriers",information,,,,,,Panneau hors circuit
47.2125513,-1.5543276,L'île Feydeau : un «vaisseau de pierre»,information,,,,,,Parcours général « Les incontournables » – Étape 6/15
47.2124880,-1.5592284,"La bourse, le poumon du négoce",information,,,,,,Parcours général « Les incontournables » - Étape 14/15
47.2097807,-1.5400668,Quartier du Tripode - Principe de fonctionnement des bassins,information,,,,,,
47.2088425,-1.5310803,,information,,,,,,
47.2104382,-1.5273169,Résidence Chronos,information,,,,,,
47.2108382,-1.5245792,À la mémoire d'un fleuve,artwork,,,,,,
47.1946458,-1.6124873,Chantenay entreprises,information,,,,,,
47.1942143,-1.6178319,,information,,,,,,
47.2074890,-1.6284770,,information,,,,,,
47.2451327,-1.5357644,Résidence Les Magnolias,hostel,,,,,,
47.2100025,-1.5248658,Mur d'esquisses,artwork,,,,,,
47.2049246,-1.5238306,Le cycle pluriannuel de l'angélique,information,,,,,,
47.2049712,-1.5236832,"L'angélique des estuaires, où la trouve-t'on ?",information,,,,,,
47.2049325,-1.5238024,"L'angélique des estuaires, comment la reconnaître ?",information,,,,,,
47.2049775,-1.5236566,"L'angélique des estuaires, un espèce endémique française protégée…",information,,,,,,
47.2051029,-1.5230226,,information,,,,,,
47.2063633,-1.5203790,La Baugerie,information,,,,,,
47.2081936,-1.5150959,Les îles,information,,,,,,
47.2081225,-1.5150899,,information,,,,,,
47.2088906,-1.5153016,,information,,,,,,
47.2089481,-1.5164687,Piste de bi-cross,information,,,,,,
47.2089897,-1.5168217,Les oiseaux,information,,,,,,
47.2099467,-1.5163142,Les Frênes Tétards,information,,,,,,
47.2104367,-1.5123751,La boussole,information,,,,,,
47.2100927,-1.5111674,,artwork,,,,,,
47.2106802,-1.5074456,Circuits permanents d'orientation | Îles Forget et Pinette,information,,,,,,
47.2117742,-1.4958718,Circuits permanents d'orientation,information,,,,,,
47.2117119,-1.4957403,,information,,,,,,
47.2115716,-1.4933982,Environnement | La renouée du Japon,information,,,,,,
47.2110727,-1.4954095,La Savarière,information,,,,,,
47.2104393,-1.5021952,La grève,information,,,,,,
47.2082266,-1.5133052,Le sentier des six pélerins,information,,,,,,
47.2031398,-1.5234612,Le Petit Portail,information,,,,,,
47.2179075,-1.5692932,,information,,,,,,
47.2179574,-1.5692648,Boulevard Gabriel Guist'hau (1863-1931),information,,,,,,
47.1969336,-1.5553990,Les poissons de la Loire,information,,,,,,
47.1966331,-1.5530507,Les berges de la Loire,information,,,,,,
47.1966850,-1.5522899,Haute-Île,information,,,,,,
47.1951503,-1.5473145,,information,,,,,,
47.2231368,-1.5636585,Fontaine Morgane,information,,,,,,
47.2296257,-1.5106510,Pierre méditative,artwork,,,,,,
47.2293439,-1.5073603,La Colline de Sunchéon,information,,,,,,
47.1894067,-1.5512437,Le patrimoine de la ville de Rezé,information,,,,,,
47.1895082,-1.5512121,,artwork,,,,,,
47.1891469,-1.5505968,Hôtel du Cheval Blanc,hotel,,,,,,"Hôtel, salles de réunion, bar, parking"
47.1885761,-1.5477122,Bonneteries et filatures à Rezé,information,,,,,,
47.1887535,-1.5477339,Bonneteries et filatures à Rezé sous la Troisième République,information,,,,,,
47.1889266,-1.5474148,Le dictionnaire de la filature,information,,,,,,
47.1639976,-1.5416934,Ragon,information,,,,,,
47.2178008,-1.5437453,Hôtel Terminus,hotel,,,,,,
47.2177698,-1.5438972,Hôtel Astoria,hotel,,,,,,
47.2177457,-1.5439670,Hôtel de la Gare,hotel,,,,,,
47.2176797,-1.5443569,Hôtel ibis Styles Nantes Centre Gare,hotel,,,,,,
47.2164313,-1.5504279,Un château breton,information,,,,,,Parcours général « Les incontournables » - Étape 1/15
47.2284458,-1.5532164,Une arche de métal sur l'Erdre,information,,,,,,Panneau hors parcours
47.1633337,-1.4818401,,information,,,,,,
47.1616131,-1.4786497,,information,,,,,,
47.1582468,-1.4729391,,information,,,,,,
47.1540232,-1.4690150,,information,,,,,,
47.1728562,-1.5228578,,viewpoint,,,,,,
47.2172946,-1.5464957,Inter-Hôtel Novella,hotel,,,,,,
47.2172436,-1.5463133,Cardinal Hôtel,hotel,,,,,,
47.2214292,-1.5403682,L'îlot poétique,information,,,,,,
47.2212752,-1.5397017,La tombe Poulain,artwork,,,,,,"Tombe d'Yvette Poulain et de ses parents.La bâche qui la recouvre est imprimée avec l'un de ses ""croquages"" sans concession."
47.2212830,-1.5397110,La tombe Yvette Poulain,information,,,,,,
47.2215640,-1.5391464,La tombe ciel,artwork,,,,,,"Réalisation collaborative née de la rencontre d'une créatrice, d'un artiste peintre et des propriétaires de la concession au travers leur participation à l'association Big bang Mémorial."
47.2215689,-1.5391512,La tombe ciel,information,,,,,,
47.2213977,-1.5396400,La tombe fruitière,artwork,,,,,,La tombe fruitière est une œuvre gourmande (deux seins recouverts de fraises) qui évoque la propriétaire (pâtissière) de la concession.
47.2214055,-1.5396500,La tombe fruitière,information,,,,,,
47.2210375,-1.5412050,La tombe potagère,information,,,,,,
47.2210275,-1.5412050,La tombe potagère,artwork,,,,,,"Tombe potagère réalisée sur la concession de l'artiste plasticienne Gaëlle Le Guillou. Crée en 2015 avec la participation de la ville de Nantes et d'habitants elle est construite sur le mode dit ""en lasagne""."
47.2214510,-1.5403331,Îlot poétique,artwork,,,,,,"L'Îlot Poétique est une œuvre vivante, mêlant art funéraire en céramique, mémoire et nature. Cette création est amenée à évoluer au fil du temps notamment lors de chantiers participatifs où les habitants effectueront des plantations."
47.2198610,-1.5369201,La petite fille,artwork,,,,,,
47.2197453,-1.5368175,Une crèche dans l'usine,information,,,,,,
47.2196838,-1.5353959,Les compagnons de travail,artwork,,,,,,
47.2196797,-1.5366677,Bureau syndical,artwork,,,,,,"Reproduction sur toile de photographies d'archives de 1927, encadrement bois"
47.2200893,-1.5355428,La Cigarière,artwork,,,,,,
47.2197673,-1.5352596,Une fabrique de cigarettes et de cigares,information,,,,,,
47.2198246,-1.5365853,,artwork,,,,,,"Reproduction sur toile de photographies d'archives de 1927, encadrement bois"
47.2199464,-1.5359919,,information,,,,,,
47.2199740,-1.5357807,,artwork,,,,,,"Reproduction sur toile de photographies d'archives de 1927, encadrement bois"
47.2200042,-1.5354678,Quand l'usine s'ouvre sur le quartier,information,,,,,,
47.2122643,-1.5381114,Residhome Apparthotel Berges de la Loire,hotel,,,,,,
47.2352946,-1.5361192,,picnic_site,,,,,,
47.2353174,-1.5361742,,picnic_site,,,,,,
47.2191799,-1.5363799,De la manufacture des Tabacs à la La Manu,information,,,,,,
47.2431056,-1.6117146,,picnic_site,,,,,,
47.2431506,-1.6116697,,picnic_site,,,,,,
47.2438105,-1.6105546,,picnic_site,,,,,,
47.2438597,-1.6105171,,picnic_site,,,,,,
47.2476542,-1.6200177,Hôtel Ibis Budget,hotel,,,,,,
47.2139746,-1.5620345,,artwork,,,,,,
47.2139508,-1.5620339,,artwork,,,,,,
47.2141279,-1.5618763,,information,,,,,,
47.2178493,-1.5415684,La Loire et ses affluents,artwork,,,,,,
47.2193181,-1.5364440,Le quai des marchandises,information,,,,,,
47.2198371,-1.5364545,La cheminée et la chaudière,information,,,,,,
47.1984284,-1.5100508,Clairfonds,information,,,,,,
47.2219617,-1.6262036,,information,,,,,,
47.2212461,-1.6269555,Plan d'Atlantis,information,,,,,,
47.2209136,-1.6284326,,artwork,,,,,,
47.2207465,-1.6279160,,information,,,,,,
47.2207771,-1.6279307,,information,,,,,,
47.2502619,-1.6341714,,picnic_site,,,,,,3 tables
47.1792774,-1.5119157,A Bord de l'Hirondelle,information,,,,,,
47.2499120,-1.5475758,Panneau routier,information,,waste_basket,,,,
47.2226571,-1.5403221,La Pleureuse,artwork,,,,,,
47.2059434,-1.5643776,Atelier la Machine,attraction,,,,,,
47.2450414,-1.6079026,Le grenier de l'Aviation,museum,,,,,,
47.2097960,-1.5963931,"Chantenay, Sainte-Anne, Le Port",information,,,,,,
47.2065945,-1.5748763,Les Salorges,information,,,,,,
47.1836999,-1.5263387,Des Vaches à Nantes,information,,,,,,
47.2110625,-1.5631585,"Rue d'Ancin, l'une des ruelles du quartier portuaire",information,,,,,,
47.2341637,-1.6527655,Karting,attraction,,,,,,
47.2074784,-1.5576605,Galerie Loire,gallery,,,,,,
47.2451787,-1.4585968,,picnic_site,,,,,,
47.2443121,-1.4596936,,picnic_site,,,,,,
47.1952710,-1.5823070,Trentemoult,information,,,,,,
47.1952715,-1.5822598,D'une rive à l'autre,information,,,,,,
47.1952275,-1.5824712,Rezé,information,,,,,,
47.1945800,-1.5834605,D'un Fleuve à la mer,information,,,,,,
47.1934984,-1.5837178,Des jardin aux parfums tropicaux,information,,,,,,
47.1935045,-1.5837175,,information,,,,,,
47.1935001,-1.5836739,Un habitat de marin,information,,,,,,
47.1935014,-1.5835224,La demeure de Cap-Hornier,information,,,,,,
47.1930492,-1.5805008,Les Cap-Horniers,information,,,,,,
47.1943690,-1.5801100,La maison de pêcheur,information,,,,,,
47.1948204,-1.5784380,,information,,,,,,
47.2243593,-1.5497700,Jazzorama 3 Sully,artwork,,,,,,
47.2243519,-1.5495044,Jazzorama 1 Sully,artwork,,,,,,
47.2243553,-1.5496279,Jazzorama 2 Sully,artwork,,,,,,
47.2540894,-1.5299784,,information,,,,,,
47.2247302,-1.5663760,Cité des Hauts-Pavés,information,,,,,,
47.2229113,-1.5536951,Immeuble Delamarre,information,,,,,,
47.2168568,-1.5565589,Hôtel La Pérouse,information,,,,,,
47.2014133,-1.5776043,Maternité,artwork,,,,,,
47.2251460,-1.5536793,,information,,,,,,
47.2244542,-1.5537145,,information,,,,,,
47.2014242,-1.5775101,,viewpoint,,,,,,
47.1901933,-1.6525606,,picnic_site,,,,,,
47.2203148,-1.5545207,Plan à suivre pour accéder au mémorial du Bêle,information,,,,,,
47.2203157,-1.5545218,Monument aux Cinquante Otages et à la Résistance,information,,,,,,
47.2283381,-1.5533269,,artwork,,fountain,,,,
47.1901286,-1.5760985,,information,,,,,,
47.2139741,-1.5641758,Immeuble CGA,information,,,,,,
47.2008464,-1.5808821,Belvédère de l’Hermitage (Tadashi Kawamata),viewpoint,,,,,,Cinquième belvédère du parcours « La promenade des sept belvédères ». Nommé d'après le journal
47.2034032,-1.5761317,Arbre de la Liberté,artwork,,,,,,
47.2033055,-1.5760107,Arbre de la Liberté,information,,,,,,
47.2350344,-1.5490872,Les chantiers navals du bord de l'Erdre,information,,,,,,
47.2306284,-1.5485442,Petit oratoire - fin 18e siècle,information,,,,,,
47.2363521,-1.5504785,Le ragondin,information,,,,,,
47.2172299,-1.5623928,Le Pèlerin de l'Europe et de la Paix,information,,,,,,
47.2098134,-1.5618034,Mémorial de l’Abolition de l’Esclavage,information,,,,,,
47.2098034,-1.5618087,Memorial to the Abolition of Slavery,information,,,,,,
47.2099915,-1.5627985,Mémorial de l’Abolition de l’Esclavage,information,,,,,,
47.2099843,-1.5627844,Memorial to the Abolition of Slavery,information,,,,,,
47.2090309,-1.5661593,Mémorial de l’Abolition de l’Esclavage,information,,,,,,
47.2090204,-1.5661599,Memorial to the Abolition of Slavery,information,,,,,,
47.2097148,-1.5641912,Mémorial de l’Abolition de l’Esclavage,information,,,,,,
47.2097084,-1.5641805,Memorial to the Abolition of Slavery,information,,,,,,
47.2015126,-1.5803911,,viewpoint,,,,,,
47.2011773,-1.5805292,,viewpoint,,,,,,
47.2010413,-1.5806623,,viewpoint,,,,,,
47.2013413,-1.5804731,Gaillet grateron,information,,,,,,
47.2012702,-1.5804717,Séneçon commun,information,,,,,,
47.2011566,-1.5805168,Trèfle rampant,information,,,,,,
47.2011495,-1.5805252,Lunar Tree,information,,,,,,
47.2010054,-1.5806778,Millepertuis commun,information,,,,,,
47.2009288,-1.5808025,Moreille noire,information,,,,,,
47.2008524,-1.5811704,Euphorbe réveil-matin,information,,,,,,
47.2008163,-1.5813530,Achillée Millefeuille,information,,,,,,
47.1998273,-1.5816745,Belvédère de Lusancay,viewpoint,,,,,,Sixième belvédère du parcours « La promenade des sept belvédères ».
47.2012338,-1.5775064,,artwork,,,,,,
47.2016105,-1.5772391,,viewpoint,,,,,,
47.2069939,-1.5685585,,viewpoint,,,,,,
47.2193708,-1.5469424,Planet Man,artwork,,,,,,
47.2213210,-1.5421911,La tombe vosgienne,artwork,,,,,,
47.2189801,-1.5479095,La Gitane n°1,artwork,,,,,,
47.2197082,-1.5481486,Mimesi,artwork,,,,,,
47.2075417,-1.5574425,Echoes,artwork,,,,,,
47.1895898,-1.5685737,Jean-Baptiste Daviais,artwork,,,,,,
47.2117807,-1.5609317,Kyriad Nantes Centre Graslin,hotel,,,,,,
47.2483193,-1.5491541,,information,,,,,,Panneau d'Accueil
47.2432321,-1.5183734,,artwork,,,,,,
47.2186326,-1.5412013,,attraction,,,,,,
47.2198161,-1.5419424,La montagne,viewpoint,,,,,,
47.2180301,-1.5500540,Accès aux cryptes,information,,,,,,
47.2130330,-1.5617429,"L'Univers, premier café jazz",information,,,,,,
47.2203282,-1.5591963,Puits antique de l'église,information,,,,,,
47.2115569,-1.5586833,Station gourmande - Esplanade du potager,information,,,,,,
47.2117874,-1.5582675,Station gourmande - Esplanade du potager,information,,,,,,
47.2225062,-1.5845904,,artwork,,,,,,
47.2169697,-1.5633541,Carré Lafayette,information,,,,,,
47.2271404,-1.5118940,Serres et jardin d'agronomie tropicale,information,,,,,,
47.2060085,-1.5729324,Info Navibus,information,,,,,,
47.2060134,-1.5729466,Port Atlantique Nantes Saint-Nazaire,information,,,,,,
47.2059974,-1.5729647,,information,,,,,,
47.2060248,-1.5729164,,information,,,,,,
47.2126790,-1.5480546,,information,,,,,,
47.2260747,-1.5541621,Nantes vers 1868,information,,,,,,
47.2079200,-1.5698219,Les Chênes,information,,,,,,
47.2080172,-1.5695469,Les Érables,information,,,,,,
47.2081072,-1.5692714,Les Magnolias,information,,,,,,
47.2083587,-1.5684521,Nantes « ville arboretum »,information,,,,,,
47.2083760,-1.5684644,Les plantes locales,information,,,,,,
47.2086658,-1.5674922,Les Américains,information,,,,,,
47.2087618,-1.5671681,Le quai de la Fosse passe au vert,information,,,,,,
47.2087914,-1.5671372,Quai des Plantes,information,,,,,,
47.2072067,-1.5716490,,information,,,,,,
47.2075531,-1.5708357,Les Trésors botaniques,information,,,,,,
47.2075167,-1.5709480,L'arbre aux 40 écus,information,,,,,,
47.2075097,-1.5708858,Le tilleul à feuilles découpées,information,,,,,,
47.2075496,-1.5708609,L'arbre à liège de l'Amour,information,,,,,,
47.2075278,-1.5708438,Le plaqueminier du Levant,information,,,,,,
47.2078724,-1.5699966,Le chêne écarlate,information,,,,,,
47.2078879,-1.5699554,Le chêne noir,information,,,,,,
47.2079478,-1.5697727,L'érable trident,information,,,,,,
47.2079658,-1.5697428,L'érable à feuilles d'obier,information,,,,,,
47.2080150,-1.5696047,L'érable argenté,information,,,,,,
47.2080169,-1.5695715,L'érable plane,information,,,,,,
47.2082419,-1.5687764,Le bouleau,information,,,,,,
47.2082987,-1.5685915,Le charme érigé,information,,,,,,
47.2083135,-1.5685403,Le frêne commun,information,,,,,,
47.2083410,-1.5684492,Le hêtre commun,information,,,,,,
47.2086209,-1.5675856,Le copalme d'Amérique,information,,,,,,
47.2086585,-1.5675211,Le noyer noir d'Amérique,information,,,,,,
47.2086854,-1.5673398,Le magnolia à grandes fleurs,information,,,,,,
47.2087107,-1.5672568,Le tulipier de Virginie,information,,,,,,
47.2087382,-1.5671696,Le plaqueminier de Virginie,information,,,,,,
47.2078860,-1.5699820,Le chêne à feuilles de saule,information,,,,,,
47.2125795,-1.5365799,GR3 un sentier de grande randonnée au fil de la Loire sauvage,information,,,,,,Panneau de signalisation du passage du sentier de grande randonnée GR3 «La Loire sauvage à pied».
47.2427209,-1.5383340,Ruisseau des Sourdes,information,,,,,,
47.2483022,-1.5468279,,picnic_site,,,,,,
47.2057485,-1.5694624,,artwork,,,,,,
47.2053376,-1.5704106,,artwork,,,,,,
47.2139443,-1.5625591,Hommage à Metropolis,information,,,,,,
47.2135012,-1.5622471,Fontaine du théâtre Graslin,information,,,,,,
47.2135005,-1.5622246,L'Enfant et la biche,artwork,,,,,,
47.1808094,-1.6224079,De Port Lavigne à la Pierre Blanche,information,,,,,,
47.1806781,-1.6221761,Promenade de la Grande vallée,information,,,,,,
47.1810855,-1.6219011,,information,,,,,,
47.1799776,-1.6225640,Vue sur le Pont,viewpoint,,,,,,Vue sur le pont de Cheviré et la vallée
47.1810314,-1.5880179,,information,,,,,,
47.1826826,-1.5248687,,artwork,,,,,,Graffitis
47.1826727,-1.5248621,,artwork,,,,,,Graffitis sur piles du pont
47.2479309,-1.5780353,Art'Loft,gallery,,,,,,
47.2214913,-1.5555410,,artwork,,,,,,
47.2073234,-1.5571714,,viewpoint,,,,,,
47.2435446,-1.5782147,,viewpoint,,,,,,
47.2101186,-1.6337389,,viewpoint,,,,,,
47.2093986,-1.6337974,,viewpoint,,,,,,
47.2086653,-1.6385027,,viewpoint,,,,,,
47.2108864,-1.6385958,,viewpoint,,,,,,
47.2307913,-1.6256955,,viewpoint,,,,,,
47.2347464,-1.6282536,,viewpoint,,,,,,
47.2447485,-1.5511509,,viewpoint,,,,,,
47.2398702,-1.5512975,,viewpoint,,,,,,
47.2559332,-1.5395579,,viewpoint,,,,,,
47.2555827,-1.5383153,,viewpoint,,,,,,
47.2075142,-1.5427329,Odalys Campus Île de Nantes,apartment,,,,,,"Résidence étudiante, studios et T1 bis"
47.2632798,-1.5339755,,viewpoint,,,,,,
47.2077665,-1.5431701,Odalys Cité des congrés,apartment,,,,,,"Résidence courts, moyen et longs séjours. Studios 2 personnes et supérieur."
47.2171047,-1.5457710,RDV,gallery,,,,,,
47.2165167,-1.5509089,Galerie Fine Art,gallery,,,,,,
47.2113827,-1.5253920,,artwork,,,,,,
47.2267960,-1.5430315,Hôtel Saint-Yves,hotel,,,,,,
47.2352750,-1.5826587,Le Longchamp,hotel,,,,,,
47.2265617,-1.5600861,Galerie Olivier Meyer,gallery,,,,,,Diffusion de poètes et artistes contemporain(e)s.
47.2173970,-1.5450203,Le mondiale,hotel,,,,,,
47.2204793,-1.5604169,L'atelier 21 grammes,gallery,,,,,,
47.2196552,-1.5439766,,artwork,,bench,,,,
47.2122669,-1.5618541,Best Western Hôtel Graslin,hotel,,,,,,
47.2482581,-1.5498407,Panneau,information,,,,,,
47.2050093,-1.5633466,Les Machines de l’Île,attraction,,,,,,
47.2510943,-1.5521237,,artwork,,,,,,
47.1575798,-1.6012759,,information,,,,,,
47.2519389,-1.5531207,Lignes,artwork,,,,,,Sculpteur : Guest Architectes : Diatkine Simonneau Fondeur : Deroyaume
47.2149368,-1.5602698,Ibis Styles Nantes Centre Place Graslin,hotel,,,,,,
47.2235065,-1.6293819,Saint-Herblain — Circuit pédestre Hermeland,information,,,,,,
47.2123101,-1.6350638,,viewpoint,,,,,,
47.2107115,-1.5506561,Paradise,gallery,,,,,,Centre de recherche et d'expérimentations en art contemporain
47.2046488,-1.5687563,Le Mana,museum,,,,,,
47.2181653,-1.5434869,,information,,,,,,
47.2119823,-1.5688697,Inspirations,artwork,,,,,,
47.2120971,-1.5689084,L'Arche de Noé,artwork,,,,,,
47.2058135,-1.5607862,Stud'Art,apartment,,,,,,Résidence étudiante
47.2001056,-1.5843829,Paysage Devant,artwork,,,,,,
47.2485348,-1.5221561,Les Batignolles cathédrale de la métallurgie et haut-lieu des luttes ouvrières nantaises,information,,,,,,Panneau hors parcours
47.2485364,-1.5221567,Les trois cités ouvrières,information,,,,,,Panneau hors parcours
47.2487133,-1.5217278,La ligne de Nantes à Châteaubriand et le pont de la Jonelière,information,,,,,,Panneau hors parcours
47.2487134,-1.5217238,La route de Paris et la Ville en Chien,information,,,,,,Panneau hors parcours
47.2487150,-1.5217288,Le tramway,information,,,,,,Panneau hors parcours
47.2059142,-1.5648473,La Vélodyssée;La Loire à Vélo,information,,,,,,
47.2057414,-1.5634637,Traverses,information,,,,,,
47.2070962,-1.5606164,The Zebra Crossing – Regulations and General Directions,information,,,,,,
47.2050650,-1.5671098,La Vélodyssée;La Loire à Vélo,information,,,,,,
47.2100524,-1.5625982,La Vélodyssée;La Loire à Vélo,information,,,,,,
47.1997117,-1.5743441,Les Sons des Confins,information,,,,,,
47.2064869,-1.5651388,La Vélodyssée;La Loire à Vélo,information,,,,,,
47.2047891,-1.5690902,bicloo Plus Plan des Stations,information,,,,,,
47.2054302,-1.5652887,La Vélodyssée;La Loire à Vélo,information,,,,,,
47.2100519,-1.5625788,La Loire à Vélo,information,,,,,,
47.1992541,-1.5732254,La Vélodyssée;La Loire à Vélo,information,,,,,,
47.2089992,-1.5663870,La Vélodyssée;La Loire à Vélo,information,,,,,,Centre-Ville
47.2055087,-1.5647246,La Vélodyssée;La Loire à Vélo,information,,,,,,
47.2072596,-1.5594176,Ping-Pong Park et Glycine,information,,,,,,
47.2052437,-1.5667371,,information,,,,,,
47.2089290,-1.5666184,La Vélodyssée;La Loire à Vélo,information,,,,,,Indre
47.2043391,-1.5710502,La Vélodyssée;La Loire à Vélo,information,,,,,,
47.2202262,-1.5546613,La Vélodyssée,information,,,,,,
47.2201766,-1.5549650,La Vélodyssée,information,,,,,,
47.2205243,-1.5549292,La Vélodyssée,information,,,,,,
47.2207789,-1.5546159,La Vélodyssée,information,,,,,,
47.2229480,-1.5532668,La Vélodyssée,information,,,,,,
47.1948535,-1.5787507,La Vélodyssée;La Loire à Vélo,information,,,,,,
47.2088466,-1.5668071,La Vélodyssée;La Loire à Vélo,information,,,,,,Centre-Ville
47.2240168,-1.6360979,,information,,,,,,
47.2111911,-1.5622493,Mnémosyne,artwork,,,,,,
47.2113462,-1.5520239,Centre-Ville,information,,,,,,
47.2307441,-1.5230219,Doulon,information,,,,,,
47.2307588,-1.5230285,,information,,,,,,
47.2396236,-1.5131603,,information,,,,,,
47.2507040,-1.5518970,,artwork,,,,,,
47.2538363,-1.5765015,,information,,,,,,
47.2478005,-1.5519829,,information,,,,,,
47.2436688,-1.5567250,,information,,,,,,
47.2484639,-1.5222569,"Beaujoire, Haluchère, Ranzay",information,,,,,,
47.2464759,-1.6166796,,information,,,,,,
47.2228051,-1.5990860,,information,,,,,,
47.2214799,-1.5923505,,information,,,,,,
47.2322087,-1.5771879,"Breil-Malville, Beauséjour, Sainte-Thérèse, Gaudinière",information,,,,,,
47.1948551,-1.5429260,,picnic_site,,,,,,
47.2115471,-1.5596367,,information,,,,,,
47.2150032,-1.6085306,,information,,,,,,
47.2437682,-1.6067275,,information,,,,,,
47.1944442,-1.6200001,Sémaphore de Roche-Maurice,viewpoint,,,,,,
47.2297024,-1.5727272,,information,,,,,,
47.2295769,-1.5728290,"Hauts-Pavés, Procé, Monselet",information,,,,,,
47.2139872,-1.5396848,,information,,,,,,
47.2009506,-1.5779714,Belvédère de L'Hermitage,viewpoint,,,,,,
47.2058023,-1.5339709,,information,,,,,,
47.2237281,-1.5536418,So'cute gallery,gallery,,,,,,
47.2063975,-1.5601584,Askip,gallery,,bar,,,,"Galerie, café associatif, laverie"
47.2191262,-1.5366756,,information,,,,,,
47.1982288,-1.6055921,,information,,,,,,
47.1985810,-1.6057613,,information,,,,,,
47.1983651,-1.6063973,,information,,,,,,
47.2591053,-1.5256207,,information,,,,,,
47.2229398,-1.6319099,,information,,,,,,
47.2260639,-1.6305444,,information,,,,,,
47.1998332,-1.5816445,Vues sur la Loire,information,,,,,,
47.2555148,-1.5303524,,information,,,,,,
47.2173430,-1.5562336,bolobolo,gallery,,,,,,
47.2432439,-1.5271857,,information,,,,,,Plan de quartier
47.2439856,-1.5367233,,information,,,,,,Plan de quartier
47.2184963,-1.5561995,Hôtel des Trois Marchands,hotel,,,,,,
47.2170330,-1.5468717,Galerie Confluence,gallery,,,,,,
47.2391230,-1.5701639,Parking U Express,information,,,,,,
47.2038684,-1.5666775,Psellion de l'île,artwork,,,,,tree,
47.2092649,-1.6112187,,artwork,,,,,,
47.2452811,-1.5467897,Blocs,artwork,,,,,,
47.2040022,-1.6035406,,information,,,,,,"Bellevue, Janvraie"
47.1983229,-1.6051203,,information,,,,,,Chantenay entreprises
47.1979756,-1.6048383,,information,,,,,,
47.1975894,-1.5946858,,information,,,,,,"Chantenay, Sainte-Anne, Le Port"
47.2685196,-1.5994314,,information,,,,,,
47.2636164,-1.4865994,,information,,,,,,
47.2307071,-1.6053579,,artwork,,,,,,
47.1947101,-1.6197044,,information,,,,,,
47.2626170,-1.5937469,,information,,,,,,
47.2279731,-1.6197369,,information,,,,,,Bureaux d'Argoat
47.2485345,-1.5131944,,information,,,,,,
47.2595954,-1.6546962,,information,,,,,,
47.2605123,-1.5537297,,information,,,,,,
47.1789707,-1.4743175,,information,,,,,,
47.1799675,-1.4992453,,information,,,,,,
47.1584802,-1.5978646,,information,,,,,,
47.1586110,-1.5977790,,information,,,,,,
47.1753595,-1.6137426,,information,,,,,,
47.1940766,-1.5624109,,information,,,,,,
47.1953702,-1.5481927,,information,,,,,,
47.2314955,-1.5923786,,information,,,,,,
47.2113237,-1.6102234,,information,,,,,,
47.2079072,-1.6374465,,information,,,,,,
47.2080513,-1.6368931,,information,,,,,,
47.1927336,-1.5555216,Hôtel Ibis Styles Nantes Rezé Aeroport,hotel,,,,,,
47.1930717,-1.5553299,Hôtel Ibis Budget Nantes Rezé Aeroport,hotel,,,,,,
47.2687496,-1.5195286,Louis Pergaud,artwork,,,,,,
47.2659550,-1.5231876,Barbara,artwork,,,,,,
47.2440711,-1.5982251,Galerie Marchepied,gallery,,,,,,L'accès s'effectue par le magasin Convertible Center.
47.2130746,-1.5583272,Jacques Cassard,artwork,,,,,,Copie de la statue originelle de Jean Baptiste Joseph De Bay (père) détruite lors des bombardements de Nantes en 1943.
47.2130600,-1.5582983,Abraham Duquesne,artwork,,,,,,Copie de la statue originelle de Jean Baptiste Joseph De Bay (père) détruite lors des bombardements de Nantes en 1943.
47.2130454,-1.5582694,René Duguay-Trouin,artwork,,,,,,Copie de la statue originelle de Jean Baptiste Joseph De Bay (père) détruite lors des bombardements de Nantes en 1943.
47.2130307,-1.5582405,Jean Bart,artwork,,,,,,Copie de la statue originelle de Jean Baptiste Joseph De Bay (père) détruite lors des bombardements de Nantes en 1943.
47.2126416,-1.5586955,L'Afrique,artwork,,,,,,Copie de la statue originelle de Jean Baptiste Joseph De Bay père (détruite lors des bombardements de Nantes en 1943) par Edmond Fain.
47.2126582,-1.5587297,L'Asie,artwork,,,,,,Copie de la statue originelle de Jean Baptiste Joseph De Bay père (détruite lors des bombardements de Nantes en 1943) par Edmond Fain.
47.2126748,-1.5587638,L'Europe,artwork,,,,,,Copie de la statue originelle de Jean Baptiste Joseph De Bay père (détruite lors des bombardements de Nantes en 1943) par Edmond Fain.
47.2127080,-1.5588321,La Prudence,artwork,,,,,,Copie de la statue originelle de Jean Baptiste Joseph De Bay père (détruite lors des bombardements de Nantes en 1943) par Edmond Fain.
47.2126914,-1.5587979,Les Beaux-arts,artwork,,,,,,Copie de la statue originelle de Charles-Guillaume Robinot-Bertrand (détruite lors des bombardements de Nantes en 1943) par Edmond Fain.
47.2125918,-1.5585931,L'Astronomie,artwork,,,,,,Copie de la statue originelle de Charles-Guillaume Robinot-Bertrand (détruite lors des bombardements de Nantes en 1943) par Edmond Fain.
47.2126084,-1.5586273,L'Abondance,artwork,,,,,,Copie de la statue originelle de Charles-Guillaume Robinot-Bertrand (détruite lors des bombardements de Nantes en 1943) par Edmond Fain.
47.2126250,-1.5586614,L'Amérique,artwork,,,,,,Copie de la statue originelle de Jean Baptiste Joseph De Bay père (détruite lors des bombardements de Nantes en 1943) par Edmond Fain.
47.2127246,-1.5588662,La Ville de Nantes,artwork,,,,,,Copie de la statue originelle de Charles-Guillaume Robinot-Bertrand (détruite lors des bombardements de Nantes en 1943) par Edmond Fain.
47.2125752,-1.5585590,La Loire,artwork,,,,,,Copie de la statue originelle de Charles-Guillaume Robinot-Bertrand (détruite lors des bombardements de Nantes en 1943) par Edmond Fain.
47.2041429,-1.6008272,,artwork,,,,,,
47.2162340,-1.5986262,,information,,,,,,
47.2128746,-1.5340866,,viewpoint,,,,,,
47.2101655,-1.5375577,,viewpoint,,,,,,
47.2094184,-1.5413967,,viewpoint,,,,,,
47.1971426,-1.5496326,,viewpoint,,,,,,
47.1967936,-1.5619313,,viewpoint,,,,,,
47.1964741,-1.5459836,,viewpoint,,,,,,
47.2176267,-1.6259734,,information,,,,,,
47.1629404,-1.4772347,,picnic_site,,,,,,
47.1665292,-1.4801502,,picnic_site,,,,,,
47.1649263,-1.4797801,,information,,,,,,
47.1650138,-1.4811212,,information,,,,,,
47.2060355,-1.5427581,Adelis HAJA - résidence port beaulieu,apartment,,,,,,
47.2517948,-1.4494670,Aire de picnic,picnic_site,,,,,,
47.1662719,-1.4834496,,viewpoint,,,,,,
47.2489638,-1.5839695,,artwork,,,,,,
47.2530070,-1.5935560,Golden Age,gallery,,,,,,
47.2269159,-1.5188687,,information,,,,,,
47.2349735,-1.5030101,,information,,,,,,
47.2010511,-1.5804565,,viewpoint,,,,,,
47.2009630,-1.5805135,,viewpoint,,,,,,
47.2009083,-1.5805711,,viewpoint,,,,,,
47.2009980,-1.5805109,,viewpoint,,,,,,
47.2000366,-1.5803974,La carrière Miséry un site hors-norme,information,,,,,,
47.2002383,-1.5810938,L'ambiance végétale inspirée des livres de Jules Verne,information,,,,,,
47.2003208,-1.5812695,Une cascade impressionante,information,,,,,,
47.2463637,-1.5158317,La pelle au vent,artwork,,,,,,
47.2163217,-1.5423614,Assistance voyageurs handicapés,information,,,,,,
47.2162973,-1.5423500,Objets trouvés,information,,,,,,
47.2437117,-1.4627352,,information,,,,,,
47.2442356,-1.4620556,,information,,,,,,
47.2420205,-1.5738848,,information,,,,,,
47.1633197,-1.5422428,,information,,,,,,
47.2054550,-1.5540262,,information,,,,,,"République, Prairie au Duc, Mangin"
47.2113027,-1.5260661,,information,,,,,,
47.2112539,-1.5259515,,information,,,,,,
47.2112402,-1.5259845,,information,,,,,,
47.2117806,-1.5262772,,information,,,,,,
47.2398846,-1.5904561,,information,,,,,,
47.2419507,-1.6080405,,information,,,,,,
47.2364845,-1.5871571,,information,,,,,,
47.2362971,-1.5873461,,information,,,,,,
47.2604997,-1.4994928,,artwork,,,,,,
47.2607341,-1.4989206,ZI Nantes Carquefou,information,,,,,,
47.2654001,-1.4872544,Parc d'activités de Sainte-Luce-sur-Loire,information,,,,,,
47.2641396,-1.4869776,,information,,,,,,
47.2640116,-1.4869034,,information,,,,,,
47.2637995,-1.4868701,,information,,,,,,
47.2621888,-1.4869895,,information,,,,,,
47.2621595,-1.4868143,,information,,,,,,
47.2634294,-1.4865634,,information,,,,,,
47.2657384,-1.4875093,,information,,,,,,
47.2657307,-1.4874984,,information,,,,,,
47.2671020,-1.4885313,,information,,,,,,
47.2673722,-1.4889582,,information,,,,,,
47.2627684,-1.4947500,,information,,,,,,
47.2617223,-1.4971291,,information,,,,,,
47.2616080,-1.4974670,,information,,,,,,
47.2607375,-1.4989441,Carquefou-Sud et Nantes-Est;Nantes Métropole,information,,,,,,
47.2597054,-1.4994546,,information,,,,,,
47.2500021,-1.5198534,Poste électrique de Saint-Joseph,information,,,,,,
47.1807388,-1.5939144,,information,,,,,,
47.1811638,-1.6328464,,information,,,,,,
47.2618536,-1.5926941,,information,,,,,,
47.1993819,-1.4998748,,information,,,,,,
47.1992183,-1.4997405,,information,,,,,,
47.1836788,-1.5337593,Coucoumitsine,artwork,,,,,,
47.2189633,-1.5366420,,information,,,,,,
47.1851459,-1.5869941,,information,,,,,,
47.1879528,-1.5664482,,information,,,,,,
47.2154955,-1.6471184,,information,,,,,,
47.2269010,-1.6004059,,information,,,,,,
47.1752471,-1.4951678,,information,,,,,,
47.1889710,-1.4841836,,information,,,,,,
47.2609648,-1.5631338,,information,,,,,,
47.2229265,-1.5993003,,information,,,,,,
47.2143606,-1.6075420,,information,,,,,,
47.2482573,-1.6098244,,information,,,,,,
47.2476664,-1.6075698,,information,,,,,,
47.2531114,-1.4753859,,information,,,,,,
47.1860911,-1.6330795,,picnic_site,,,,,,
47.1807171,-1.6218156,,picnic_site,,,,,,
47.1880118,-1.4950234,,information,,,,,,
47.2395168,-1.5792375,,information,,,,,,
47.2252249,-1.6474479,,information,,,,,,
47.2249691,-1.6472078,,information,,,,,,
47.2244996,-1.6454326,,information,,,,,,
47.2244250,-1.6450951,,information,,,,,,
47.2239838,-1.6439712,,information,,,,,,
47.2240063,-1.6438833,,information,,,,,,
47.2239446,-1.6437316,,information,,,,,,
47.2238624,-1.6437200,,information,,,,,,
47.2237391,-1.6438325,,information,,,,,,
47.2237256,-1.6438868,,information,,,,,,
47.2237883,-1.6440421,,information,,,,,,
47.2238128,-1.6440415,,information,,,,,,
47.2229949,-1.6422783,,information,,,,,,
47.2229069,-1.6418461,,information,,,,,,
47.2224449,-1.6398510,,information,,,,,,
47.2222448,-1.6399277,,information,,,,,,
47.2200444,-1.6489629,,information,,,,,,
47.2193273,-1.6468285,,information,,,,,,
47.2184696,-1.6473142,,information,,,,,,
47.2185528,-1.6475639,,information,,,,,,
47.2123432,-1.4865436,,information,,,,,,
47.1804978,-1.5117304,,information,,,,,,
47.1798690,-1.5343443,,information,,,,,,
47.1741062,-1.5534977,,information,,,,,,
47.1599439,-1.5555305,,information,,,,,,
47.1601549,-1.5554534,,information,,,,,,
47.1589432,-1.5507270,,information,,,,,,
47.1589694,-1.5503570,,information,,,,,,
47.1586037,-1.5503106,,information,,,,,,
47.1578182,-1.5461204,,information,,,,,,
47.1574320,-1.5457590,,information,,,,,,
47.1573885,-1.5457952,,information,,,,,,
47.1571734,-1.5414541,,information,,,,,,
47.1574775,-1.5421140,,information,,,,,,
47.1554211,-1.5376441,,information,,,,,,
47.1553492,-1.5371307,,information,,,,,,
47.2367672,-1.5598045,Vierge,artwork,,,,,,
47.2463153,-1.6040605,,information,,,,,,
47.2525305,-1.5943179,,information,,,,,,
47.2453812,-1.6019783,,information,,,,,,
47.2109197,-1.6227185,,information,,,,,,
47.2583596,-1.6483758,,information,,,,,,
47.2562346,-1.5322455,Les champignons,information,,,,,,
47.2557988,-1.5300924,,information,,,,,,
47.2571197,-1.5337816,,information,,,,,,
47.2563975,-1.5321234,,information,,,,,,
47.2323820,-1.6478635,,information,,,,,,
47.2324735,-1.6476309,,information,,,,,,
47.2333747,-1.6468375,,information,,,,,,
47.2335885,-1.6472575,,information,,,,,,
47.2542195,-1.6289982,,information,,,,,,
47.2608186,-1.6234556,,information,,,,,,
47.2610936,-1.6239328,,information,,,,,,
47.2702762,-1.6236379,,information,,,,,,
47.2703640,-1.6233605,,information,,,,,,
47.2174234,-1.5706833,Vierge,artwork,,,,,,
47.1977255,-1.6603751,,information,,,,,,
47.2635947,-1.5485133,,information,,,,,,
47.1549956,-1.5982793,,information,,,,,,
47.1537192,-1.5993397,,information,,,,,,
47.2298344,-1.6506832,Rue Jan Palach,information,,,,,,
47.2298553,-1.6511395,Saint Herblain ZAC de la Loire,information,,,,,,
47.2298030,-1.6514784,Rue Sacco et Vanzetti,information,,,,,,
47.2303952,-1.6521642,Rue Bobby Sands,information,,,,,,
47.2303773,-1.6521581,Rue Bobby Sands,information,,,,,,
47.2304019,-1.6525007,Rue Jan Palach,information,,,,,,
47.2302958,-1.6526421,,information,,,,,,
47.2312208,-1.6553192,,information,,,,,,
47.2074148,-1.5032695,,information,,,,,,
47.2075652,-1.5019719,,artwork,,,,,,
47.2081438,-1.4919637,,information,,,,,,
47.2590720,-1.4518572,,information,,,,,,
47.1996538,-1.5309535,,information,,,,,,
47.1939493,-1.4977417,,information,,,,,,
47.2467744,-1.5003551,,information,,,,,,
47.2468720,-1.4948427,,information,,,,,,
47.2466387,-1.4945167,,information,,,,,,
47.2468969,-1.4945330,,information,,,,,,
47.2493915,-1.4867792,,information,,,,,,
47.2531174,-1.4757947,,information,,,,,,
47.2209580,-1.5449980,,information,,,,,,
47.2204475,-1.5453698,,information,,,,,,
47.2266235,-1.6189271,,information,,,,,,
47.2264832,-1.6190941,,information,,,,,,
47.2257424,-1.6204763,,information,,,,,,
47.2262708,-1.6199354,,information,,,,,,
47.2273676,-1.6210186,,information,,,,,,
47.2302015,-1.6167186,,information,,,,,,
47.2286202,-1.6056237,,information,,,,,,
47.2253737,-1.5974516,,information,,,,,,
47.2375091,-1.6285472,,information,,,,,,
47.2508012,-1.4868401,,artwork,,,,,,
47.1996655,-1.5733319,,information,,,,,,
47.2056801,-1.5608485,tv quiz,theme_park,,,,,,Jeux de quiz dans un décor de plateau TV
47.1915151,-1.5661519,,information,,,,,,plan sommaire horraire et condition d'accès au chronographe
47.1911688,-1.5658575,,information,,,,,,plan sommaire horraire et condition d'accès au chronographe
47.1951499,-1.5459211,,picnic_site,,,,,,
47.1866450,-1.5996459,,information,,,,,,
47.1571635,-1.6005201,Parkings,information,,,,,,
47.2019611,-1.6463014,Belvédère sur la zone humide de Tougas,viewpoint,,,,,,
47.2085725,-1.6195433,belvédère,viewpoint,,,,,,Point de vue sur la végétation en contre-bas
47.2018195,-1.6544631,Centrale photovoltaïque de Tougas,information,,,,,,
47.1790566,-1.6361863,,information,,,,,,
47.1841845,-1.6487634,Pont Vasou,information,,,,,,
47.2122804,-1.5448025,,artwork,,,,,,
47.2132251,-1.5432015,,artwork,,,,,,
47.1836656,-1.4520802,,picnic_site,,,,,,
47.1831417,-1.4515876,,picnic_site,,,,,,
47.1830850,-1.4523921,,picnic_site,,,,,,
47.1835116,-1.4532988,,information,,,,,,
47.1837478,-1.4524960,,information,,,,,,
47.1836487,-1.4540339,,information,,,,,,
