50.0749404,14.4392315,EA Hotel Tosca,hotel,,,,,,
50.0898903,14.4357360,Hotel AXA,hotel,,,,,,
50.0915859,14.3951160,Masarykova vyhlídka,viewpoint,,,,,,
50.0916684,14.4057059,,viewpoint,,,,,,
50.0893102,14.3988330,,viewpoint,,,,,,
50.0904894,14.3995583,Pražský hrad,information,,,,,,
50.0863023,14.4135672,,viewpoint,,,,,,
50.0903198,14.4199763,,apartment,,,,,,
50.0870547,14.4308968,K+K Hotel Central Prague,hotel,,,,,,
50.0846158,14.4140872,The Mozart Prague,hotel,,,,,,
50.0838369,14.4193317,Old Prague Hotel,hotel,,,,,,
50.0850310,14.4181595,Czech Beer Museum,museum,,,,,,
50.0829082,14.4249114,Hostel Orange,hostel,,,,,,
50.0872274,14.4074060,Rezidence Lundborg,hotel,,,,,,
50.0886175,14.3979596,Arpacay Backpackers,hostel,,,,,,
50.0914341,14.4088892,Muzeum Kouzlo starých časů,museum,,,,,,Historické oděvy a doplňky z let 1850-1920/Historical clothing and accessories from the period 1850-1920
50.0785440,14.4267963,Atlas Hostel,hostel,,,,,,
50.0918554,14.4355890,EA Hotel Embassy Prague,hotel,,,,,,
50.1031233,14.4480928,Sir Toby's,hostel,,,,,,
50.1036521,14.4090095,Na staré poště,guest_house,,,,,,
50.0895038,14.4181915,Informační a rezervační centrum,information,,,,,,
50.0822983,14.4205071,NaFilm,museum,,,,,,
50.0908768,14.4456727,Seven Wishes,hotel,,,,,,
50.0876632,14.4451644,Vojenský historický ústav Praha,museum,,,,,,
50.0817519,14.4047067,U Kříže,hotel,,,,,,
50.0820733,14.4045971,Roma,hotel,,,,,,
50.0820449,14.4245596,brána Svatého Františka,artwork,,,,,,
50.0822884,14.4230990,brána Starý a Nový zákon,artwork,,,,,,
50.0929640,14.4089966,Hoffmeister,hotel,,,,,,
50.0911143,14.4108239,Klárov,hotel,,,,,,
50.0750659,14.4304869,Alton,hotel,,,,,,
50.0817450,14.4236459,brána Svaté Anežky České,artwork,,,,,,
50.0894870,14.3979316,Tomáš Garrigue Masaryk,artwork,memorial,,,,,
50.0759207,14.4143361,Alois Jirásek,artwork,memorial,,,,,
50.0844364,14.3982778,,picnic_site,,,,,,
50.0850997,14.4146269,Embryo,artwork,,,,,,
50.0805653,14.4195866,U dvou zlatých klíčů,hotel,,,,,,
50.0863078,14.4338450,NH Collection Prague Carlo IV,hotel,,,,,,
50.0847577,14.4483027,Ariston,hotel,,,,,,
50.0839681,14.4159284,Náprstkovo muzeum,museum,,,,,,
50.0979313,14.4023226,Informační kancelář Úřadu městské části Praha 6,information,,,,,,
50.0755720,14.4157816,Galerie VIA ART,museum,,,,,,
50.0778383,14.4169463,Hotel Caesar Prague,hotel,,,,,,
50.0776613,14.4174708,EA Hotel Mánes,hotel,,,,,,
50.0938101,14.4078046,Julius Zeyer,artwork,memorial,,,,,
50.0806936,14.4166585,Galerie Nová síň,gallery,,,,,,
50.0894995,14.4075512,Royal Palace,hotel,,,,,,
50.0839240,14.4276986,Art Nouveau Palace Hotel,hotel,,,,,,
50.0821319,14.4271549,Evropa,hotel,,,,,,
50.0828748,14.4316331,Maria Prag,hotel,,,,,,
50.0832980,14.4237699,brána Zvěstování,artwork,,,,,,
50.0831058,14.4245831,Pytloun,hotel,,,,,,
50.0751640,14.4284699,Ankora,hotel,,,,,,
50.0842387,14.4047397,William,hotel,,,,,,
50.0799461,14.4011278,,viewpoint,,,,,,
50.0801624,14.4010420,,viewpoint,,,,,,
50.0751157,14.4370967,Dívka s holubicí,artwork,,,,,,
50.0879997,14.3972877,svatý Jan Nepomucký,artwork,,,,,,
50.0779110,14.4209779,svatý Josef,artwork,,,,,,
50.0782667,14.4159938,Chilli,hostel,,,,,,
50.0881952,14.4104720,Kafka Museum,museum,,,,,,
50.0916765,14.4412840,Hotel Mucha,hotel,,,,,,
50.0839604,14.4173452,Betlem Club,hotel,,,,,,
50.0844610,14.4166299,Red Chair,hotel,,,,,,
50.0922484,14.4264585,Clarion Hotel Prague,hotel,,,,,,
50.0912495,14.4107094,Trinidad,hotel,,,,,,
50.0902167,14.4351620,Harmony,hotel,,,,,,
50.0870420,14.4458132,Hostel Elf,hostel,,,,,,
50.0796654,14.4402075,,viewpoint,,,,,,
50.0772585,14.4224130,Radisson Blu,hotel,,,,,,
50.0951086,14.4086596,Komenský se loučí s vlastí,artwork,,,,,,
50.0868124,14.4192080,Hotel Rott,hotel,,,,,,
50.1039193,14.4331534,Olga,hotel,,,,,,
50.0861707,14.4461102,Ostaš,hotel,,,,,,
50.0752222,14.4268111,Miss Sophie's New Town,hotel,,,,,,
50.0850291,14.4227584,Modrá růže,hotel,,,,,,
50.0797313,14.4292286,Швейк-тур - экскурсии,information,,,,,,"Агентство собственных гарантированных экскурсий по Праге, Чехии и Европе на русском языке"
50.0947136,14.4159560,,viewpoint,,,,,,
50.1015228,14.4323339,Národní galerie v Praze - Veletržní palác,museum,,,,,,Umění 20. a 21. století
50.0867160,14.4176584,Terezka,artwork,,fountain,,,,
50.0742723,14.4289608,Hotel DaVinci Wenceslas Square,hotel,,,,,,
50.1014898,14.4337742,Klára,guest_house,,,,,,
50.0898925,14.3987514,Matyášova brána,attraction,,,,,,
50.0839986,14.4084909,Museum Kampa,museum,,,,,,
50.0841056,14.4083759,Miminka,artwork,,,,,,
50.0901171,14.4207286,Franz Kafka,artwork,,,,,,
50.0857890,14.4231654,Il Commendatore,artwork,,,,,,
50.1015986,14.4328056,Král a královna,artwork,,,,,,
50.0791461,14.3981707,Lachtan,artwork,,,,,,
50.0778047,14.3982386,Herkules,artwork,,,,,,barokní socha přesunuta z Kampy
50.0997093,14.4076967,Karel Bendl,artwork,memorial,,,,,
50.1009819,14.4001042,Mír,artwork,,,,,,
50.0877771,14.4145104,Tajemná lavička,artwork,,,,,,
50.0981972,14.3976299,Koně,artwork,,,,,,
50.0903231,14.4003806,svatý Jiří,attraction,memorial,,,,,
50.0896764,14.3983416,Zápasící Titáni,artwork,,,,,,Volné kopie původních soch jsou od oři Čeňka Vosmíka a Antonína Procházky z roku 1902.
50.0886584,14.3966313,svatý Jan Nepomucký,artwork,,,,,,
50.0887230,14.3966236,svatý Josef,artwork,,,,,,
50.0856129,14.4129250,Muzeum Bedřicha Smetany,museum,,,,,,
50.0853392,14.4128699,,viewpoint,,,,,,
50.0929318,14.4065817,Český lev,artwork,,,,,,
50.0769842,14.4293970,Sonata,hotel,,,,,,
50.0863030,14.4139010,Karel IV.,artwork,,,,,,
50.0818045,14.3963170,Polibek,artwork,,,,,,V roce 1945 byla socha přesunuta z Letenských sadů na Petřín
50.0835999,14.4142671,Leonardo,hotel,,,,,,
50.0803155,14.4177071,Jerome House,hotel,,,,,,
50.0738889,14.4173340,City Hotel Moran,hotel,,,,,,
50.0769145,14.4169585,All in one,hotel,,,,,,
50.0764397,14.4137161,Botel Matylda,hotel,,,,,,
50.0771085,14.4341099,Arkada,hotel,,,,,,
50.0733092,14.3996750,,viewpoint,,,,,,
50.0865112,14.4139273,Muzeum Karlova mostu,museum,,,,,,
50.0902854,14.4211001,Židovské muzeum,museum,,,,,,
50.0850388,14.4244135,Friday,hotel,,,,,,
50.0805719,14.4172692,Galerie ART+UM,museum,,,,,,
50.0806198,14.4204088,Galerie České pojišťovny,museum,,,,,,
50.0829310,14.4195333,Galerie Havelka,gallery,,,,,,
50.0822373,14.4133177,Galerie Hollar,museum,,,,,,
50.0862961,14.4195279,Galerie Zlatá lilie,museum,,,,,,
50.0824118,14.4203337,Galerie Václava Špály,museum,,,,,,
50.0791685,14.4272996,Galerie Smečky,museum,,,,,,
50.1009390,14.4172396,Galerie Scarabeus,museum,,,,,,
50.0901629,14.4152797,Galerie Rudolfinum,museum,,,,,,
50.0747216,14.4328178,Hotel Beránek,hotel,,,,,,
50.0904203,14.4079120,Herkules s kentaurem,artwork,,,,,,
50.0899242,14.4064406,Venuše s Amorem,artwork,,,,,,
50.0861790,14.4131625,svatý Ivo,artwork,memorial,,,,,
50.0862489,14.4127466,"svaté Barbora, Markéta a Alžběta",artwork,memorial,,,,,
50.0862886,14.4123372,Pieta,artwork,memorial,,,,,
50.0863697,14.4119144,svatý Josef,artwork,memorial,,,,,
50.0864162,14.4114886,svatý František Xaverský,artwork,memorial,,,,,
50.0864601,14.4110666,svatý Kryštof,artwork,memorial,,,,,
50.0865084,14.4106414,svatý František Borgia,artwork,memorial,,,,,
50.0865599,14.4102121,svatá Ludmila,artwork,memorial,,,,,
50.0866136,14.4097898,svatý František Serafinský,artwork,memorial,,,,,
50.0869887,14.4076799,"svatí Jan z Mathy, Felix z Valois a Ivan",artwork,memorial,,,,,
50.0870766,14.4073042,svatý Václav,artwork,memorial,,,,,
50.0863006,14.4132146,Madona se svatým Bernardem,artwork,memorial,,,,,
50.0863702,14.4127948,Madona se svatými Dominikem a Tomášem Akvinským,artwork,memorial,,,,,
50.0864369,14.4123911,svatý Kříž s Kalvárií,artwork,memorial,,,,,
50.0864768,14.4119476,svatá Anna,artwork,memorial,,,,,
50.0865268,14.4115165,svatí Cyril a Metoděj,artwork,memorial,,,,,
50.0865766,14.4111014,svatý Jan Křtitel,artwork,memorial,,,,,
50.0866287,14.4106731,"svatí Norbert, Václav a Zikmund",artwork,memorial,,,,,
50.0866796,14.4102490,svatý Jan Nepomucký,artwork,memorial,,,,,
50.0867124,14.4098200,svatý Antonín Paduánský,artwork,memorial,,,,,
50.0867772,14.4094182,svatý Juda Tadeáš,artwork,memorial,,,,,
50.0871792,14.4073533,svatý Salvator se svatými Kosmou a Damiánem,artwork,memorial,,,,,
50.0785799,14.4250165,Hotel Majestic Plaza Prague,hotel,,,,,,
50.0780535,14.4252629,Amarilis Hotel,hotel,,,,,,
50.0866535,14.4093666,Bruncvík,artwork,memorial,,,,,kopie originálu
50.0868498,14.4089848,svatý Augustin,artwork,memorial,,,,,
50.0858810,14.4153090,Hostel Bridge,hostel,,,,,,
50.1011440,14.3976659,Hotel Denisa,hotel,,,,,,
50.0884655,14.3975869,U Červeného lva,hotel,,restaurant,,,,
50.0832674,14.4455380,Pension 15,hostel,,,,,,
50.0973658,14.4365512,Práce,artwork,,,,,,
50.0976227,14.4376837,Humanita,artwork,,,,,,
50.0993309,14.4009675,Dakura,hostel,,,,,,
50.0748197,14.4287623,Hostel Centre,hostel,,,,,,
50.0898195,14.4240121,Antik Hotel,hotel,,,,,,
50.0886624,14.4010592,Hostel Santini Prague,hostel,,,,,,
50.0859394,14.4339756,987 Hotel,hotel,,,,,,
50.0818592,14.4165160,Eurostars Thalia,hotel,,,,,,
50.0906802,14.4258649,Traveller's Hostel,hostel,,,,,,
50.0871830,14.3995651,KGB Muzeum,museum,,,,,,
50.0874978,14.4015660,ubytovací zařízení Akademie můzických umění,hostel,,,,,,
50.0854159,14.3986911,,viewpoint,,,,,,
50.0876228,14.4025220,Little Town Budget Hotel,hotel,,,,,,
50.0764584,14.4231959,Antik City,hotel,,,,,,
50.0870133,14.4081475,svatý Filip Benicius,artwork,memorial,,,,,
50.0869370,14.4085683,svatý Kajetán,artwork,memorial,,,,,
50.0868475,14.4085439,svatá Luitgarda,artwork,memorial,,,,,
50.0867618,14.4089529,svatý Mikuláš Tolentinský,artwork,memorial,,,,,
50.0869101,14.4081004,svatý Vojtěch,artwork,memorial,,,,,
50.0870911,14.4077339,svatý Vít,artwork,memorial,,,,,
50.1029318,14.4087784,Appart Hotel,hotel,,,,,,
50.0863563,14.4051389,svatý Jan Křtitel,artwork,,,,,,
50.0898737,14.4181716,MyHouse Apartments,hotel,,,,,,
50.0909295,14.4389714,,artwork,,clock,,,,
50.0911231,14.3955433,Ponocný,artwork,,,,,,Sochu vytesala Státní průmyslová škola sochařská a kamenická v Hořicích dle modelu od Františka Úprky.
50.0863055,14.4020753,,viewpoint,,,,,,
50.0808916,14.4189558,Élite,hotel,,,,,,
50.0902099,14.4296664,Hotel Salvator,hotel,,,,,,
50.0904804,14.3984753,Pražský hrad,information,,,,,,
50.0869917,14.4516447,Hotel Gloria,hotel,,,,,,
50.0910467,14.3988115,,artwork,,,,,,
50.0910100,14.4247855,Hotel Haštal Prague Old Town,hotel,,,,,,
50.0893912,14.3990052,svatý Filip Neri,artwork,,,,,,původně svatý Jan Sarkander
50.0850459,14.4495119,Hostel One Prague,hostel,,,,,,
50.0876612,14.4098970,Výhled na Karlův most,viewpoint,,,,,,
50.0859846,14.4141698,Museum of Medieval Torture Instruments,museum,,,,,,
50.0740813,14.4294382,Hotel Brixen,hotel,,,,,,
50.0734615,14.4289715,Hostel Advantage,hostel,,,,,,
50.0898028,14.4019058,,viewpoint,,,,,,
50.0893830,14.4308427,ibis Praha Old Town,hotel,,,,,,
50.0789823,14.4133802,Souzvuk,artwork,,,,,,"Dílo z roku 1927, instalováno 1946"
50.0884446,14.4217235,Bed Lounge,hotel,,restaurant,,,,
50.0870009,14.4213856,Galerie art,gallery,,,,,,
50.0869237,14.4203160,Prague City Tourism,information,,,,,,
50.0879972,14.4206383,Tourist information,information,,,,,,
50.0871534,14.4226910,Madame Tussauds,museum,,,,,,
50.0820899,14.4173151,Downtown,hostel,,,,,,
50.0846320,14.4267863,Tourist Information Center,information,,,,,,
50.0879548,14.3989056,Muzeum alchymistů a mágů staré Prahy,museum,,,,,,
50.0907586,14.4225595,Speculum Alchemiæ Prague,museum,,,,,,
50.0830908,14.4020331,Socha dětí,artwork,,,,,,
50.0856639,14.4007832,,viewpoint,,,,,,
50.0833638,14.4099852,,viewpoint,,,,,,
50.0990953,14.4005174,,picnic_site,,,,,,
50.0798628,14.4220099,Le Papillon,hostel,,,,,,
50.0901686,14.4055326,Trčkovská galerie,museum,,,,,,
50.0857044,14.4078532,Kampa Garden,hotel,,,,,,
50.0904174,14.4407534,Florenc,hotel,,,,,,
50.0995300,14.3951105,Hotel DAP,hotel,,,,,,
50.0995990,14.4273988,Capri House,hotel,,,,,,
50.0860985,14.4173026,Ritchie’s hostel & hotel,hotel,,,,,,
50.0907414,14.4085389,Herkules s drakem,artwork,,,,,,
50.0807276,14.4509676,,artwork,,,,,,
50.0808944,14.4512377,základní kámen žižkovského vysílače,artwork,,,,,,
50.0749802,14.4317703,Hotel Tyl,hotel,,,,,,
50.0802878,14.4183714,Ragtime hostel,hostel,,,,,,
50.0813770,14.4283071,Elysee Hotel,hotel,,,,,,
50.0879800,14.4315332,Prague Marriott Hotel,hotel,,,,,,
50.0818487,14.3993287,,viewpoint,,,,,,
50.0903609,14.4405647,Davids Apartments,hostel,,,,,,
50.0826491,14.4466906,Clown & Bard Hostel,hostel,,,,,,
50.0739756,14.4301348,Pension Brezina,hotel,,,,,,
50.0935945,14.4486826,Hotel Karlin,hotel,,,,,,
50.0862608,14.4208187,Sex Machines Museum,museum,,,,,,
50.0737569,14.3943383,Futura Centre,museum,,,,,,
50.0841677,14.4183042,Viselec,artwork,,,,,,zavěšená socha Sigmunda Freuda
50.0924652,14.4436891,Pension Florenc,guest_house,,,,,,
50.0925120,14.4416375,B&B Prague-City Hotel,hotel,,,,,,
50.0891187,14.4067184,Augustine,hotel,,,,,,
50.0778873,14.4184403,Colloseum,hotel,,,,,,
50.0788107,14.4143100,Castle And Charles Bridge View Apartment,apartment,,,,,,
50.0859698,14.4213557,Arcadia Residence,guest_house,,,,,,
50.0873518,14.4170299,Galerie hlavního města Prahy,gallery,,,,,,
50.0887357,14.4425550,Hostel Florenc,hostel,,,,,,
50.0896690,14.4404351,Tourist Centre Florenc,information,,,,,,
50.0893626,14.4396810,,information,,,,,,
50.0898531,14.4401225,,information,,,,,,
50.0828571,14.4187905,U Medvídků,hotel,,,,,,
50.0873267,14.4065971,Charles Bridge Economic Hostel,hostel,,,,,,
50.0867003,14.4353210,Hostel Jednota,hostel,,,,,,
50.0865509,14.4368298,Hotel King David Prague,hotel,,,,,,
50.0907288,14.4339537,Best Western Bílá Labuť,hotel,,,,,,
50.0882709,14.4230578,Prague Siesta,hotel,,,,,,
50.0900646,14.4360616,Grandior Hotel,hotel,,,,,,
50.0796063,14.3966666,Komplex zahrad vrchu Petřína,information,,,,,,
50.0764262,14.4313881,Life Aparthotel Mikovec,hotel,,,,,,
50.0840109,14.4280223,Nyx,hotel,,,,,,
50.0909631,14.4246621,Hotel Maximilian,hotel,,,,,,
50.0814777,14.4281568,Ramada Prague City Centre,hotel,,,,,,
50.0873922,14.4260932,Barceló Old Town Praha,hotel,,,,,,
50.0910940,14.3952055,,information,,,,,,
50.0915009,14.3995661,Pyramidální trpaslík,artwork,,,,,,
50.0746618,14.4319154,Clarion Hotel Prague City,hotel,,,,,,
50.0774313,14.4180691,Mosaic House,hotel,,,,,,
50.0746414,14.4334209,Geosvět,museum,,,,,,
50.0843072,14.4089501,Tučňáci,artwork,,,,,,
50.0840883,14.4324160,Apartments Jeruzalemská,hostel,,,,,,
50.0892920,14.4065157,grotta,attraction,,,,,,
50.0911027,14.4046159,,viewpoint,,,,,,
50.0820474,14.4272883,Meran,hotel,,,,,,
50.0863127,14.4076284,vodník Kabourek,artwork,,,,,,
50.0871115,14.4300883,Hotel Meteor Plaza Prague,hotel,,,,,,
50.0810560,14.4512883,One Room Hotel,hotel,,,,,,
50.0822371,14.4517201,Budget Apartment,hotel,,,,,,
50.0870943,14.4313367,The Grand Mark Prague,hotel,,,,,,
50.0873932,14.4066676,Hotel Pod Věží,hotel,,,,,,
50.0879819,14.4098790,Hergetův palác,hotel,,,,,,
50.0884276,14.4095223,U Páva,hotel,,,,,,
50.0876980,14.4091575,Apartmány Karlův most,hotel,,,,,,
50.0872832,14.4083180,Čertovka,hotel,,,,,,
50.0877332,14.4075334,Lokál Inn,hotel,,,,,,
50.0877651,14.4067113,Hotel Bishop's House,hotel,,,,,,
50.0831204,14.4229518,Čas unáší krásu,artwork,,,,,,
50.0761018,14.4135629,Botel Matylda,hotel,,,,,,
50.0816611,14.4208129,Franz Kafka,artwork,,,,,,
50.0882219,14.4480351,,viewpoint,,,,,,
50.0938683,14.4140542,,viewpoint,,,,,,
50.0936445,14.4074736,,viewpoint,,,,,,
50.0736877,14.4269210,Muzeum Antonína Dvořáka,museum,,,,,,
50.0847489,14.4222605,Prague City Tourism,information,,,,,,
50.0806809,14.4085817,Vltava,artwork,,,,,,
50.0842545,14.4171127,Happy Prague Apartments,hotel,,,,,,
50.0863116,14.4143906,svatý Václav,attraction,memorial,,,,,Viniční sloup se sochou svatého Václava
50.0810014,14.4212752,Michelangelo Grand Hotel,hotel,,,,,,
50.0907763,14.3989344,Císařská konírna,museum,,,,,,
50.0906788,14.3985443,Obrazárna Pražského hradu,museum,,,,,,
50.0919924,14.4310545,Hotel CLEMENT,hotel,,,,,,
50.0919942,14.4308103,Hotel Moods,hotel,,,,,,
50.0904125,14.4052804,Národní pedagogické muzeum a knihovna J. A. Komenského,museum,,library,,,,
50.0841764,14.4277202,Mucha museum,museum,,,,,,
50.0826252,14.4194298,Muzeum Lega,museum,,,,,,
50.0881809,14.4173023,Památník Jaroslava Ježka (Modrý pokoj),museum,,,,,,
50.0882701,14.3946770,Galerie Josefa Sudka,museum,,,,,,
50.0787078,14.4515584,Informační centrum Praha 3,information,,,,,,
50.0879580,14.4217128,Národní galerie v Praze - Palác Kinských,museum,,,,,,Umění Asie a Afriky
50.0863668,14.4135669,Bradáč,artwork,,,,,,
50.0923124,14.4286014,Poštovní muzeum,museum,,,,,,
50.0826602,14.4196423,Design Metropol,hotel,,,,,,
50.0860240,14.4489778,Boudnik Hostel,hostel,,,,,,
50.0880779,14.4186960,Hostel Franz Kafka,hostel,,,,,,
50.0992425,14.4303193,Hotel Belvedere,hotel,,,,,,
50.0869011,14.4073391,Muzeum Karla Zemana,museum,,,,,,
50.0880772,14.4199074,Asten Hotels,hotel,,,,,,
50.0770194,14.4289094,Boutique hotel Seven Days,hotel,,,,,,
50.0799049,14.4051229,Atos,hotel,,,,,,
50.0799275,14.4056291,Hotel Residence Malá Strana,hotel,,,,,,
50.0879393,14.4195066,galerie umění pro děti,gallery,,,,,,
50.0845970,14.4146646,Pachtuv Palace Hotel Prague,hotel,,,,,,
50.0837346,14.4135385,Leonardo,hotel,,,,,,
50.0919491,14.4044807,Muzeum hraček,museum,,,,,,
50.0877510,14.4047966,Residence Malostranská,hotel,,,,,,
50.0876839,14.4053062,Charles,hotel,,,,,,
50.0871882,14.4057192,U Černého orla,hotel,,,,,,
50.0875032,14.4059057,Muzeum pražských pověstí a strašidel,museum,,,,,,
50.0871900,14.4059955,Domus Balthasar,hotel,,,,,,
50.0874128,14.4064528,Apartmány Karlův Most,hotel,,,,,,
50.0873560,14.4065319,Prague Tourist Information,information,,,,,,
50.0886691,14.4037143,Tourist Information,information,,,,,,
50.0886846,14.4049830,U Schnellů,hotel,,,,,,
50.0896530,14.4049974,U tří čápů,hotel,,,,,,
50.0894435,14.4056522,Hotel Waldstein,hotel,,,,,,
50.0902760,14.4041562,Alchymist Prague Castle Suites,hotel,,,,,,
50.0907888,14.4045961,Hotel U Zlaté studně,hotel,,,,,,
50.0914840,14.4087293,Pension Pohádka,guest_house,,,,,,
50.0889870,14.4012326,Apartmány Thunovská 19,hotel,,,,,,
50.0889767,14.4010958,U Zlaté růže,hostel,,,,,,
50.0883929,14.4005023,Gingerbread Museum,museum,,,,,,
50.0883830,14.4001845,Museum Montanelli,museum,,,,,,
50.0883886,14.3994120,Little Quarter,hotel,,,,,,
50.0885624,14.3988675,U Zlatého kola,hotel,,,,,,
50.0885960,14.3983914,U Zlaté podkovy,hotel,,,,,,
50.0886390,14.3977638,Green Lobster,hotel,,,,,,
50.0886803,14.3975975,Hotel Neruda,hotel,,,,,,
50.0884178,14.3975854,Red Lion,hotel,,,,,,
50.0884299,14.3974822,Bijou de Prague,hotel,,,,,,
50.0885439,14.3965836,Hotel Golden Star,hotel,,,,,,
50.0885336,14.3962859,U Krále Karla,hotel,,,,,,
50.0885164,14.3958661,U Zlatého koníčka,guest_house,,,,,,
50.0806185,14.3981883,,viewpoint,,,,,,
50.0769772,14.3988029,Národopisné muzeum - Musaion,museum,,,,,,
50.0967190,14.4062198,Pension Atelier12,guest_house,,,,,,
50.0780129,14.4151616,Gabby's Place Apartment - short term rentals,apartment,,,,,,
50.0773805,14.4268651,Archibald City,hotel,,,,,,
50.0902761,14.4504469,Hotel Adeba,hotel,,,,,,
50.0740472,14.4367331,"HOLIDAY HOME - hotel, pension",guest_house,,,,,,
50.0753902,14.4033095,Hotel Arbes,hotel,,,,,,
50.0750348,14.4338731,Hotel Luník,hotel,,,,,,
50.0731869,14.4236853,Hotel 16 U Svaté Kateřiny,hotel,,,,,,
50.0761993,14.4155719,La Ballerina,hotel,,,,,,
50.0800846,14.4247081,The Icon,hotel,,,,,,
50.0828156,14.4168472,Unitas,hotel,,,,,,
50.0823170,14.4077913,Veršomat,attraction,,,,,,
50.0841675,14.4230943,Prague Inn,hotel,,,,,,
50.0838499,14.4227309,Liberty,hotel,,,,,,
50.0826529,14.4251047,Adria,hotel,,,,,,
50.0817631,14.4261722,Apartmány Melantrich,hotel,,,,,,
50.0816899,14.4263586,Old Town Prague,hotel,,,,,,
50.0816219,14.4261601,Capital Apartments,guest_house,,,,,,
50.0816882,14.4260005,Apartments Jizera,guest_house,,,,,,
50.0815809,14.4265221,EA Hotel Rokoko,hotel,,,,,,
50.0806572,14.4276809,Apartments Jizera,hotel,,,,,,
50.0784652,14.4291803,Mušketýr,hotel,,,,,,
50.0804152,14.4230461,Josef Hlávek,artwork,,,,,,
50.0776096,14.4221779,Praga 1,hotel,,,,,,
50.0857934,14.4035508,Pražské Jezulátko,attraction,,,,,,
50.0887077,14.4262793,Central Hotel Praha,hotel,,,,,,
50.0889441,14.4262362,Hotel Astoria,hotel,,,,,,
50.0858919,14.4221398,Leon D'Oro,hotel,,,,,,
50.0804084,14.4166657,Kolej Arnošta z Pardubic,hotel,,,,,,
50.0810331,14.4194512,The Madhouse Hostel,hostel,,,,,,
50.0837448,14.4211329,Hotel Perla,hotel,,,,,,
50.0821122,14.4188976,Old Town Apartments,hotel,,,,,,
50.0896721,14.4317010,Hotel Atlantic,hotel,,,,,,
50.0895275,14.4312906,Hotel Century Old Town Prague,hotel,,,,,,
50.0772461,14.4157849,U Bubeníčků,hostel,,,,,,
50.0780909,14.4236944,Mojo Inn Hostel,hostel,,,,,,
50.0859725,14.4508892,Bily Lev,hotel,,,,,,
50.0752385,14.4287543,Legie,hotel,,,,,,
50.0790585,14.4169215,Best Western Hotel Pav,hotel,,,,,,
50.0859279,14.4086969,Archibald at the Charles Bridge,hotel,,,,,,
50.0858625,14.4080558,U Hroznu,guest_house,,,,,,
50.0860190,14.4083000,Rezidence Dvořák,hotel,,,,,,
50.0860707,14.4080692,Charming Flats Hroznová,guest_house,,,,,,
50.0861722,14.4080773,Riviera,hotel,,,,,,
50.0863874,14.4083669,U Zlatých nůžek,hotel,,,,,,
50.0862927,14.4089973,Na Kampě,guest_house,,,,,,
50.0864906,14.4089517,U Jezulátka,hotel,,,,,,
50.0873322,14.4079941,Charles Bridge Luxury Apartments,hotel,,,,,,
50.0873959,14.4085332,Prague Center Apartments,hotel,,,,,,
50.0876712,14.4091931,Prague Castle Romantic Apartments,hotel,,,,,,
50.0877968,14.4094050,Historic Centre Apartmens III,hotel,,,,,,
50.0879121,14.4096276,Apartment Charles Bridge - View,hotel,,,,,,
50.0881772,14.4096571,Tkalcovský dvůr,hotel,,,,,,
50.0885540,14.4099870,Charles Bridge Apartments,hotel,,,,,,
50.0731224,14.4311012,Apartment Prague,guest_house,,,,,,
50.0733238,14.4301356,Hotel NOIR,hotel,,,,,,
50.0731327,14.4295294,Hotel Residence Select,hotel,,,,,,
50.0733393,14.4289634,Anyday Apartments,guest_house,,,,,,
50.0740451,14.4289152,Hotel City Central de Luxe,hotel,,,,,,
50.0739590,14.4285397,NABO Apartments,guest_house,,,,,,
50.0752071,14.4270913,Sophie's Hostel,hostel,,,,,,
50.0752139,14.4265655,Jecna Holiday Apartments,guest_house,,,,,,
50.0757579,14.4268767,Residence Jecna,hotel,,,,,,
50.0743928,14.4299827,LaNoblessa 2,hotel,,,,,,
50.0745013,14.4305755,Hotel Raffaello,hotel,,,,,,
50.0740141,14.4306237,Royal Bellezza Apartments,hotel,,,,,,
50.0746992,14.4309751,Aparthotel Lublaňka,hotel,,,,,,
50.0840453,14.4136306,Attractive,hotel,,,,,,
50.0858558,14.4147974,Keplerovo muzeum,museum,,,,,,
50.0858403,14.4148939,U Zlatého stromu,hotel,,,,,,
50.0858988,14.4155672,Muzeum loutek,museum,,,,,,
50.0861002,14.4170209,Hotel Aurus,hotel,,,,,,
50.0861931,14.4172435,Clementin Old Town,hotel,,,,,,
50.0861019,14.4171550,Golden Eagle,hotel,,,,,,
50.0859608,14.4188153,Hotel Palác U Kočků,hotel,,,,,,
50.0864306,14.4201537,Terasa U Prince,hotel,,,,,,
50.0876227,14.4197049,Hotel Lippert,hotel,,,,,,
50.0875616,14.4193639,U Tří bubnů,hotel,,,,,,
50.0856570,14.4209891,Prague Square Hostel,hostel,,,,,,
50.0852196,14.4210171,Hotel Melantrich,hotel,,,,,,
50.0850757,14.4208887,Pension Corto,guest_house,,,,,,
50.0851147,14.4208210,Pension Tara,guest_house,,,,,,
50.0849139,14.4214211,Prague Golden Age,hotel,,,,,,
50.0862339,14.4214911,Hotel Dar,hotel,,,,,,
50.0867672,14.4212133,Grand hotel Praha,hotel,,,,,,
50.0869590,14.4215518,Old Town Square Hotel,hotel,,,,,,
50.0874009,14.4221753,Sklářské muzeum Moser,museum,,,,,,
50.0877920,14.4220539,Černý slon,hotel,,,,,,
50.0850582,14.4166192,U Krále Jiřího,hotel,,,,,,
50.0857432,14.4160988,Pension U Lilie,guest_house,,,,,,
50.0856950,14.4164609,Residence Liliová,hotel,,,,,,
50.0855366,14.4152700,Apartment house Anenská,guest_house,,,,,,
50.0822442,14.4145002,Apartmán Krocínova,guest_house,,,,,,
50.0834146,14.4158333,,hotel,,,,,,
50.0831564,14.4159835,Hotel Cloister Inn,hotel,,,,,,
50.0748524,14.4226156,Hotel Donatello,hotel,,,,,,
50.0917605,14.4038610,,information,,cafe,,,,
50.0919436,14.4052495,,viewpoint,,,,,,
50.0763542,14.3989116,,viewpoint,,,,,,
50.0871433,14.4026655,Aria,hotel,,,,,,
50.0875671,14.4184658,The Emblem Hotel,hotel,,,,,,
50.0898261,14.4282935,City Centre,hotel,,,,,,
50.0856191,14.4323122,Hotel Zlatá Váha,hotel,,,,,,
50.0751372,14.4232516,Artharmony Hostel,hostel,,,,,,
50.0777076,14.4184880,Prague Centre Apartments,hostel,,,,,,
50.1011234,14.4159334,Art Hotel Praha,hotel,,,,,,
50.0855625,14.4514069,Columbo,hotel,,,,,,
50.0939144,14.4484738,Hostel,hostel,,,,,,
50.0942134,14.4075777,Niké 89,artwork,,,,,,
50.0872320,14.3945971,,artwork,,,,,,
50.0872818,14.3948288,,artwork,,,,,,
50.0905163,14.4304300,Hotel Grand Majestic Plaza,hotel,,,,,,
50.0843445,14.4244693,Hostel Ananas,hostel,,,,,,
50.0827719,14.4226930,brána Karla IV.,artwork,,,,,,
50.0813983,14.4100665,,viewpoint,,,,,,
50.0897261,14.4371905,Designhotel Elephant,hotel,,,,,,
50.0738211,14.4270482,Váza s putti,artwork,,,,,,
50.0738241,14.4272079,Podzim a Léto (Bakchus a Demeter),artwork,,,,,,
50.0737672,14.4272530,Zima a Jaro (Apollon a Artemis),artwork,,,,,,
50.0736827,14.4271579,Váza s putti,artwork,,,,,,
50.0850085,14.4333531,Pamětní deska Franze Werfela,information,,,,,,
50.0860248,14.4179314,Apple museum,museum,,,,,,
50.0881510,14.4258555,Buddha Bar Hotel Prague,hotel,,,,,,
50.0800770,14.4264014,Alcron Hotel,hotel,,,,,,
50.0748253,14.4379354,U Svaté Ludmily,hostel,,,,,,
50.0867985,14.4165155,Barokní knihovní sál,attraction,,,,,,
50.0869198,14.4165128,Zrcadlová kaple,attraction,,place_of_worship,,christian,,
50.0929773,14.4010640,Herkulova kašna,artwork,,fountain,,,,Herkules zdolávající Kerbera
50.0814794,14.4417216,Ptačí obelisk,artwork,,,,,,bývalá zahrada Kanálka
50.0875220,14.4069565,,artwork,,,,,,historický kandelábr
50.0922573,14.4239939,Národní galerie v Praze - Klášter sv. Anežky České,museum,,,,,,Středověké umění v Čechách a střední Evropě
50.0893314,14.3974442,Národní galerie v Praze - Salmovský palác,museum,,,,,,Umění 19. století od klasicismu k romantismu
50.0891148,14.3968716,Národní galerie v Praze - Schwarzenberský palác,museum,,,,,,Baroko v Čechách
50.0902855,14.3966952,Národní galerie v Praze - Šternberský palác,museum,,,,,,Evropské umění od antiky do závěru baroka
50.0870963,14.4029207,Millennium,gallery,,,,,,
50.0848698,14.4087281,Réva,artwork,,,,,,
50.0926218,14.4013110,Alegorie noci,artwork,,,,,,
50.0795741,14.4435706,Dívka s obručí,artwork,,,,,,
50.0868505,14.3978746,Quo vadis,artwork,,,,,,Připomínka událostí z podzimu roku 1989. Kopie umístěna v roce 2001.
50.0856677,14.4197722,Iron Gate Hotel & Suites,hotel,,,,,,
50.0888428,14.4140567,Dům syna,artwork,,,,,,
50.0887775,14.4141410,Dům matky,artwork,,,,,,
50.0881466,14.4186356,Apartments Kaprova,hotel,,,,,,
50.0865908,14.4108808,Svržení Jana Nepomuckého z mostu,attraction,wayside_shrine,,,christian,,
50.0905688,14.4208934,Galerie Roberta Guttmanna,gallery,,,,,,
50.0913663,14.3975138,Krakonoš,artwork,,,,,,
50.0783646,14.4022957,,viewpoint,,,,,,
50.0843662,14.4230850,středověký hradební můstek,attraction,ruins,,,,,ve vestibulu metra
50.0833143,14.4236853,Kubistická lampa,artwork,,,,,,
50.0840882,14.4323002,CitySpot,hotel,,,,,,
50.0920574,14.4042704,Zlatá ulička,viewpoint,,,,,,
50.0789232,14.4246113,Pension Alabastr,guest_house,,,,,,
50.0788033,14.4250947,Francouzský institut,yes,,,,,,
50.0771763,14.4341499,Slezská Rybárna,hotel,,restaurant,,,,
50.0772745,14.4337274,National Museum Apartments,hotel,,,,,,
50.0781015,14.4321141,Royal Plaza Hotel,hotel,,,,,,
50.0789892,14.4295755,Muzeum,hotel,,,,,,
50.0799192,14.4304004,Occidental Praha Wilson,hotel,,,,,,
50.0899626,14.4069749,Adonis a Venuše,artwork,,,,,,
50.0899712,14.4072255,Apollon,artwork,,,,,,
50.0907369,14.4079654,Apollon,artwork,,,,,,
50.0899174,14.4072321,Bakchus,artwork,,,,,,
50.0903680,14.4075042,Boj Nymfy se Satyrem,artwork,,,,,,
50.0903701,14.4084153,Diana,artwork,,,,,,
50.0899104,14.4069798,Dvojice zápasníků,artwork,,,,,,
50.0894094,14.4070805,Herkules,artwork,,,,,,
50.0899107,14.4068378,Kráčející kůň,artwork,,,,,,
50.0899498,14.4068342,Kůň s hadem,artwork,,,,,,
50.0899126,14.4071058,Láokoón a synové,artwork,,,,,,
50.0906849,14.4085999,Najády,artwork,,,,,,
50.0906998,14.4084535,Najády,artwork,,,,,,
50.0907789,14.4086159,Najády,artwork,,,,,,
50.0907910,14.4084743,Najády,artwork,,,,,,
50.0899670,14.4071010,Neptun,artwork,,,,,,
50.0835738,14.4268457,AZ Hostel,hostel,,,,,,
50.0841612,14.4207812,Hotel Jewel,hotel,,,,,,
50.0810950,14.4510707,,viewpoint,,,,,,
50.0877000,14.4265631,Grand Hotel Bohemia,hotel,,,,,,
50.0882618,14.4280383,Hotel Kings Court Prague,hotel,,,,,,
50.0893661,14.4239497,Mysterius Hotel Carnival,hotel,,,,,,
50.0749157,14.4388720,,guest_house,,,,,,
50.0877103,14.4145373,Four Seasons Hotel Prague,hotel,,,,,,
50.0905228,14.3992002,,information,,,,,,
50.0897414,14.4434958,,hostel,,,,,,
50.0807813,14.4179018,Equity Point Prague,hostel,,,,,,
50.0935507,14.4127462,,viewpoint,,,,,,
50.0811093,14.4257924,Kůň,artwork,,,,,,
50.0995075,14.4356307,Kalich,artwork,,,,,,
50.0858898,14.4151005,Pension Karlova,guest_house,,,,,,
50.0920186,14.4088571,Dívka s holubicí,artwork,,,,,,
50.0745977,14.4427654,Post Hostel,hostel,,,,,,
50.0760699,14.4378939,Wandering Praha B&B,guest_house,,,,,,
50.0797967,14.4220123,Hostel Daniela,hostel,,,,,,
50.0844686,14.4491617,Hotel Victoria,hotel,,,,,,
50.0847200,14.4054613,Mandarin Oriental Prague,hotel,,,,,,
50.0914688,14.4310005,Hotel UNIC Prague,hotel,,,,,,
50.0894537,14.4003740,Dobrý pastýř,artwork,,,,,,
50.0832944,14.4188633,Ahoy! Hostel,hostel,,,,,,
50.0877930,14.4078242,Mango,hostel,,,,,,
50.0871093,14.4335590,Hostel One Home,hostel,,,,,,
50.0889180,14.4234729,Hostel Prague Tyn,hostel,,,,,,
50.0844497,14.4158024,Old Prague House,hostel,,,,,,
50.0918147,14.4411382,cartas,hostel,,,,,,
50.0742674,14.4375224,Prague Hostel Cathedral,hostel,,,,,,
50.0894185,14.4342347,Mamaison Hotel,hotel,,,,,,
50.0896955,14.4344869,Motel One,hotel,,,,,,
50.0901206,14.4370618,A Plus Hostel,hostel,,,,,,
50.0916934,14.4325898,Grand Gru,guest_house,,,,,,
50.0943234,14.3953288,Marie Terezie,artwork,,,,,,
50.0772102,14.4313530,Deminka Palace,hotel,,,,,,
50.0772541,14.4301246,EA Hotel Downtown,hotel,,,,,,
50.1033804,14.4440901,Ubytovna Holešovice,hostel,,,,,,
50.0861408,14.4135994,Muzeum Prahy,museum,,,,,,
50.0852287,14.3947251,,picnic_site,,,,,,
50.0854050,14.3942633,,viewpoint,,,,,,
50.0829977,14.4481653,City Lounge Hotel,hotel,,,,,,
50.0876800,14.4184299,,hotel,,,,,,
50.0899659,14.4277338,Dům fotografie,gallery,,,,,,
50.0771883,14.4477469,,viewpoint,,,,,,
50.0776252,14.4181202,Hledání štěstí,artwork,,,,,,
50.0911741,14.4047153,Moravská bašta,viewpoint,,,,,,
50.0949924,14.4372568,,information,,,,,,
50.0895058,14.4389934,,artwork,,,,,,
50.0776294,14.4266366,Hotel Andante,hotel,,,,,,
50.0825484,14.4148092,,attraction,,,,,,
50.0868107,14.4501125,Victor,hotel,,,,,,
50.0849059,14.4197907,U Staré paní,hotel,,,,,,
50.0995774,14.4459607,,information,,,,,,
50.0841423,14.4308190,Domus Apartments,hotel,,,,,,
50.0876083,14.3991700,Constans,hotel,,,,,,
50.0874304,14.3990500,Vintage design hotel Sax,hotel,,,,,,
50.0854029,14.4174682,Pension Green Garland,hotel,,,,,,
50.0869733,14.4230549,Choco-Story Muzeum čokolády,museum,,,,,,
50.0862787,14.4172240,U Černé hvězdy,hotel,,restaurant,,,,
50.0858712,14.4146581,Colloredo - Mansfeldský palác,museum,,,,,,
50.0820330,14.3965630,expozice historie lanové dráhy,museum,,,,,,
50.0833112,14.3948866,Petřínské stavby,information,,,,,,
50.0747234,14.4417990,Anna,hotel,,,,,,
50.0764787,14.4272133,1. Republic Hotel,hotel,,,,,,
50.0951942,14.4083626,Bílkova vila,museum,,,,,,
50.0970732,14.4232427,Národní zemědělské muzeum,museum,,,,,,
50.0754502,14.4142083,Dancing House,hotel,,,,,,
50.0915650,14.4360381,Hotel Merkur,hotel,,,,,,
50.0882114,14.4047740,Malostranská beseda,yes,,cafe,,,,
50.0884151,14.4047949,Malostranská beseda,yes,,restaurant,,,,
50.0884520,14.4262493,Hotel Royal Esprit,hotel,,,,,,
50.0879555,14.4242148,Metamorphis,hotel,,,,,,
50.0860620,14.4495974,Hotel Amadeus,hotel,,,,,,
50.0796174,14.4276337,K+K Hotel Fenix,hotel,,,,,,
50.0822643,14.4299237,Grandium Prague,hotel,,,,,,
50.0780993,14.4235171,PurPur,hotel,,,,,,
50.0860049,14.4500709,Jump In,hostel,,,,,,
50.0771937,14.4463499,La Fenice,hotel,,,,,,
50.0883710,14.4249736,Jan Václav Vratislav z Mitrovic,attraction,tomb,,,,,
50.0882744,14.4246229,Zlodějova ruka,attraction,,,,,,
50.0797910,14.4296818,svatý Prokop,artwork,,,,,,
50.0797627,14.4297701,svatá Anežka Česká,artwork,,,,,,
50.0798081,14.4297086,svatá Ludmila,artwork,,,,,,
50.0797471,14.4297452,svatý Vojtěch,artwork,,,,,,
50.0856760,14.4051639,Kotrba,gallery,,,,,,
50.0988169,14.4477838,Trafo Gallery,gallery,,,,,,
50.0777619,14.4180159,Lehká nejistota (muž),artwork,,,,,,
50.0795477,14.4178764,Hotel Koruna,hotel,,,,,,
50.0856234,14.4229967,V Rytířské,gallery,,,,,,
50.0844262,14.4210835,U Vavrysů,gallery,,,,,,
50.0866309,14.4143010,,museum,,,,,,
50.0793474,14.4243626,Galerie Leica,museum,,,,,,
50.0968491,14.4108560,,information,,,,,,
50.0954326,14.4116446,,information,,,,,,
50.0946838,14.4167539,,information,,,,,,
50.0956813,14.4114267,,information,,,,,,
50.0958185,14.4246033,,information,,,,,,
50.0943168,14.4154078,,information,,,,,,
50.0730106,14.4312778,,attraction,,,,,,
50.0826928,14.4476947,hunt kastner,gallery,,,,,,
50.0873059,14.4339806,,information,,,,,,
50.0873007,14.4342822,,information,,,,,,
50.0915510,14.4048681,Lobkovický palác,museum,,,,,,
50.0914405,14.4047723,,viewpoint,,,,,,
50.0884724,14.4495703,,viewpoint,,,,,,
50.0883547,14.4467625,,viewpoint,,,,,,
50.0884786,14.4476349,,viewpoint,,,,,,
50.0831570,14.4084731,Harmonie,artwork,,,,,,
50.0834293,14.4085724,Titáni,artwork,,,,,,
50.0836094,14.4075468,Sedící dívka,artwork,,,,,,
50.0841228,14.4236408,,viewpoint,,,,,,
50.0812468,14.4132576,Triga,artwork,,,,,,
50.0812557,14.4137275,Triga,artwork,,,,,,
50.0869802,14.4207138,Staroměstský orloj,attraction,,clock,,,,
50.0843785,14.4244045,Merchants Crown Hotel,hotel,,,,,,
50.0949133,14.4119723,,artwork,,,,,,
50.0761796,14.4286710,Приют моряка,guest_house,,,,,,
50.0794651,14.4197499,svatý Jan Nepomucký,artwork,,,,,,
50.0996057,14.4387704,Vltava,artwork,,,,,,
50.0900327,14.4062661,,artwork,,,,,,
50.0897920,14.4062773,,artwork,,,,,,
50.0897994,14.4066125,,artwork,,,,,,
50.0900396,14.4066016,,artwork,,,,,,
50.0914492,14.4330853,Oasis Prague Apartments,hotel,,,,,,
50.0919346,14.4062346,,viewpoint,,,,,,
50.0797809,14.4297217,svatý Václav,artwork,,,,,,
50.0774150,14.4286267,Salvator Boutique Hotel,hotel,,,,,,
50.0934302,14.4254051,,attraction,,,,,,
50.0768094,14.4035429,U Martina,hotel,,,,,,
50.0965913,14.4060069,,guest_house,,,,,,
50.0891819,14.4049578,Navrátil,gallery,,,,,,
50.0847997,14.4332041,Ruterra apartment,apartment,,,,,,
50.0866842,14.4093779,svatý Vincenc Ferrerský a svatý Prokop,artwork,memorial,,,,,
50.0737488,14.4244339,Ovce,artwork,,,,,,
50.0899675,14.4320782,Cosmopolitan Hotel,hotel,,,,,,
50.0775457,14.4179212,Lehká nejistota (žena),artwork,,,,,,
50.0917650,14.4248084,Hotel Casa Marcello,hotel,,,,,,
50.0823428,14.4346280,,artwork,,,,,,
50.0840413,14.4358792,,artwork,,,,,,
50.0790022,14.4355797,Balbin,hotel,,,,,,
50.0958059,14.4281018,Artwall Gallery,museum,,,,,,Public space gallery.
50.0876757,14.4325007,,information,,,,,,
50.0905240,14.4363664,,hostel,,,,,,
50.0946028,14.4111758,Letenské sady,information,,,,,,
50.0932762,14.4517909,Trialog,artwork,,,,,,
50.0900792,14.4392243,Bitva o Sokolovo,artwork,,,,,,
50.0779506,14.3983540,,viewpoint,,,,,,
50.0766016,14.4444171,,artwork,,,,,,
50.0841869,14.4173456,Za pravdu,artwork,,,,,,
50.0865946,14.4093546,,viewpoint,,,,,,
50.0850503,14.4140370,Prague Beer Museum,museum,,,,,,
50.0943782,14.4177650,,viewpoint,,,,,,
50.0887197,14.4111216,Vyhlídka Maleni,viewpoint,,,,,,
50.0865988,14.4513462,Three Crowns hotel,hotel,,,,,,
50.0865299,14.4517012,Three Crowns hotel,hotel,,,,,,
50.0830211,14.3940088,,picnic_site,,,,,,
50.0828531,14.4042881,Nikon Photo Gallery,gallery,,,,,,
50.0843600,14.4136524,Galerie Hollar,gallery,,,,,,
50.0815863,14.4140348,Věda a umění,gallery,,,,,,
50.0906029,14.4007108,Zlatá brána,artwork,,,,,,Zlatá brána s mozaikou Posledního soudu
50.0935446,14.4517617,Křižíkova elektrická lampa,artwork,,,,,,
50.0921429,14.4068819,,viewpoint,,,,,,
50.0831724,14.4224998,Hotel Jungmann,hotel,,,,,,
50.0923316,14.4517734,,artwork,,,,,,
50.0878515,14.4300109,Muzeum komunismu,museum,,,,,,
50.0865650,14.4029729,salla terrena,artwork,,,,,,
50.0802824,14.4220207,Church Pension Husův Dům,guest_house,,,,,,
50.0920173,14.4308041,,hotel,,,,,,
50.0742851,14.4144815,USE-IT Praha,information,,,,,,
50.0929128,14.4244050,,artwork,,,,,,
50.0981205,14.4464069,,viewpoint,,,,,,
50.0981139,14.4462529,,viewpoint,,,,,,
50.0980994,14.4454554,,viewpoint,,,,,,
50.0981048,14.4453066,,viewpoint,,,,,,
50.0928230,14.4406479,Plastiky,artwork,,,,,,
50.0884190,14.3988928,Golden Key,hotel,,,,,,
50.0761422,14.4378477,,hostel,,,,,,
50.0884241,14.4326851,,information,,,,,,
50.0882029,14.4326482,,information,,,,,,
50.0764425,14.4234078,Crystal Palace,hotel,,,,,,
50.0840656,14.4326876,Chopin,hotel,,,,,,
50.0992746,14.4384175,Vltava,artwork,,,,,,
50.0851765,14.4300640,Panorama 9th floor,viewpoint,,,,,,
50.0917122,14.4002881,Maska,artwork,,,,,,
50.0865415,14.4045089,svatý Prokop,artwork,,,,,,
50.0850245,14.4463461,Sklep,guest_house,,,,,,
50.0819321,14.4065177,svatý Jan Nepomucký,artwork,,,,,,
50.0919293,14.4058815,svatá Barbora,artwork,,,,,,
50.0935080,14.4052008,Vítězství,artwork,,,,,,
50.0880918,14.4235402,Den a Noc,artwork,,,,,,kopii zhotovil Milan Vácha
50.0872391,14.4048249,Malá tanečnice,artwork,,,,,,
50.0888431,14.4049181,svatý Hubert s jelenem,artwork,,,,,,
50.0876000,14.4085047,svatý Petr,artwork,,,,,,
50.0850285,14.4071831,Dívka s amfórou,artwork,,,,,,Zde umístěna v roce 1983
50.0965127,14.4314615,Muzeum Her,museum,,,,,,
50.0846042,14.4149369,Vlasta,artwork,,,,,,
50.0844135,14.4144794,The RoadHouse Prague,hostel,,,,,,
50.0767899,14.4154474,Eurostars David,hotel,,,,,,
50.0885117,14.3996190,Nerudova,attraction,,,,,,
50.0817949,14.4263245,,apartment,,,,,,
50.0808943,14.4140272,Znovuzrození,artwork,,,,,,
50.0895901,14.4310034,,information,,,,,,
50.0796213,14.4183958,LOSTROOMS.cz,quest,,,,,,Escape rooms in Prague
50.0842322,14.3970122,,viewpoint,,,,,,
50.0910060,14.4095738,Meleagros a Atalanta,artwork,,,,,,
50.0880897,14.4230554,Muzeum hlavního města Prahy - Dům U Zlatého prstenu,museum,,,,,,
50.0866815,14.4352612,,hotel,,,,,,
50.0884438,14.3937913,Domus Henrici,hotel,,,,,,
50.0764247,14.4269106,Mamaison,hotel,,,,,,
50.0808776,14.4022015,,viewpoint,,,,,,
50.0887886,14.4423679,,hostel,,,,,,
50.0933142,14.4456514,,apartment,,,,,,
50.0841504,14.4288988,Muzeum smyslů,museum,,,,,,
50.0801235,14.4151907,Harry Potter apartments,apartment,,,,,,
50.0902729,14.4260932,Apartment Aida,apartment,,,,,,
50.0902420,14.4260262,Apartment Rybná 24,apartment,,,,,,
50.0812515,14.4217594,,apartment,,,,,,
50.0879278,14.4095378,,attraction,,,,,,
50.0923906,14.4249246,,artwork,,,,,,
50.0765278,14.4044656,,information,,,,,,
50.0903099,14.3981389,Plečnikova Pyramida,attraction,,,,,,
50.0760869,14.4368880,,artwork,,,,,,
50.0760521,14.4370851,,artwork,,,,,,
50.0911951,14.4256983,Metropolitan,hotel,,,,,,
50.0852800,14.4254982,Papilonia - Motýlí dům Praha,zoo,,,,,,
50.0853471,14.4256153,Czech Repubrick – Lego země českých památek,museum,,,,,,
50.0851404,14.4507815,,apartment,,,,,,
50.0753848,14.4149197,,hotel,,,,,,
50.0878324,14.4096113,Vinárna Čertovka,attraction,,,,,,
50.0832602,14.4163394,,apartment,,,,,,
50.0793584,14.4271346,Dream Hostel Prague,hostel,,,,,,
50.0807976,14.4016710,,viewpoint,,,,,,
50.0867405,14.3946111,,artwork,,,,,,
50.0869601,14.3932259,,artwork,,,,,,
50.0865642,14.3959521,Pieta,artwork,,,,,,"Pieta původně stála na Karlově mostě, přesunuta byla v roce 1895."
50.0788262,14.4177366,Residence Pinkas Prague,hotel,,,,,,
50.0768443,14.4268893,Residence V Tůních 14,apartment,,,,,,
50.0822346,14.4229954,Národní Filmové Muzeum,museum,,,,,,
50.0796399,14.4176487,Ai Quattro Angeli,apartment,,,,,,
50.0878029,14.4323142,Mineralia Gemstone Museum,museum,,,,,,
50.0923118,14.4283012,Novomlýnská vodárenská věž,viewpoint,,,,,,
50.0923218,14.4283109,Novomlýnská vodárenská věž,viewpoint,,,,,,
50.0791344,14.4306197,Národní muzeum věž,viewpoint,,,,,,
50.0755026,14.4140710,Dancing House viewpoint,viewpoint,,,,,,
50.0905916,14.4268625,Residence Bene,hotel,,,,,,
50.0871991,14.3953469,,artwork,,,,,,
50.0786707,14.4251286,Majestic Plaza,hotel,,,,,,
50.1012962,14.4250832,Kompostér,attraction,,,,,,
50.0908979,14.4095945,Klíč od města,artwork,,,,,,
50.0862255,14.4068498,Zeď Johna Lenona,artwork,,,,,,
50.0869939,14.4207067,Staroměstský orloj,attraction,,,,,,
50.0865294,14.4202200,,artwork,,,,,,
50.0876753,14.4191204,Čtenář v křesle,artwork,,,,,,
50.0788817,14.4191412,Luxury apartment Spálená,apartment,,,,,,
50.0860854,14.4293374,Boho,hotel,,,,,,
50.0857833,14.4151493,Český granát,museum,,,,,,
50.0858868,14.4146037,Galerie hlavního města Prahy,gallery,,,,,,
50.0867312,14.4075862,Film Special effects,museum,,,,,,
50.0898760,14.4433498,Karlin Studios,artwork,,,,,,
50.0894970,14.4068173,Ryba,artwork,,,,,,
50.0784080,14.4213617,Invisible exhibition,museum,,,,,,
50.0839679,14.4085649,Kampa,museum,,,,,,
50.0905674,14.3963666,Lev,artwork,,,,,,
50.0840023,14.4085198,Kampa,museum,,,,,,
50.0758692,14.4310554,,hotel,,,,,,
50.0781525,14.4213121,Novoměstská radnice,viewpoint,,,,,,
50.0749846,14.4002762,Stanice přírodovědců,information,,,,,,Mapa areálu Stanice přírodovědců
50.0840125,14.4229794,,museum,,,,,,
50.0877169,14.3987234,,guest_house,,,,,,
50.0825008,14.4038145,Komplex zahrady vrchu petřína,information,,,,,,
50.0768515,14.3995306,,artwork,,,,,,
50.0813247,14.4000703,Magická jeskyně,gallery,,,,,,Galerie malíře Reona Argondiana a muzeum vysněné země Argondie
50.0898776,14.4016150,Pyramida,artwork,,,,,,
50.0896717,14.4012775,Malý belvedér,viewpoint,,,,,,
50.0912123,14.4047183,Jehla,artwork,,,,,,
50.0906019,14.4032889,,viewpoint,,,,,,
50.0906307,14.4032555,Herkules,artwork,,,,,,
50.0902268,14.4024040,,artwork,,,,,,
50.0896918,14.4013993,,artwork,,,,,,
50.0896787,14.4013751,,artwork,,,,,,
50.0896651,14.4013487,,artwork,,,,,,
50.0896515,14.4013250,,artwork,,,,,,
50.0908476,14.4013052,svatý Jan Nepomucký,artwork,,,,,,
50.0814541,14.4160629,svatý Jan Nepomucký,artwork,,,,,,
50.0797002,14.4458482,Krakonoš,artwork,,,,,,
50.0835075,14.4232491,,artwork,,,,,,
50.0871191,14.4255121,Černá Matka Boží,artwork,,,,,,barokní socha umístěna na fasádě
50.0871900,14.4259905,,artwork,,,,,,sochy vojáků a horníků umístěny na portálu
50.0872224,14.4254268,Madona s Ježíškem,artwork,,,,,,socha umístěna na fasádě
50.0867508,14.4154205,Čtenáři,artwork,,,,,,Sochy čtenářů na kašně
50.0903047,14.3999858,svatý Václav,artwork,,,,,,
50.0835311,14.4199327,Amadeus,apartment,,,,,,
50.0910572,14.4023259,svatý Jan Nepomucký,artwork,,,,,,socha nad vchodem
50.0850709,14.4198978,svatý Hubert s jelenem,artwork,,,,,,
50.0864238,14.4160254,Vlaštovka,artwork,,,,,,
50.0834352,14.4173831,svatý Václav,artwork,,,,,,kopie z umělého kamene
50.0830241,14.4205153,Schoulená,artwork,,,,,,
50.0887139,14.3969808,Toileta,artwork,,,,,,
50.0864028,14.4157833,Strom,artwork,,,,,,
50.0916899,14.3986800,,viewpoint,,,,,,
50.0735376,14.3946969,Brown-nosing,artwork,,,,,,Přístupno přes galerii Futura. Po vnoření hlavy do otvoru je možno sledovat video.
50.0908567,14.4092758,Merkur a Venuše,artwork,,,,,,
50.0903360,14.4064164,Albrecht z Valdštejna,artwork,,,,,,Kopii podle sádrové sochy vytvořil restaurátor Petr Dvořák
50.0937209,14.4089073,,viewpoint,,,,,,
50.0890200,14.4016708,Panna Maria,artwork,,,,,,socha umístěna na fasádě
50.0856260,14.4144622,Neptun,artwork,,fountain,,,,
50.0852539,14.4475924,A&A,apartment,,,,,,
50.0786192,14.3963333,,viewpoint,,,,,,
50.0775806,14.3938390,,viewpoint,,,,,,
50.0912043,14.4095400,Naděje,artwork,,,,,,Kopie dle originálu z Kuksu. Socha se nachází ve vestibulu metra na eskalátorem z nástupiště.
50.0862062,14.4050309,Prague Segway Tours,information,,,,,,"Touristic agency: Segway tours, e-bike tours, e-bike rental, e-scooter tours, trike tours
Live-Guided tours and rental point"
50.0956550,14.4200624,,viewpoint,,,,,,
50.0995163,14.3998528,Fontána,hostel,,,,,,
50.0880907,14.4249798,Galerie Jakubská,gallery,,,,,,
50.0910601,14.4095984,Skromnost,artwork,,,,,,
50.0911588,14.4088838,Polyhymnia,artwork,,,,,,
50.0911270,14.4089205,Apollón,artwork,,,,,,
50.0910719,14.4089842,Démétér,artwork,,,,,,
50.0910401,14.4090209,Olympos,artwork,,,,,,Mýtický pěvec z Frýgie
50.0909735,14.4090895,Bakchus,artwork,,,,,,
50.0909395,14.4091271,Venuše,artwork,,,,,,
50.0848577,14.4062497,svatý Florián,artwork,,,,,,
50.1013832,14.4156634,Výstřední gravitace,artwork,,,,,,
50.0755100,14.4364614,,information,,,,,,
50.0744189,14.4036065,svatý Jan Nepomucký,artwork,,,,,,
50.0791959,14.4042507,Deset deka tanku,artwork,,,,,,
50.1026603,14.4249341,,artwork,,,,,,
50.1026598,14.4250207,,artwork,,,,,,
50.0910613,14.4486362,,artwork,,,,,,
50.0910586,14.4186071,King Kong Balls,artwork,,,,,,
50.0803826,14.3980447,NS Petřín: Hmyzí opylovatelé,information,,,,,,
50.0804807,14.3981048,NS Petřín: Zahrady na Petříně,information,,,,,,
50.0790198,14.3982587,NS Petřín: Ropucha obecná,information,,,,,,
50.0985981,14.4230519,domov,guest_house,,,,,,
50.0882873,14.4333229,,viewpoint,,,,,,
50.0870036,14.4235086,Univerzitní hotel Opitzův dům,hotel,,,,,,
50.0884431,14.4030317,Svatováclavská rotunda,attraction,ruins,,,,,
50.0897649,14.4101221,Muzeum slivovice R. Jelínek,museum,,,,,,
50.0854699,14.4082313,Zdeněk Wirth,artwork,,,,,,
50.0854829,14.4081640,Jan Werich,artwork,,,,,,
50.0794463,14.4319149,Tvárnice,artwork,,,,,,
50.0873657,14.4213252,Panna Maria,artwork,,,,,,
50.0799514,14.4018745,,viewpoint,,,,,,
50.0946691,14.4334859,Elektrárna Štvanice,information,,,,,,
50.0778112,14.4303541,,information,,,,,,
50.0966746,14.4472671,,picnic_site,,,,,,
50.0966702,14.4435066,,picnic_site,,,,,,
50.0964396,14.4455338,,picnic_site,,,,,,
50.0963347,14.4391684,Tenista,artwork,,,,,,
50.0965260,14.4416918,,picnic_site,,,,,,
50.0964545,14.4128151,,information,,,,,,
50.0953338,14.4374810,,artwork,,,,,,
50.0925968,14.4371860,,artwork,,,,,,
50.0877261,14.4211250,Jan Hus,artwork,,,,,,
50.0839874,14.4332028,Thomas Woodrow Wilson,information,,,,,,
50.0748631,14.4136575,(A)viod gallery,gallery,,,,,,
50.0818371,14.4241277,brána Platónská,artwork,,,,,,
50.0825303,14.4229447,brána Živý Kříž,artwork,,,,,,
50.0858848,14.4477496,NS Žižkov - Nostalgie pavlačových domů,information,,,,,,
50.0850420,14.4418060,NS Žižkov - První pražský mrakodrap a okolí,information,,,,,,
50.1030709,14.4212094,Eva Kmentová a Olbram Zoubek dětem,information,,,,,,
50.0958085,14.4253757,Letenské sady - Lanová dráha na Letnou,information,,,,,,
50.0840828,14.4071093,Faun,artwork,,,,,,
50.0834845,14.4232028,Nosorožec,artwork,,,,,,
50.0736110,14.4268799,Herkules,artwork,,,,,,
50.0737121,14.4267973,Kakus,artwork,,,,,,
50.0738536,14.4273969,Imperátor,artwork,,,,,,
50.0778157,14.4500415,NS Žižkov - Náměstí Jiřího z Poděbrad,information,,,,,,
50.0803802,14.4488601,NS Žižkov - Horní Žižkov,information,,,,,,
50.0812070,14.4499262,NS Žižkov - Kontrasty,information,,,,,,
50.0785545,14.4150393,svatý Jan Nepomucký,artwork,,,,,,
50.0803415,14.4179725,Hotel Adler Praha,hotel,,,,,,
50.0835515,14.4082747,,artwork,,,,,,
50.0751301,14.4042615,,artwork,,,,,,
50.0906395,14.4236510,Sunflower Gate,artwork,,,,,,
50.0789423,14.4352193,Capsule Hostel Prague,hostel,,,,,,
50.0821198,14.3964014,Komplex zahrad vrchu Petřína,information,,,,,,
50.0813117,14.3975568,Pozorování oblohy velkými dalekohledy,information,,,,,,
50.0814066,14.3975938,Sluneční hodiny,information,,,,,,
50.0776550,14.3995456,NS Petřín: Pes v parku,information,,,,,,
50.0788176,14.4033000,NS Petřín: Památné stromy,information,,,,,,
50.0788260,14.4033634,Komlex zahrad vrchu Petřína,information,,,,,,
50.0803779,14.4000142,NS Petřín: PP Petřínské skalky,information,,,,,,
50.0848208,14.3931477,NS Petřín,information,,,,,,
50.0817468,14.4017792,NS Petřín: Umělci,information,,,,,,
50.0798381,14.4317851,,artwork,,,,,,
50.0810102,14.4248451,Prague Fear House,theme_park,,,,,,
50.0859313,14.4350616,Vrchlického sady,information,,,,,,
50.0830011,14.4232435,,artwork,,,,,,
50.0961646,14.4299395,,viewpoint,,,,,,
50.0859848,14.4349383,Kubistický kiosek,information,,,,,,
50.0812547,14.4244015,Muzeum fantastických iluzi,museum,,,,,,
50.0786108,14.4436593,Riegrovy sady,information,,,,,,
50.0913600,14.4257915,Residence Agnes,hotel,,,,,,Small boutique hotel
50.0954691,14.4263808,Štefánikův most,information,,,,,,
50.0969881,14.4243661,Národní technické muzeum,information,,,,,,
50.1000919,14.4242011,Letenské náměstí,information,,,,,,
50.0963947,14.4488280,,viewpoint,,shelter,,,,
50.0907877,14.4059245,,artwork,,,,,,
50.0923579,14.4096087,Kunsthalle Praha,gallery,,,,,,
50.0902702,14.4203434,G'old Art Apartment,hotel,,,,,,
50.0878054,14.4037744,Miss Sophie's Charles Bridge,hotel,,,,,,
50.0847371,14.4331683,Miss Sophie's Downtown,hotel,,,,,,
50.0845114,14.4193518,Dolce Vita Suites,hotel,,,,,,
50.0845694,14.4195229,Historic Center Apartments,hotel,,,,,,
50.0795865,14.4194582,Garden Court,hotel,,,,,,
50.0874734,14.4233280,Ventana,hotel,,,,,,
50.0860666,14.4178565,Střední Čechy královské,information,,,,,,
50.0866858,14.4209325,Illusion Art,museum,,,,,,
50.0834882,14.4047622,,artwork,,,,,,
50.0757264,14.4019056,Jan Amos Komenský,artwork,,,,,,
50.0873014,14.4257373,Celetná 27 Residence,apartment,,,,,,
50.0781422,14.4268354,Hotel Prague Star,hotel,,,,,,
50.0753108,14.4286578,Muzeum Legií,museum,,,,,,
50.0748807,14.4273853,Ibis Praha Wenceslas Square,hotel,,,,,,
50.0749625,14.4276596,Novotel,hotel,,,,,,
50.0821161,14.3963539,,information,,,,,,Komplex zahrad vrchu Petřína
50.0806914,14.3982006,,information,,,,,,Zahrady Petřín
50.0900839,14.3979954,,information,,,,,,
50.0837629,14.4247658,Ambassador,hotel,,,,,,
50.0871131,14.4233784,Museum of Torture,museum,,,,,,
50.0852717,14.4239185,Thrill Park,attraction,,,,,,
50.0837708,14.4235699,Palác Euro,attraction,,,,,,
50.0815692,14.4213278,Golden Crown,hotel,,,,,,
50.0792472,14.4214316,Rámovaní,gallery,,,,,,
50.0780073,14.4322181,420welcome.inn,hotel,,,,,,"Located in Prague centre, 200 metres from Historical Building of the National Museum of Prague and 1.1 km from Municipal House, 420Welcome.Inn provides accommodation with free WiFi and a balcony.

The units come with parquet floors and feature a fully equ"
50.0740748,14.4301154,Alfons,hotel,,,,,,
50.0739791,14.4305577,,information,,,,,,
50.0743171,14.4293414,Tivoli,hotel,,,,,,
50.0961382,14.4503275,,information,,,,,,
50.0891346,14.4274315,Retro muzeum Praha,museum,,,,,,
50.0809765,14.4209610,Q Aurea,hotel,,,,,,
50.0863280,14.4233423,Historie Karlovy Univerzity,museum,,,,,,
